customerID,Contract,InternetService,MonthlyCharges,numTechTickets,Churn,Churn_Probability_%
7590-VHVEG,Month-to-month,DSL,29.85,0,No,27.0
5575-GNVDE,One year,DSL,56.95,0,No,1.0
3668-QPYBK,Month-to-month,DSL,53.85,0,Yes,67.0
7795-CFOCW,One year,DSL,42.3,3,No,17.0
9237-HQITU,Month-to-month,Fiber optic,70.7,0,Yes,81.0
9305-CDSKC,Month-to-month,Fiber optic,99.65,0,Yes,98.0
1452-KIOVK,Month-to-month,Fiber optic,89.1,0,No,4.0
6713-OKOMC,Month-to-month,DSL,29.75,0,No,10.0
7892-POOKP,Month-to-month,Fiber optic,104.8,2,Yes,93.0
6388-TABGU,One year,DSL,56.15,0,No,0.0
9763-GRSKD,Month-to-month,DSL,49.95,0,No,2.0
7469-LKBCI,Two year,No,18.95,0,No,1.0
8091-TTVAX,One year,Fiber optic,100.35,0,No,1.0
0280-XJGEX,Month-to-month,Fiber optic,103.7,4,Yes,90.0
5129-JLPIS,Month-to-month,Fiber optic,105.5,0,No,10.0
3655-SNQYZ,Two year,Fiber optic,113.25,0,No,1.0
8191-XWSZG,One year,No,20.65,0,No,4.0
9959-WOFKT,Two year,Fiber optic,106.7,4,No,35.0
4190-MFLUW,Month-to-month,DSL,55.2,0,Yes,66.0
4183-MYFRB,Month-to-month,Fiber optic,90.05,0,No,14.0
8779-QRDMV,Month-to-month,DSL,39.65,0,Yes,99.0
1680-VDCWW,One year,No,19.8,0,No,1.0
1066-JKSGK,Month-to-month,No,20.15,0,Yes,82.0
3638-WEABW,Two year,DSL,59.9,0,No,4.0
6322-HRPFA,Month-to-month,DSL,59.6,3,No,15.0
6865-JZNKO,Month-to-month,DSL,55.3,0,No,2.0
6467-CHFZW,Month-to-month,Fiber optic,99.35,4,Yes,95.0
8665-UTDHZ,Month-to-month,DSL,30.2,0,Yes,72.0
5248-YGIJN,Two year,DSL,90.25,0,No,0.0
8773-HHUOZ,Month-to-month,DSL,64.7,0,Yes,73.0
3841-NFECX,Two year,Fiber optic,96.35,0,No,0.0
4929-XIHVW,Month-to-month,Fiber optic,95.5,0,No,83.0
6827-IEAUQ,One year,DSL,66.15,0,No,0.0
7310-EGVHZ,Month-to-month,No,20.2,0,No,20.89
3413-BMNZE,Month-to-month,DSL,45.25,0,No,30.0
6234-RAAPL,Two year,Fiber optic,99.9,0,No,1.0
6047-YHPVI,Month-to-month,Fiber optic,69.7,0,Yes,77.0
6572-ADKRS,Month-to-month,Fiber optic,74.8,0,No,15.0
5380-WJKOV,Month-to-month,Fiber optic,106.35,4,Yes,98.0
8168-UQWWF,Month-to-month,Fiber optic,97.85,2,Yes,100.0
8865-TNMNX,One year,DSL,49.55,0,No,2.0
9489-DEDVP,Two year,DSL,69.2,0,No,1.0
9867-JCZSP,One year,No,20.75,0,No,1.0
4671-VJLCL,Two year,DSL,79.85,0,No,0.0
4080-IIARD,Month-to-month,DSL,76.2,0,No,4.0
3714-NTNFO,Month-to-month,Fiber optic,84.5,3,No,80.0
5948-UJZLF,Month-to-month,DSL,49.25,0,No,4.0
7760-OYPDY,Month-to-month,Fiber optic,80.65,0,Yes,92.0
7639-LIAYI,Two year,DSL,79.75,0,No,0.0
2954-PIBKO,Two year,DSL,64.15,0,No,1.0
8012-SOUDQ,Month-to-month,Fiber optic,90.25,0,No,7.0
9420-LOJKX,Month-to-month,Fiber optic,99.1,1,Yes,85.0
6575-SUVOI,Month-to-month,DSL,69.5,0,No,6.0
7495-OOKFY,Month-to-month,Fiber optic,80.65,0,Yes,84.0
4667-QONEA,One year,DSL,74.85,0,No,1.0
1658-BYGOY,Month-to-month,Fiber optic,95.45,1,Yes,97.0
8769-KKTPH,One year,Fiber optic,99.65,0,No,0.0
5067-XJQFU,One year,Fiber optic,108.45,0,No,1.0
3957-SQXML,Two year,No,24.95,0,No,1.0
5954-BDFSG,Two year,Fiber optic,107.5,0,No,3.0
0434-CSFON,Month-to-month,Fiber optic,100.5,0,No,0.0
1215-FIGMP,Month-to-month,Fiber optic,89.9,0,No,8.0
0526-SXDJP,Two year,DSL,42.1,0,No,0.0
0557-ASKVU,One year,DSL,54.4,0,No,5.0
5698-BQJOH,Month-to-month,Fiber optic,94.4,0,Yes,92.0
5122-CYFXA,Month-to-month,DSL,75.3,0,No,55.0
8627-ZYGSZ,One year,Fiber optic,78.9,3,No,15.0
3410-YOQBQ,Two year,DSL,79.2,0,No,2.0
3170-NMYVV,Two year,No,20.15,0,No,2.0
7410-OIEDU,Month-to-month,Fiber optic,79.85,0,No,5.0
2273-QCKXA,Month-to-month,DSL,49.05,0,No,10.0
0731-EBJQB,One year,No,20.4,0,No,1.0
1891-QRQSA,Two year,Fiber optic,111.6,0,No,1.0
8028-PNXHQ,Two year,No,24.25,0,No,0.0
5630-AHZIL,Month-to-month,DSL,64.5,0,No,11.0
2673-CXQEU,One year,Fiber optic,110.5,0,No,3.0
6416-JNVRK,One year,DSL,55.65,0,No,2.0
5590-ZSKRV,Month-to-month,DSL,54.65,0,No,7.0
0191-ZHSKZ,Month-to-month,DSL,74.75,0,No,3.0
3887-PBQAO,One year,No,25.9,0,No,1.0
5919-TMRGD,Month-to-month,Fiber optic,79.35,0,Yes,87.0
8108-UXRQN,Month-to-month,DSL,50.55,0,No,6.0
9191-MYQKX,Month-to-month,Fiber optic,75.15,0,Yes,87.0
9919-YLNNG,Month-to-month,Fiber optic,103.8,0,No,3.0
0318-ZOPWS,Two year,No,20.15,0,No,1.0
4445-ZJNMU,Month-to-month,Fiber optic,99.3,0,No,29.0
4808-YNLEU,One year,DSL,62.15,0,No,1.0
1862-QRWPE,Two year,No,20.65,0,No,3.0
2796-NNUFI,Two year,No,19.95,0,No,0.0
3016-KSVCP,Month-to-month,DSL,33.75,0,No,9.0
4767-HZZHQ,Month-to-month,Fiber optic,82.05,0,No,7.0
2424-WVHPL,Month-to-month,Fiber optic,74.7,0,No,39.0
7233-PAHHL,Two year,DSL,84.0,0,No,0.0
6067-NGCEU,Month-to-month,Fiber optic,111.05,0,No,2.0
9848-JQJTX,Two year,Fiber optic,100.9,0,No,1.0
8637-XJIVR,Month-to-month,Fiber optic,78.95,0,Yes,39.0
9803-FTJCG,One year,DSL,66.85,0,No,0.0
0278-YXOOG,Month-to-month,No,21.05,0,Yes,68.0
3212-KXOCR,Two year,No,21.0,0,No,1.0
4598-XLKNJ,Month-to-month,Fiber optic,98.5,1,Yes,98.0
6380-ARCEH,Month-to-month,No,20.2,0,No,32.2
3679-XASPY,Month-to-month,No,19.45,0,No,58.0
7123-WQUHX,One year,Fiber optic,95.0,0,No,1.0
5386-THSLQ,One year,DSL,45.55,0,No,1.0
3192-NQECA,Two year,Fiber optic,110.0,6,Yes,90.0
6180-YBIQI,Month-to-month,DSL,24.3,0,No,17.0
6728-DKUCO,One year,Fiber optic,104.15,0,No,1.0
9750-BOOHV,One year,DSL,30.15,0,No,0.0
8597-CWYHH,One year,Fiber optic,94.35,0,No,5.0
2848-YXSMW,Two year,No,19.4,0,No,0.0
0486-HECZI,Month-to-month,Fiber optic,96.75,5,Yes,89.0
4549-ZDQYY,One year,DSL,57.95,0,No,5.0
5712-AHQNN,Month-to-month,Fiber optic,91.65,0,No,3.0
4846-WHAFZ,Month-to-month,Fiber optic,76.5,0,Yes,87.0
5256-SKJGO,Two year,DSL,54.6,0,No,1.0
3071-VBYPO,Month-to-month,Fiber optic,89.85,0,No,14.0
9560-BBZXK,Two year,DSL,31.05,0,No,2.0
5299-RULOA,Month-to-month,Fiber optic,100.25,1,Yes,98.0
8402-OOOHJ,Two year,No,20.65,0,No,1.0
9445-ZUEQE,Month-to-month,Fiber optic,85.2,2,No,17.0
1091-SOZGA,One year,Fiber optic,99.8,0,No,1.0
2928-HLDBA,Month-to-month,No,20.7,0,No,1.0
0404-SWRVG,Month-to-month,Fiber optic,74.4,0,Yes,73.0
6497-TILVL,Month-to-month,DSL,50.7,0,No,6.0
7219-TLZHO,Month-to-month,No,20.85,0,No,15.0
4622-YNKIJ,Two year,Fiber optic,88.95,0,No,0.0
4412-YLTKF,Month-to-month,Fiber optic,78.05,0,Yes,68.0
6734-PSBAW,Two year,No,23.55,0,No,0.0
3930-ZGWVE,Month-to-month,No,19.75,0,No,48.67
2639-UGMAZ,One year,DSL,56.45,0,No,1.0
2876-GZYZC,Month-to-month,Fiber optic,85.95,0,No,31.0
6207-WIOLX,Month-to-month,DSL,58.6,1,Yes,83.0
8587-XYZSF,Two year,DSL,50.55,0,No,0.0
3091-FYHKI,Month-to-month,DSL,35.45,0,Yes,97.0
2372-HWUHI,Month-to-month,DSL,44.35,0,Yes,83.0
7799-LGRDP,Two year,No,25.7,0,No,0.0
7850-VWJUU,Month-to-month,Fiber optic,75.0,0,No,8.0
3774-VBNXY,Two year,No,20.2,0,No,0.0
6217-KDYWC,Two year,No,19.6,0,No,1.0
0390-DCFDQ,Month-to-month,Fiber optic,70.45,0,Yes,87.0
3146-MSEGF,Two year,DSL,88.05,0,No,0.0
4080-OGPJL,Month-to-month,DSL,71.15,0,Yes,60.0
1095-WGNGG,Two year,Fiber optic,101.05,0,No,0.0
2636-SJDOU,One year,Fiber optic,84.3,0,No,0.0
1131-QQZEB,Two year,No,23.95,0,No,0.0
5716-EZXZN,Two year,Fiber optic,99.05,0,No,1.0
6837-BJYDQ,One year,No,19.6,0,No,3.0
2135-RXIHG,Month-to-month,DSL,45.65,0,Yes,98.0
6440-DKQGE,One year,DSL,64.5,0,No,0.0
3466-BYAVD,Month-to-month,DSL,69.5,0,No,7.0
3780-YVMFA,Month-to-month,DSL,68.55,0,No,16.0
3874-EQOEP,Month-to-month,Fiber optic,95.0,0,Yes,92.0
1679-JRFBR,One year,Fiber optic,108.15,0,No,0.0
9073-ZZIAY,Two year,DSL,86.1,0,No,0.0
3077-RSNTJ,Month-to-month,No,19.7,0,No,9.0
6551-GNYDG,Month-to-month,Fiber optic,80.9,0,No,13.0
9167-APMXZ,Month-to-month,Fiber optic,84.15,0,No,31.0
2749-CTKAJ,One year,No,20.15,0,No,4.0
6371-NZYEG,Two year,DSL,64.25,0,No,3.0
7554-NEWDD,Two year,No,25.7,0,No,3.0
8992-VONJD,Month-to-month,DSL,56.0,0,No,3.0
0867-MKZVY,Month-to-month,Fiber optic,82.4,0,Yes,66.0
4482-EWFMI,Month-to-month,Fiber optic,69.7,0,No,28.0
4648-YPBTM,Two year,DSL,73.9,1,No,1.0
2907-ILJBN,One year,No,20.6,0,No,1.0
6345-FZOQH,Two year,No,19.9,0,No,0.0
3376-BMGFE,Month-to-month,Fiber optic,70.9,0,Yes,95.0
5997-OPVFA,Two year,DSL,89.05,0,No,0.0
3445-HXXGF,Month-to-month,DSL,45.3,5,Yes,78.0
1159-WFSGR,Month-to-month,No,20.4,0,No,3.0
7654-YWJUF,One year,Fiber optic,84.25,0,No,1.0
1875-QIVME,Month-to-month,Fiber optic,104.4,0,Yes,88.0
6727-IOTLZ,Two year,DSL,81.95,0,No,3.0
0691-JVSYA,One year,Fiber optic,94.85,5,Yes,91.0
5918-VUKWP,One year,No,20.55,0,No,2.0
1744-JHKYS,Month-to-month,No,24.7,0,No,3.0
2656-FMOKZ,Month-to-month,Fiber optic,74.45,0,Yes,89.0
2070-FNEXE,Month-to-month,Fiber optic,76.45,0,Yes,35.0
5947-SGKCL,Month-to-month,Fiber optic,105.35,0,No,10.0
3712-PKXZA,One year,No,20.55,0,No,2.0
6317-YPKDH,Month-to-month,DSL,29.95,0,Yes,77.0
6582-OIVSP,Month-to-month,DSL,45.3,0,No,44.0
9367-WXLCH,Month-to-month,Fiber optic,84.5,0,Yes,86.0
5524-KHNJP,One year,DSL,74.75,0,No,1.0
1918-ZBFQJ,Month-to-month,Fiber optic,79.25,1,Yes,90.0
1024-GUALD,Month-to-month,DSL,24.8,0,Yes,71.0
4827-USJHP,Month-to-month,DSL,51.8,0,No,0.0
8167-GJLRN,Month-to-month,DSL,30.4,0,No,13.0
0956-SYCWG,One year,No,19.65,0,No,2.0
8017-UVSZU,Month-to-month,DSL,56.6,0,No,1.0
7100-FQPRV,One year,DSL,71.9,0,No,0.0
2472-OVKUP,Month-to-month,Fiber optic,91.0,0,Yes,87.0
2984-RGEYA,Two year,No,19.75,0,No,0.0
9680-NIAUV,Two year,Fiber optic,109.7,0,No,0.0
2146-EGVDT,Two year,No,19.3,0,No,0.0
2604-IJPDU,Month-to-month,Fiber optic,96.55,0,No,2.0
9178-JHUVJ,Two year,No,24.1,0,No,7.0
6168-YBYNP,Month-to-month,Fiber optic,111.35,0,No,4.0
7255-SSFBC,Two year,Fiber optic,112.25,0,No,0.0
3645-DEYGF,Month-to-month,No,20.75,0,No,18.0
9323-HGFWY,One year,Fiber optic,101.9,0,No,3.0
8544-GOQSH,Month-to-month,Fiber optic,80.05,0,No,22.0
3363-DTIVD,Two year,Fiber optic,105.55,0,No,0.0
7018-WBJNK,Month-to-month,Fiber optic,78.3,0,No,21.0
9142-KZXOP,Month-to-month,Fiber optic,68.85,0,No,8.0
7674-YTAFD,One year,Fiber optic,79.95,0,No,3.0
6348-SNFUS,Two year,DSL,55.45,0,No,0.0
1285-OKIPP,Month-to-month,Fiber optic,79.9,0,Yes,98.0
7825-ECJRF,Month-to-month,Fiber optic,106.6,1,Yes,67.0
1347-KTTTA,One year,Fiber optic,102.45,0,No,1.0
7841-TZDMQ,Month-to-month,DSL,46.0,0,Yes,44.0
4195-NZGTA,Month-to-month,DSL,25.25,0,No,21.0
7157-SMCFK,Two year,No,19.75,0,No,3.0
4709-LKHYG,One year,No,20.0,0,No,0.0
2504-DSHIH,Month-to-month,Fiber optic,86.8,0,No,20.0
0699-NDKJM,Month-to-month,DSL,58.75,1,No,12.0
9286-BHDQG,Two year,DSL,45.25,0,No,0.0
0230-WEQUW,Two year,DSL,56.6,0,No,0.0
2040-LDIWQ,Two year,DSL,84.2,0,No,1.0
6496-JDSSB,Month-to-month,Fiber optic,80.0,0,No,34.0
9408-SSNVZ,Month-to-month,Fiber optic,70.15,0,Yes,87.0
4443-EMBNA,Two year,No,24.75,0,No,2.0
6469-MRVET,One year,No,20.2,0,No,7.0
0742-MOABM,Month-to-month,DSL,50.05,0,Yes,75.0
5961-VUSRV,One year,No,19.35,0,No,3.0
6778-JFCMK,One year,DSL,50.6,0,No,2.0
6341-JVQGF,One year,DSL,81.15,0,No,1.0
2232-DMLXU,Month-to-month,DSL,55.2,0,Yes,75.0
4811-JBUVU,Month-to-month,Fiber optic,89.9,0,No,25.0
0945-TSONX,Two year,DSL,85.3,0,No,1.0
2651-ZCBXV,Two year,Fiber optic,108.0,0,No,5.0
3316-UWXUY,Month-to-month,Fiber optic,93.5,0,No,4.0
8937-RDTHP,Month-to-month,Fiber optic,84.6,1,Yes,95.0
7083-MIOPC,Two year,No,20.25,0,No,0.0
1984-GPTEH,Month-to-month,No,25.15,0,No,4.0
1251-KRREG,Month-to-month,DSL,54.4,0,Yes,76.0
0621-JFHOL,Two year,DSL,29.6,0,No,10.0
9903-LYSAB,Month-to-month,Fiber optic,73.15,0,No,11.0
0094-OIFMO,Month-to-month,Fiber optic,95.0,0,Yes,80.0
9227-UAQFT,Two year,No,19.75,0,No,0.0
7301-ABVAD,Two year,DSL,86.6,1,No,0.0
6614-FHDBO,Two year,Fiber optic,109.2,0,No,1.0
7576-ASEJU,One year,DSL,74.7,2,No,14.0
9058-HRZSV,Month-to-month,Fiber optic,94.4,0,No,1.0
4522-AKYLR,Month-to-month,DSL,54.8,0,No,10.0
0221-WMXNQ,Month-to-month,Fiber optic,75.35,0,No,37.0
0303-UNCIP,One year,DSL,65.0,0,No,1.0
9947-OTFQU,Month-to-month,Fiber optic,74.4,0,Yes,71.0
0322-YINQP,Month-to-month,DSL,48.55,0,Yes,21.0
0959-WHOKV,One year,Fiber optic,99.0,0,No,1.0
4075-JFPGR,One year,Fiber optic,93.5,0,No,2.0
4629-NRXKX,Month-to-month,Fiber optic,70.4,0,Yes,82.0
9514-JDSKI,Month-to-month,DSL,40.2,0,Yes,86.0
3282-ZISZV,One year,DSL,83.7,0,No,1.0
3675-YDUPJ,Month-to-month,No,19.85,0,No,19.0
4111-BNXIF,Two year,DSL,59.55,0,No,0.0
7017-VFHAY,Two year,Fiber optic,115.1,0,No,0.0
6655-LHBYW,One year,Fiber optic,114.35,0,No,1.0
4959-JOSRX,Month-to-month,DSL,44.6,0,Yes,76.0
5046-NUHWD,Month-to-month,DSL,45.0,0,No,24.0
7273-TEFQD,Month-to-month,DSL,41.15,0,Yes,92.0
3606-TWKGI,Month-to-month,Fiber optic,106.9,1,Yes,97.0
7529-ZDFXI,Month-to-month,Fiber optic,89.85,0,No,5.0
7605-BDWDC,Two year,DSL,49.85,0,No,2.0
1950-KSVVJ,One year,Fiber optic,113.3,0,No,2.0
0123-CRBRT,Two year,DSL,88.1,0,No,0.0
6292-TOSSS,Two year,No,24.9,0,No,0.0
3197-ARFOY,Month-to-month,Fiber optic,105.0,0,No,7.0
6323-AYBRX,Two year,No,19.35,2,Yes,58.0
7014-ZZXAW,Two year,No,24.25,0,No,0.0
4385-GZQXV,Month-to-month,Fiber optic,94.45,1,Yes,95.0
7633-MVPUY,Two year,DSL,59.75,0,No,0.0
6366-ZGQGL,Month-to-month,DSL,24.8,0,Yes,84.0
4716-HHKQH,Month-to-month,Fiber optic,107.05,0,No,8.0
5940-AHUHD,Month-to-month,Fiber optic,70.6,0,Yes,86.0
6432-TWQLB,Month-to-month,Fiber optic,85.4,0,Yes,84.0
4484-GLZOU,Month-to-month,Fiber optic,105.05,5,Yes,95.0
3179-GBRWV,Month-to-month,DSL,64.95,0,No,3.0
8645-KWHJO,Month-to-month,DSL,55.0,0,No,12.0
4130-MZLCC,Month-to-month,DSL,50.55,0,No,54.0
0314-TKOSI,Month-to-month,DSL,55.15,0,No,9.0
8229-MYEJZ,Month-to-month,DSL,51.2,0,No,0.0
2080-SRCDE,Month-to-month,No,25.4,0,No,10.0
9577-WJVCQ,Month-to-month,DSL,54.45,0,No,4.0
9512-UIBFX,Month-to-month,Fiber optic,95.15,2,Yes,90.0
6202-DYYFX,One year,Fiber optic,76.0,0,No,13.0
3808-HFKDE,Month-to-month,DSL,44.35,0,No,22.0
5583-SXDAG,Month-to-month,Fiber optic,70.0,0,Yes,97.5
3488-PGMQJ,Month-to-month,Fiber optic,74.5,0,Yes,83.0
3580-REOAC,Month-to-month,DSL,44.85,0,Yes,75.0
7534-BFESC,Month-to-month,Fiber optic,76.1,0,Yes,71.0
3727-OWVYD,One year,DSL,61.2,0,No,1.0
2294-SALNE,One year,Fiber optic,86.8,0,No,3.0
4847-TAJYI,Month-to-month,Fiber optic,89.35,0,No,22.0
1563-IWQEX,Month-to-month,No,19.7,0,No,2.0
8203-XJZRC,Month-to-month,No,20.25,0,No,45.03
6556-DBKZF,Two year,Fiber optic,76.05,0,No,7.0
6851-WEFYX,Month-to-month,Fiber optic,100.8,0,No,5.0
2985-JUUBZ,Month-to-month,DSL,74.55,0,No,6.0
6390-DSAZX,Month-to-month,Fiber optic,73.6,0,Yes,89.0
0895-LMRSF,One year,DSL,64.9,0,No,1.0
8098-LLAZX,Month-to-month,Fiber optic,95.45,0,Yes,97.0
8266-VBFQL,Month-to-month,Fiber optic,90.4,0,No,18.0
8181-YHCMF,Two year,DSL,60.3,1,No,0.0
2240-HSJQD,Month-to-month,Fiber optic,81.85,0,No,7.0
1248-DYXUB,Two year,No,24.8,0,No,0.0
0265-EDXBD,Month-to-month,Fiber optic,74.9,0,Yes,76.0
4115-BNPJY,Two year,DSL,75.55,0,No,4.0
3167-SNQPL,Month-to-month,Fiber optic,101.15,2,No,72.0
4091-TVOCN,One year,DSL,78.75,0,No,0.0
1098-TDVUQ,Month-to-month,No,19.25,0,No,20.0
7277-OZCGZ,Month-to-month,Fiber optic,89.05,0,No,6.0
1557-EMYVT,Two year,Fiber optic,115.05,0,No,1.0
2799-ARNLO,Month-to-month,Fiber optic,69.35,0,No,19.0
7563-BIUPC,Month-to-month,Fiber optic,80.6,0,Yes,92.0
5027-YOCXN,One year,Fiber optic,110.05,0,No,6.0
3973-SKMLN,Two year,No,19.9,0,No,0.0
2321-OMBXY,One year,DSL,80.3,3,Yes,89.0
2840-XANRC,Month-to-month,Fiber optic,93.15,2,Yes,95.0
6745-JEFZB,Month-to-month,Fiber optic,91.5,0,No,13.0
5020-ZSTTY,One year,DSL,82.45,5,Yes,85.0
9880-TDQAC,Two year,DSL,60.0,0,No,2.0
8705-WZCYL,Month-to-month,DSL,44.8,0,No,30.0
7102-JJVTX,One year,DSL,48.6,0,No,5.0
8626-PTQGE,Two year,DSL,60.05,0,No,1.0
4983-CLMLV,Month-to-month,Fiber optic,102.7,0,No,4.0
5701-YVSVF,Month-to-month,Fiber optic,82.9,0,No,14.0
5804-LEPIM,Month-to-month,Fiber optic,70.35,0,Yes,90.0
5697-GOMBF,Month-to-month,DSL,35.9,0,No,15.0
2739-CACDQ,Month-to-month,Fiber optic,82.65,0,No,12.0
9385-EHGDO,Two year,No,19.85,0,No,1.0
9498-FIMXL,One year,No,19.2,0,No,2.0
2379-GYFLQ,One year,Fiber optic,94.9,0,No,2.0
0122-OAHPZ,Month-to-month,Fiber optic,73.85,0,Yes,52.0
2868-SNELZ,Month-to-month,Fiber optic,80.6,0,Yes,60.0
4322-RCYMT,One year,DSL,75.8,6,Yes,80.0
6680-NENYN,Two year,Fiber optic,104.6,4,Yes,84.0
2088-IEBAU,Two year,DSL,88.15,0,No,1.0
7982-VCELR,Month-to-month,Fiber optic,94.8,0,No,3.0
1343-EHPYB,Month-to-month,Fiber optic,103.4,4,Yes,77.0
6035-BXTTY,Month-to-month,DSL,54.65,0,No,2.0
6885-PKOAM,Two year,DSL,85.75,0,No,0.0
7520-HQWJU,Month-to-month,DSL,67.45,0,No,0.0
9639-BUJXT,One year,No,20.5,0,No,2.0
5924-SNGKP,One year,No,20.25,0,No,1.0
0021-IKXGC,Month-to-month,Fiber optic,72.1,0,No,26.0
2034-GDRCN,Month-to-month,Fiber optic,90.4,1,Yes,99.0
8966-SNIZF,Two year,No,19.45,1,No,1.0
6243-OZGFH,Month-to-month,DSL,44.95,0,No,8.0
4654-DLAMQ,One year,Fiber optic,97.0,0,No,1.0
0513-RBGPE,Two year,DSL,62.8,0,No,1.0
5160-UXJED,One year,DSL,44.6,0,No,6.0
4115-NZRKS,Month-to-month,Fiber optic,89.15,0,No,16.0
0219-YTZUE,Month-to-month,Fiber optic,84.8,0,Yes,93.0
0623-IIHUG,Month-to-month,DSL,41.9,1,Yes,87.0
4572-DVCGN,Month-to-month,Fiber optic,80.25,0,Yes,89.0
3351-NGXYI,Month-to-month,DSL,54.1,0,No,7.0
8984-EYLLL,Two year,Fiber optic,105.25,0,No,0.0
9057-MSWCO,Month-to-month,DSL,30.75,0,Yes,71.0
9833-TGFHX,One year,Fiber optic,97.1,0,No,1.0
9294-TDIPC,Month-to-month,No,20.2,0,No,0.0
5229-DTFYB,Two year,Fiber optic,98.8,0,No,0.0
0104-PPXDV,One year,DSL,50.3,0,No,0.0
5176-LMJXE,Two year,No,20.55,0,No,2.0
3583-KRKMD,Month-to-month,Fiber optic,75.9,0,No,5.0
1010-DIAUQ,Month-to-month,Fiber optic,96.5,0,Yes,82.0
9069-LGEUL,Month-to-month,DSL,59.95,0,No,8.0
7302-ZHMHP,Month-to-month,No,19.15,0,No,3.0
9571-EDEBV,One year,Fiber optic,98.65,0,No,0.0
3520-FJGCV,Two year,Fiber optic,112.6,0,No,0.0
6563-VRERX,One year,No,20.6,0,No,0.0
0259-GBZSH,Month-to-month,Fiber optic,85.65,0,Yes,80.0
6122-EFVKN,Two year,DSL,35.75,0,No,0.0
2805-EDJPQ,One year,Fiber optic,99.75,0,No,1.0
6862-CQUMB,Month-to-month,Fiber optic,96.1,0,No,3.0
7156-MXBJE,One year,DSL,85.1,0,No,0.0
6158-HDPXZ,Month-to-month,DSL,25.35,0,No,47.0
9601-BRXPO,Month-to-month,Fiber optic,104.95,2,Yes,97.0
2863-IMQDR,Two year,DSL,89.65,0,No,1.0
5686-CMAWK,One year,Fiber optic,86.75,0,No,6.0
5651-CRHKQ,One year,Fiber optic,86.2,0,No,1.0
6905-NIQIN,Month-to-month,DSL,50.65,0,Yes,53.0
8204-YJCLA,Two year,DSL,64.8,0,No,0.0
5167-ZFFMM,Month-to-month,Fiber optic,90.85,0,Yes,98.0
6583-SZVGP,Two year,Fiber optic,108.1,0,No,0.0
4895-TMWIR,Month-to-month,No,19.95,0,Yes,72.0
0533-BNWKF,Month-to-month,Fiber optic,85.45,4,Yes,93.0
1708-PBBOA,One year,DSL,54.75,0,No,1.0
8782-LKFPK,Month-to-month,Fiber optic,90.4,0,No,2.0
5522-JBWMO,Month-to-month,DSL,44.0,0,No,11.0
3597-MVHJT,Month-to-month,Fiber optic,95.6,0,No,7.0
9774-NRNAU,Month-to-month,DSL,84.8,0,No,2.0
0224-RLWWD,Month-to-month,DSL,44.3,0,No,18.0
9967-ATRFS,Month-to-month,No,19.9,0,No,3.0
3951-NJCVI,Month-to-month,Fiber optic,95.05,0,No,3.0
2977-CEBSX,Two year,DSL,90.05,0,No,0.0
0177-PXBAT,Month-to-month,Fiber optic,109.9,0,No,6.0
6599-CEBNN,Month-to-month,Fiber optic,73.95,0,Yes,83.0
2519-ERQOJ,Month-to-month,DSL,54.6,0,No,3.0
5876-QMYLD,One year,No,20.05,0,No,0.0
2277-AXSDC,One year,No,19.75,0,No,1.0
9442-JTWDL,One year,No,20.05,0,No,3.0
0979-PHULV,Month-to-month,Fiber optic,99.45,7,Yes,88.0
3067-SVMTC,One year,DSL,55.9,0,No,0.0
5495-GPSRW,Two year,No,19.7,0,No,0.0
7606-BPHHN,Two year,No,19.8,0,No,0.0
4742-DRORA,One year,Fiber optic,95.4,0,No,1.0
0111-KLBQG,Month-to-month,Fiber optic,93.95,0,No,5.0
4800-VHZKI,Month-to-month,No,19.9,0,Yes,60.5
7989-CHGTL,Month-to-month,No,19.6,0,Yes,74.0
0334-GDDSO,Month-to-month,Fiber optic,81.35,0,Yes,76.0
4163-NCJAK,One year,No,24.45,0,No,3.0
5233-AOZUF,Month-to-month,Fiber optic,74.95,0,No,12.0
5973-EJGDP,Month-to-month,Fiber optic,87.35,0,No,2.0
1996-DBMUS,Month-to-month,Fiber optic,70.65,0,No,16.0
7916-VCCPB,Month-to-month,Fiber optic,73.25,0,No,11.0
4686-GEFRM,Two year,Fiber optic,98.7,0,No,0.0
5249-QYHEX,Two year,No,24.8,0,No,1.0
0578-SKVMF,Month-to-month,Fiber optic,83.3,4,Yes,96.0
5564-NEMQO,Month-to-month,Fiber optic,75.3,0,Yes,95.0
2233-FAGXV,Month-to-month,No,24.3,0,No,25.0
5605-IYGFG,Month-to-month,Fiber optic,69.85,0,No,40.0
7663-ZTEGJ,One year,Fiber optic,100.55,0,No,4.0
3935-TBRZZ,One year,No,25.7,0,No,0.0
8111-BKVDS,Month-to-month,DSL,40.7,0,No,1.0
2055-SIFSS,Month-to-month,DSL,51.65,0,No,6.0
2806-MLNTI,One year,Fiber optic,105.1,0,No,3.0
8734-DKSTZ,Month-to-month,Fiber optic,85.95,0,No,25.0
4360-PNRQB,Month-to-month,Fiber optic,75.6,0,No,17.0
6152-ONASV,One year,DSL,58.25,0,No,1.0
9063-ZGTUY,Month-to-month,No,19.4,0,Yes,67.0
7781-HVGMK,Two year,DSL,65.2,0,No,0.0
2181-UAESM,Month-to-month,DSL,53.45,0,No,39.0
2957-LOLHO,Month-to-month,DSL,45.4,0,Yes,68.0
6048-NJXHX,Two year,No,19.75,0,No,3.0
2320-SLKMB,Month-to-month,DSL,44.45,0,No,13.0
4980-URKXC,One year,No,20.85,0,No,1.0
4376-KFVRS,Two year,Fiber optic,114.05,0,No,0.0
5886-VLQVU,Month-to-month,Fiber optic,89.85,0,No,16.0
3577-AMVUX,Month-to-month,DSL,55.05,0,No,63.0
0771-WLCLA,Month-to-month,Fiber optic,112.95,0,No,5.0
5628-RKIFK,Month-to-month,Fiber optic,101.55,0,No,2.0
0206-TBWLC,One year,Fiber optic,114.65,0,No,1.0
2937-FTHUR,Month-to-month,DSL,64.8,1,No,67.0
1910-FMXJM,Month-to-month,Fiber optic,80.4,0,No,19.0
7752-XUSCI,Month-to-month,Fiber optic,105.9,7,Yes,92.0
4110-PFEUZ,Month-to-month,Fiber optic,69.55,0,Yes,99.0
0732-OCQOC,Two year,No,25.05,0,No,3.0
5168-MSWXT,Month-to-month,Fiber optic,94.75,0,No,19.0
1090-ESELR,Two year,Fiber optic,105.5,0,No,0.0
8592-PLTMQ,One year,No,24.7,0,No,7.0
5760-WRAHC,Month-to-month,DSL,69.75,0,No,0.0
8847-GEOOQ,Month-to-month,DSL,60.2,0,No,2.0
0256-LTHVJ,Month-to-month,Fiber optic,81.05,0,Yes,68.0
4785-FCIFB,Two year,No,24.4,0,No,0.0
8313-NDOIA,Month-to-month,Fiber optic,104.15,0,No,3.0
5149-CUZUJ,One year,Fiber optic,92.9,0,No,5.0
0942-KOWSM,Two year,DSL,80.8,0,No,0.0
4237-CLSMM,Month-to-month,No,20.0,0,No,4.0
1452-VOQCH,Month-to-month,Fiber optic,75.1,0,No,33.0
4719-UMSIY,Month-to-month,No,19.65,0,No,0.0
6614-VBEGU,Month-to-month,DSL,69.45,0,No,4.0
0880-TKATG,Month-to-month,Fiber optic,101.15,0,Yes,89.0
3811-VBYBZ,Month-to-month,Fiber optic,99.8,0,Yes,93.0
1480-BKXGA,Two year,Fiber optic,116.05,6,No,10.0
2996-XAUVF,Two year,DSL,40.05,0,No,2.0
9076-AXYIK,Two year,Fiber optic,102.1,0,No,0.0
5968-XQIVE,One year,Fiber optic,89.7,0,No,3.0
8896-RAZCR,Two year,No,19.9,0,No,0.0
4640-UHDOS,Month-to-month,DSL,55.95,0,Yes,19.0
4933-IKULF,One year,No,20.65,0,No,0.0
3583-EKAPL,Month-to-month,DSL,55.0,0,Yes,70.0
1304-BCCFO,Month-to-month,DSL,70.05,0,No,35.0
4104-PVRPS,Month-to-month,DSL,53.6,0,No,15.0
9399-APLBT,Month-to-month,Fiber optic,74.7,0,Yes,94.0
2359-KMGLI,Month-to-month,Fiber optic,80.25,0,Yes,85.0
3780-DDGSE,Month-to-month,DSL,76.05,0,No,14.0
4431-EDMIQ,Month-to-month,DSL,75.7,0,No,10.0
0306-JAELE,Month-to-month,Fiber optic,96.1,0,Yes,57.0
6227-HWPWX,Month-to-month,Fiber optic,69.0,0,Yes,22.0
0486-LGCCH,Two year,No,19.65,0,No,0.0
0447-BEMNG,Month-to-month,DSL,45.3,5,Yes,87.0
4612-SSVHJ,Month-to-month,Fiber optic,81.45,0,No,14.0
5168-MQQCA,One year,Fiber optic,108.5,0,No,1.0
5949-XIKAE,Month-to-month,Fiber optic,83.55,2,Yes,96.0
7971-HLVXI,Two year,Fiber optic,84.5,0,No,6.0
9094-AZPHK,Month-to-month,Fiber optic,100.15,0,No,44.0
3649-JPUGY,Two year,DSL,88.6,2,No,6.0
4472-LVYGI,Two year,DSL,52.55,0,No,5.0
8372-JUXUI,Month-to-month,Fiber optic,74.35,0,Yes,97.0
3552-CTCYF,Two year,Fiber optic,104.8,0,No,1.0
6778-YSNIH,Month-to-month,DSL,59.0,0,No,33.0
0388-EOPEX,Month-to-month,Fiber optic,74.4,0,Yes,77.0
5756-OZRIO,One year,DSL,64.05,0,No,0.0
6579-JPICP,Month-to-month,No,20.4,0,No,0.0
8205-OTCHB,One year,DSL,43.75,0,Yes,63.0
4134-BSXLX,Month-to-month,DSL,60.9,0,No,3.0
0505-SPOOW,Two year,No,19.8,0,No,0.0
6235-VDHOM,Month-to-month,DSL,28.45,0,Yes,83.0
7783-YKGDV,Month-to-month,Fiber optic,99.7,1,Yes,95.0
4374-YMUSQ,One year,Fiber optic,116.25,0,No,1.0
4513-CXYIX,Two year,Fiber optic,80.7,0,No,5.0
3957-HHLMR,One year,DSL,65.2,0,No,0.0
7803-XOCCZ,Month-to-month,Fiber optic,84.05,0,No,5.0
5736-YEJAX,Two year,DSL,79.45,0,No,0.0
5609-CEBID,Month-to-month,Fiber optic,94.1,3,Yes,99.0
8981-FJGLA,Month-to-month,Fiber optic,78.0,0,No,50.0
7218-HKQFK,Month-to-month,Fiber optic,94.2,1,Yes,96.0
4636-QRJKY,Month-to-month,Fiber optic,80.5,0,Yes,88.0
1135-LMECX,Month-to-month,No,19.85,0,No,17.02
4332-MUOEZ,One year,Fiber optic,94.3,0,No,3.0
8535-SFUTN,Month-to-month,Fiber optic,106.45,0,No,3.0
5956-VKDTT,Month-to-month,Fiber optic,74.35,0,Yes,86.0
8677-HDZEE,Month-to-month,Fiber optic,105.45,0,No,1.0
2475-MROZF,Month-to-month,Fiber optic,95.0,0,No,5.0
9412-GHEEC,Month-to-month,Fiber optic,104.8,4,Yes,92.0
3482-ABPKK,One year,DSL,54.3,0,No,0.0
6705-LXORM,Month-to-month,Fiber optic,70.05,0,No,24.0
0257-ZESQC,Month-to-month,Fiber optic,75.2,0,Yes,32.0
7531-GQHME,Month-to-month,No,20.05,0,No,3.0
5174-ITUMV,One year,Fiber optic,105.4,0,No,1.0
4109-CYRBD,Month-to-month,DSL,51.6,0,No,9.0
0913-XWSCN,Month-to-month,Fiber optic,85.5,0,No,6.0
6825-UYPFK,Month-to-month,Fiber optic,75.6,0,Yes,86.0
8397-MVTAZ,Month-to-month,Fiber optic,100.05,3,Yes,98.0
0750-EBAIU,One year,Fiber optic,91.25,0,No,1.0
8606-CIQUL,Two year,Fiber optic,115.75,0,No,0.0
3571-DPYUH,One year,Fiber optic,94.7,0,No,1.0
7601-GNDYK,Two year,No,19.6,0,No,0.0
0356-OBMAC,Two year,Fiber optic,99.9,0,No,2.0
8067-NIOYM,Two year,No,21.1,0,No,0.0
1403-GYAFU,Two year,No,20.05,6,No,0.0
4234-XTNEA,Month-to-month,Fiber optic,79.95,0,No,44.0
1297-VQDRP,One year,Fiber optic,107.15,0,No,2.0
9282-IZGQK,Month-to-month,Fiber optic,85.0,0,Yes,95.0
5348-CAGXB,Month-to-month,Fiber optic,89.55,0,No,34.0
0621-HJWXJ,Month-to-month,Fiber optic,81.55,0,No,4.0
5844-QVTAT,One year,DSL,58.45,0,No,0.0
8905-IAZPF,One year,Fiber optic,95.65,0,No,1.0
5394-MEITZ,Two year,DSL,80.6,0,No,0.0
6859-QNXIQ,Two year,Fiber optic,113.1,0,No,0.0
2782-LFZVW,Month-to-month,DSL,58.95,0,No,10.0
2866-IKBTM,Month-to-month,No,19.55,0,No,3.0
1342-JPNKI,Month-to-month,Fiber optic,86.05,0,Yes,68.0
2817-NTQDO,Month-to-month,DSL,45.55,2,Yes,58.0
7129-AZJDE,One year,Fiber optic,78.95,0,No,5.0
6986-IJDHX,Month-to-month,Fiber optic,86.3,3,Yes,86.0
2560-PPCHE,One year,Fiber optic,105.05,0,No,0.0
4676-MQUEA,One year,Fiber optic,101.9,4,No,22.0
8138-EALND,Month-to-month,No,19.75,1,No,9.0
3580-HYCSP,Two year,Fiber optic,110.3,0,No,2.0
1352-HNSAW,Two year,Fiber optic,115.6,4,No,8.0
2075-PUEPR,Two year,No,19.35,0,No,4.0
1982-FEBTD,Two year,No,25.6,0,No,1.0
5301-GAUUY,Month-to-month,Fiber optic,80.35,0,Yes,85.0
5791-KAJFD,One year,DSL,68.75,0,No,0.0
2654-VBVPB,Month-to-month,No,19.9,0,No,13.17
1154-HYWWO,One year,DSL,70.6,0,No,1.0
2501-XWWTZ,Month-to-month,Fiber optic,70.2,0,No,23.0
3716-UVSPD,Month-to-month,DSL,49.3,0,No,16.0
6815-ABQFQ,One year,Fiber optic,107.25,0,No,3.0
7343-EOBEU,Month-to-month,No,23.6,0,No,24.0
3701-SFMUH,Month-to-month,DSL,69.7,0,No,6.0
6103-LIANB,Two year,Fiber optic,99.5,0,No,1.0
7319-VENRZ,Month-to-month,DSL,64.3,0,No,6.0
5846-NEQVZ,Two year,DSL,70.85,0,No,0.0
6967-QIQRV,One year,Fiber optic,101.9,0,No,6.0
5781-RFZRP,Two year,DSL,73.5,0,No,0.0
0939-YAPAF,Month-to-month,Fiber optic,100.25,4,Yes,99.0
0308-IVGOK,One year,DSL,40.4,0,No,1.0
7293-LSCDV,Two year,No,19.25,0,No,0.0
7025-WCBNE,Two year,DSL,59.6,0,No,4.0
5756-JYOJT,One year,DSL,64.9,0,No,6.0
4710-FDUIZ,One year,Fiber optic,100.3,5,Yes,94.0
6030-REHUX,Month-to-month,Fiber optic,110.85,0,No,1.0
9548-LIGTA,Two year,DSL,81.05,0,No,0.0
5150-LJNSR,One year,Fiber optic,98.05,0,No,6.0
8270-RKSAP,Month-to-month,Fiber optic,70.5,0,No,52.0
6522-YRBXD,Month-to-month,Fiber optic,94.55,0,No,6.0
2640-LYMOV,Month-to-month,No,19.65,0,No,10.0
1218-VKFPE,Month-to-month,No,19.0,0,Yes,64.0
3627-FHKBK,Month-to-month,Fiber optic,75.3,0,Yes,86.0
2865-TCHJW,Month-to-month,Fiber optic,89.2,0,Yes,92.0
1423-BMPBQ,Month-to-month,No,19.0,0,No,15.0
2393-DIVAI,Month-to-month,No,20.0,0,No,7.0
5192-EBGOV,Month-to-month,Fiber optic,85.7,0,Yes,74.0
4568-KNYWR,Two year,DSL,63.25,0,No,0.0
8752-IMQOS,One year,No,20.1,0,No,1.0
0742-LAFQK,Two year,Fiber optic,99.15,0,No,0.0
0795-LAFGP,Two year,DSL,90.4,0,No,0.0
0619-OLYUR,Two year,Fiber optic,111.9,0,No,0.0
5512-IDZEI,One year,No,24.9,0,No,2.0
0459-SPZHJ,Two year,DSL,83.5,2,No,15.0
0215-BQKGS,Month-to-month,Fiber optic,84.3,0,No,6.0
9244-ZVAPM,Month-to-month,DSL,45.6,0,No,32.0
0719-SYFRB,Month-to-month,DSL,61.65,1,Yes,80.0
8208-EUMTE,Two year,DSL,54.85,0,No,1.0
5172-MIGPM,Month-to-month,DSL,65.55,0,No,10.0
1710-RCXUS,One year,Fiber optic,90.35,0,No,2.0
0374-FIUCA,Two year,No,20.4,0,No,0.0
5839-SUYVZ,Month-to-month,Fiber optic,74.55,0,No,17.0
5173-ZXXXL,One year,No,19.95,0,No,10.0
1096-ADRUX,One year,Fiber optic,74.25,0,No,3.0
2001-MCUUW,Two year,Fiber optic,108.65,0,No,1.0
2731-GJRDG,One year,Fiber optic,109.55,0,No,2.0
4723-BEGSG,Two year,DSL,86.65,0,No,0.0
6516-NKQBO,Two year,DSL,81.0,0,No,1.0
8672-OAUPW,One year,DSL,47.85,0,No,1.0
8207-DMRVL,Two year,Fiber optic,114.55,0,No,0.0
3419-SNJJD,Month-to-month,Fiber optic,105.25,6,Yes,86.0
6543-CPZMK,Month-to-month,DSL,29.95,0,Yes,81.0
4765-OXPPD,Month-to-month,DSL,65.0,0,Yes,15.0
2804-ETQDK,Two year,No,20.55,0,No,0.0
6689-VRRTK,One year,Fiber optic,109.8,0,No,1.0
7138-GIRSH,Two year,DSL,69.5,0,No,0.0
9396-ZSFLL,Month-to-month,DSL,48.85,0,No,19.0
6464-KEXXH,Month-to-month,DSL,25.25,0,No,21.0
7134-MJPDY,One year,Fiber optic,102.85,0,No,2.0
5240-CAOYT,Month-to-month,Fiber optic,87.55,0,No,1.0
4059-IIEBK,Month-to-month,Fiber optic,78.55,0,No,24.0
4881-JVQOD,Month-to-month,DSL,34.55,0,No,44.0
0516-UXRMT,One year,Fiber optic,92.05,0,No,1.0
4851-BQDNX,One year,Fiber optic,85.05,0,No,12.0
5148-HKFIR,Two year,No,19.7,0,No,0.0
1009-IRMNA,Month-to-month,No,20.0,0,Yes,64.0
3003-CMDUU,Month-to-month,Fiber optic,95.15,0,No,10.0
5016-IBERQ,Month-to-month,Fiber optic,84.25,0,No,21.0
6797-UCJHZ,One year,Fiber optic,104.6,0,No,1.0
2469-DTSGX,Two year,Fiber optic,111.65,0,No,0.0
4554-YGZIH,Month-to-month,Fiber optic,90.05,3,Yes,87.0
5099-BAILX,Month-to-month,Fiber optic,110.75,4,Yes,94.0
9931-KGHOA,Month-to-month,DSL,55.0,0,No,3.0
1775-KWJKQ,Two year,DSL,89.85,0,No,0.0
7665-VIGUD,One year,No,20.35,0,No,0.0
9411-TPQQV,One year,DSL,54.55,0,No,0.0
7207-RMRDB,Month-to-month,Fiber optic,105.5,6,Yes,92.0
7954-MLBUN,Two year,Fiber optic,99.45,1,No,7.0
2077-DDHJK,Two year,DSL,70.9,0,No,0.0
4913-EHYUI,One year,Fiber optic,104.55,5,Yes,88.0
0195-IESCP,Month-to-month,Fiber optic,85.25,0,Yes,94.0
9574-BOSMD,Two year,No,25.4,0,No,0.0
4580-TMHJU,Month-to-month,DSL,56.15,0,Yes,72.0
0970-ETWGE,Month-to-month,Fiber optic,89.55,1,Yes,85.0
4908-XAXAY,One year,Fiber optic,89.85,0,No,1.0
8404-VLQFB,Month-to-month,No,25.25,0,No,9.0
1626-ERCMM,Month-to-month,Fiber optic,94.55,2,Yes,97.0
0887-HJGAR,Month-to-month,DSL,45.7,0,Yes,91.0
2391-IPLOP,One year,DSL,69.65,0,No,4.0
5644-PDMZC,Month-to-month,Fiber optic,89.5,0,Yes,81.0
3509-GWQGF,Month-to-month,Fiber optic,70.0,0,No,6.0
9576-ANLXO,Month-to-month,Fiber optic,69.55,0,Yes,92.0
2024-BASKD,Month-to-month,Fiber optic,74.6,0,Yes,90.0
5845-BZZIB,Two year,No,20.1,0,No,0.0
1140-UKVZG,Month-to-month,No,24.8,0,No,11.0
4160-AMJTL,Month-to-month,No,19.65,0,Yes,77.0
5183-SNMJQ,Month-to-month,Fiber optic,95.1,0,No,11.0
8100-PNJMH,Two year,DSL,88.85,0,No,0.0
7838-LAZFO,One year,DSL,78.8,0,No,1.0
4464-JCOLN,One year,No,19.85,0,Yes,65.0
2085-JVGAD,Month-to-month,No,20.35,0,No,3.0
5650-VDUDS,Month-to-month,DSL,24.25,0,Yes,76.0
8095-WANWK,Month-to-month,DSL,45.25,0,No,14.0
3030-ZKIWL,Month-to-month,No,20.05,0,No,11.0
9565-FLVCG,Two year,DSL,69.55,0,No,0.0
8755-OGKNA,Two year,No,19.5,0,No,0.0
2800-VEQXM,Month-to-month,Fiber optic,74.75,0,No,11.0
7538-GWHML,Month-to-month,Fiber optic,69.65,0,Yes,84.0
5533-RJFTJ,Month-to-month,DSL,30.2,0,No,10.0
3859-CVCET,Month-to-month,DSL,45.65,0,Yes,78.0
0214-JHPFW,Two year,DSL,57.8,0,No,0.0
5642-MHDQT,One year,No,19.85,0,No,4.0
3088-FVYWK,Two year,No,25.55,0,No,2.0
3276-HDUEG,Month-to-month,Fiber optic,75.05,0,Yes,79.0
9092-GDZKO,Month-to-month,No,24.85,0,No,2.0
0823-HSCDJ,Month-to-month,DSL,49.15,5,Yes,94.0
3729-OWRVL,Two year,Fiber optic,110.35,0,No,3.0
2324-AALNO,One year,No,24.55,0,No,1.0
0822-GAVAP,Month-to-month,DSL,34.7,0,Yes,95.0
5760-IFJOZ,Month-to-month,Fiber optic,107.95,0,No,21.0
2826-UWHIS,Month-to-month,Fiber optic,81.4,2,No,12.0
1448-PWKYE,Month-to-month,Fiber optic,80.0,0,Yes,93.0
7501-IWUNG,Two year,DSL,73.8,0,No,1.0
4957-TREIR,Month-to-month,DSL,64.4,0,No,6.0
7251-LJBQN,One year,Fiber optic,103.75,0,No,2.0
8040-MNRTF,Month-to-month,Fiber optic,71.1,0,No,34.0
1536-HBSWP,Month-to-month,DSL,49.9,0,No,21.0
5313-FPXWG,One year,No,24.6,0,No,1.0
0067-DKWBL,Month-to-month,DSL,49.25,0,Yes,91.0
0946-FKYTX,One year,DSL,30.1,0,No,3.0
5076-YVXCM,Month-to-month,Fiber optic,83.4,0,No,7.0
8262-COGGB,Month-to-month,No,20.45,0,No,6.0
6663-JOCQO,One year,DSL,75.25,0,No,0.0
9620-QJREV,One year,No,20.55,4,No,2.0
2276-YDAVZ,Month-to-month,Fiber optic,75.1,0,Yes,94.0
2682-KEVRP,One year,No,20.05,0,No,1.0
2480-JZOSN,Month-to-month,No,20.65,0,No,11.0
0078-XZMHT,Two year,DSL,85.15,0,No,0.0
5896-NPFWW,Month-to-month,DSL,50.15,0,Yes,88.0
9978-HYCIN,One year,Fiber optic,84.95,0,No,5.0
8338-QIUNR,Two year,DSL,66.5,0,No,1.0
1525-LNLOJ,Two year,DSL,63.3,0,No,0.0
9450-TRJUU,Month-to-month,Fiber optic,83.15,0,No,16.0
1766-GKNMI,Month-to-month,Fiber optic,84.9,0,No,24.0
6942-LBFDP,Month-to-month,No,20.55,0,No,4.0
1456-TWCGB,Month-to-month,DSL,49.25,0,No,10.0
7133-VBDCG,Month-to-month,Fiber optic,79.85,2,Yes,53.0
7596-ZYWBB,Two year,DSL,59.6,2,No,13.0
8329-UTMVM,One year,Fiber optic,104.65,0,No,2.0
3014-WJKSM,Month-to-month,Fiber optic,75.3,0,No,8.0
3347-YJZZE,Month-to-month,DSL,80.1,0,No,1.0
1029-QFBEN,Month-to-month,No,19.55,0,Yes,34.5
7929-DMBCV,Month-to-month,Fiber optic,81.0,0,No,22.0
9661-JALZV,Two year,No,24.7,0,No,0.0
5433-KYGHE,Month-to-month,Fiber optic,86.0,0,No,14.0
4312-KFRXN,Two year,No,25.4,0,No,0.0
5575-TPIZQ,Month-to-month,Fiber optic,89.15,0,No,1.0
0114-IGABW,Two year,DSL,58.25,0,No,0.0
9944-AEXBM,Month-to-month,Fiber optic,85.65,0,No,17.0
1853-ARAAQ,Month-to-month,DSL,50.35,0,No,4.0
6952-OMNWB,Month-to-month,Fiber optic,80.35,3,No,13.0
4697-LUPSU,One year,No,20.2,0,No,15.0
8434-VGEQQ,Two year,No,20.55,0,No,0.0
4952-YSOGZ,Month-to-month,Fiber optic,85.95,0,Yes,94.0
1589-AGTLK,Month-to-month,DSL,45.35,0,Yes,84.0
5244-IRFIH,Month-to-month,Fiber optic,94.5,2,Yes,96.0
6549-YMFAW,Month-to-month,No,21.25,0,No,16.0
4950-HKQTE,Two year,No,26.25,0,No,1.0
6786-OBWQR,Month-to-month,Fiber optic,80.85,0,No,17.0
2684-EIWEO,Month-to-month,Fiber optic,91.7,3,Yes,86.0
2753-JMMCV,Two year,DSL,74.2,0,No,0.0
6439-GTPCA,Month-to-month,Fiber optic,87.25,0,Yes,27.0
6621-YOBKI,Month-to-month,No,20.35,0,No,0.0
1216-JWVUX,Month-to-month,Fiber optic,75.5,0,No,12.0
7564-GHCVB,Two year,Fiber optic,79.05,0,No,2.0
1173-NOEYG,Month-to-month,Fiber optic,90.15,0,No,15.0
7595-EHCDL,Month-to-month,DSL,50.6,0,No,5.0
6647-ZEDXT,One year,Fiber optic,110.45,0,No,4.0
2521-NPUZR,Two year,Fiber optic,101.0,4,No,37.0
1307-TVUFB,Month-to-month,Fiber optic,79.35,0,No,11.0
7503-MIOGA,Two year,DSL,89.85,0,No,0.0
4381-MHQDC,Two year,DSL,65.0,0,No,2.0
6923-JHPMP,Month-to-month,Fiber optic,80.45,0,No,24.0
5138-WVKYJ,Month-to-month,Fiber optic,98.55,0,Yes,54.0
4018-PPNDW,Two year,No,24.1,0,No,0.0
1635-FJFCC,Month-to-month,DSL,44.05,0,No,11.0
2499-AJYUA,Two year,Fiber optic,110.8,0,No,0.0
6919-ELBGL,Two year,Fiber optic,114.95,0,No,0.0
3966-HRMZA,Month-to-month,Fiber optic,75.05,0,No,41.0
6425-JWTDV,Two year,No,19.25,0,No,2.0
8405-IGQFX,One year,Fiber optic,90.05,0,No,2.0
8224-IVVPA,Month-to-month,DSL,56.7,0,No,1.0
9477-LGWQI,Two year,DSL,80.15,0,No,0.0
1410-RSCMR,Month-to-month,DSL,71.35,0,No,18.0
3115-CZMZD,Two year,No,20.25,0,No,3.0
0139-IVFJG,Month-to-month,Fiber optic,90.35,0,No,16.0
6683-VLCTZ,Month-to-month,Fiber optic,98.55,3,Yes,97.0
5730-DBDSI,Two year,No,19.7,0,No,2.0
0030-FNXPP,Month-to-month,No,19.85,0,No,14.0
2189-WWOEW,Month-to-month,Fiber optic,85.9,1,Yes,95.0
5684-FJVYR,Two year,Fiber optic,90.35,0,No,1.0
4013-GUXND,Month-to-month,No,20.8,0,No,16.0
1894-IGFSG,Month-to-month,Fiber optic,89.25,3,Yes,95.0
7379-POKDZ,Month-to-month,Fiber optic,70.3,0,Yes,81.0
1266-NZYUI,Two year,DSL,66.85,0,No,3.0
7969-FFOWG,Two year,No,19.9,0,No,1.0
4718-DHSMV,Month-to-month,DSL,35.8,0,No,13.0
5175-WLYXL,Month-to-month,Fiber optic,78.85,0,No,17.0
7817-OMJNA,One year,No,20.4,0,No,7.0
8728-SKJLR,Month-to-month,Fiber optic,74.25,0,No,8.0
3137-NYQQI,One year,DSL,64.8,0,No,1.0
7706-DZNKK,Month-to-month,No,20.45,0,No,2.0
0236-HFWSV,Month-to-month,Fiber optic,93.35,1,Yes,93.0
3900-AQPHZ,Month-to-month,No,19.9,0,Yes,40.88
5842-POCOP,Month-to-month,Fiber optic,88.9,0,Yes,76.0
2037-XJFUP,One year,Fiber optic,95.8,4,Yes,96.0
8823-RLPWL,Two year,Fiber optic,110.65,0,No,0.0
9505-SQFSW,Month-to-month,DSL,40.3,0,No,12.0
7314-OXENN,Month-to-month,Fiber optic,82.0,0,Yes,85.0
3758-CKOQL,One year,Fiber optic,107.0,0,No,1.0
0322-CHQRU,Month-to-month,DSL,45.35,0,Yes,85.0
5676-CFLYY,Two year,DSL,73.35,0,No,0.0
7521-AFHAB,Month-to-month,DSL,44.8,0,No,18.0
0285-INHLN,Month-to-month,DSL,54.75,1,No,15.0
4678-DVQEO,Month-to-month,DSL,52.2,0,Yes,90.0
5125-CNDSP,One year,DSL,40.6,0,No,1.0
0691-IFBQW,One year,Fiber optic,110.0,4,Yes,87.0
4992-LTJNE,Two year,DSL,55.3,0,No,0.0
2202-OUTMO,Month-to-month,DSL,60.85,0,No,7.0
0810-BDHAW,One year,DSL,78.4,0,No,0.0
0229-LFJAF,Two year,DSL,69.65,0,No,0.0
7131-ZQZNK,Two year,DSL,59.85,0,No,0.0
3442-ZHHCC,One year,DSL,76.9,0,No,0.0
5726-CVNYA,Two year,No,19.85,0,No,12.0
9871-ELEYA,Two year,DSL,67.65,0,No,3.0
4257-GAESD,Month-to-month,DSL,45.0,0,No,51.0
5173-WXOQV,Month-to-month,DSL,64.2,0,No,13.0
2040-OBMLJ,One year,Fiber optic,81.7,0,No,3.0
6286-ZHAOK,Month-to-month,No,25.55,0,No,3.0
3807-XHCJH,Month-to-month,No,20.0,0,No,62.67
3009-JWMPU,One year,Fiber optic,96.75,6,Yes,94.0
5671-RQRLP,Two year,Fiber optic,75.65,0,No,12.0
1450-GALXR,Month-to-month,Fiber optic,98.5,2,Yes,96.0
8859-AXJZP,Two year,No,23.8,0,No,3.0
3174-AKMAS,Two year,DSL,64.2,0,No,4.0
3138-BKYAV,Month-to-month,Fiber optic,85.35,0,Yes,83.0
9926-PJHDQ,Two year,DSL,76.8,0,No,2.0
7382-DFJTU,Month-to-month,DSL,55.2,0,No,7.0
2798-NYLMZ,Two year,Fiber optic,108.55,0,No,0.0
4289-DTDKW,Month-to-month,Fiber optic,101.3,5,Yes,97.0
1820-TQVEV,Month-to-month,Fiber optic,69.55,0,Yes,100.0
2239-JALAW,One year,Fiber optic,103.25,4,Yes,95.0
4853-RULSV,Two year,Fiber optic,104.0,7,Yes,67.0
8098-TDCBU,Two year,No,25.25,0,No,2.0
3551-GAEGL,One year,DSL,30.4,0,No,2.0
4785-NKHCX,Month-to-month,No,20.05,0,No,9.0
3196-NVXLZ,Month-to-month,Fiber optic,84.6,0,No,17.0
6275-YDUVO,Month-to-month,Fiber optic,86.2,0,Yes,85.0
0036-IHMOT,One year,Fiber optic,103.7,0,No,0.0
0115-TFERT,Month-to-month,Fiber optic,111.2,2,Yes,95.0
4178-EGMON,Two year,Fiber optic,88.0,0,No,0.0
4220-TINQT,Month-to-month,Fiber optic,106.35,0,No,2.0
5318-YKDPV,Two year,DSL,79.15,0,No,0.0
7975-TZMLR,One year,Fiber optic,103.1,0,No,2.0
0295-QVKPB,Month-to-month,DSL,63.95,0,No,7.0
4335-BSMJS,Two year,No,25.8,0,No,0.0
2311-QYMUQ,Month-to-month,Fiber optic,89.45,1,Yes,92.0
3643-AHCFP,Month-to-month,Fiber optic,95.6,0,Yes,91.0
9146-JRIOX,Month-to-month,No,25.55,0,No,5.0
3104-OWCGK,One year,Fiber optic,90.95,6,Yes,71.0
5337-IIWKZ,Month-to-month,DSL,44.85,0,No,3.0
9101-BWFSS,One year,Fiber optic,108.55,5,Yes,92.0
9650-VBUOG,Two year,No,25.05,0,No,0.0
3487-EARAT,One year,DSL,74.1,0,No,1.0
2672-TGEFF,Month-to-month,Fiber optic,88.8,0,No,5.0
9231-ZJYAM,Month-to-month,Fiber optic,78.85,0,Yes,88.0
4250-WAROZ,Month-to-month,Fiber optic,93.25,3,No,18.0
8184-WMOFI,One year,DSL,71.4,0,No,0.0
6982-SSHFK,Month-to-month,DSL,44.4,0,Yes,67.0
6092-QZVPP,Month-to-month,DSL,79.2,0,No,6.0
4625-LAMOB,Two year,No,20.4,0,No,0.0
0727-BMPLR,One year,Fiber optic,100.0,5,Yes,97.0
0392-BZIUW,Two year,Fiber optic,105.0,0,No,0.0
1038-ZAGBI,One year,No,19.8,0,Yes,8.0
6549-NNDYT,Month-to-month,DSL,30.85,0,No,7.0
3027-ZTDHO,Month-to-month,Fiber optic,89.9,2,Yes,97.0
0422-OHQHQ,One year,No,20.55,0,No,1.0
6916-HIJSE,Two year,DSL,84.85,0,No,0.0
2316-ESMLS,One year,DSL,33.15,0,No,5.0
9778-OGKQZ,Two year,DSL,92.0,0,No,0.0
7408-OFWXJ,Two year,DSL,89.8,0,No,0.0
6007-TCTST,Two year,Fiber optic,115.8,0,No,0.0
2252-NKNSI,Two year,DSL,85.15,0,No,0.0
8713-IGZSO,Month-to-month,No,24.85,0,No,20.0
7905-TVXTA,Month-to-month,DSL,64.35,0,No,10.0
7695-PKLCZ,Two year,No,20.5,0,No,0.0
2382-BCKQJ,One year,Fiber optic,100.15,5,Yes,93.0
8374-UULRV,Two year,DSL,86.05,0,No,0.0
2207-NHRJK,Month-to-month,DSL,50.8,0,Yes,87.0
3224-DFQNQ,One year,Fiber optic,89.0,0,No,1.0
5275-PMFUT,Two year,DSL,64.8,0,No,0.0
4795-UXVCJ,One year,No,19.8,0,No,0.0
9777-IQHWP,Two year,Fiber optic,93.4,0,No,0.0
0947-MUGVO,Month-to-month,Fiber optic,73.65,0,Yes,86.0
9944-HKVVB,Month-to-month,Fiber optic,95.1,0,Yes,89.0
4124-MMETB,Month-to-month,Fiber optic,94.65,3,Yes,97.0
3671-SHRSP,Month-to-month,Fiber optic,80.6,0,Yes,62.0
0979-MOZQI,Two year,DSL,39.0,0,No,1.0
2732-ISEZX,Month-to-month,No,20.5,0,No,2.0
3313-QKNKB,One year,Fiber optic,85.55,0,Yes,63.0
0323-XWWTN,Two year,No,26.4,0,No,1.0
1937-OTUKY,Two year,Fiber optic,98.2,6,No,16.0
1573-LGXBA,One year,Fiber optic,97.55,0,No,0.0
1764-VUUMT,Two year,No,19.95,6,No,2.0
5073-WXOYN,Month-to-month,DSL,50.8,6,Yes,94.0
4713-ZBURT,Two year,Fiber optic,99.7,0,No,0.0
3050-GBUSH,Month-to-month,DSL,34.8,0,No,24.0
0207-MDKNV,Month-to-month,Fiber optic,105.1,0,Yes,69.0
7876-AEHIG,One year,DSL,60.15,0,No,0.0
7945-HLKEA,One year,DSL,64.75,0,No,0.0
9342-VNIMQ,Month-to-month,DSL,54.65,0,No,5.0
9851-KIELU,Month-to-month,Fiber optic,110.1,0,Yes,74.0
3523-BRGUW,One year,No,19.3,0,No,1.0
3908-BLSYF,Month-to-month,Fiber optic,83.9,0,Yes,83.0
3199-NPKCN,One year,Fiber optic,111.25,0,No,1.0
5170-PTRKA,One year,DSL,35.8,0,No,1.0
4661-NJEUX,Month-to-month,No,20.05,0,No,18.0
2123-AGEEN,Month-to-month,Fiber optic,84.35,0,No,26.0
1258-YMZNM,One year,Fiber optic,110.5,0,No,2.0
0048-LUMLS,One year,Fiber optic,91.2,0,No,2.0
7549-MYGPK,Month-to-month,Fiber optic,100.55,6,Yes,91.0
5898-IGSLP,Month-to-month,Fiber optic,89.3,0,No,3.0
3804-RVTGV,Month-to-month,Fiber optic,103.85,5,Yes,92.0
6259-WJQLC,Month-to-month,Fiber optic,81.1,0,No,16.0
9227-LUNBG,Month-to-month,DSL,24.6,0,Yes,74.0
7997-EASSD,One year,Fiber optic,81.2,2,No,2.0
0730-KOAVE,Month-to-month,Fiber optic,94.3,0,No,4.0
8975-SKGRX,Two year,Fiber optic,116.1,0,No,0.0
0678-RLHVP,Two year,Fiber optic,105.55,0,No,2.0
4315-MURBD,Month-to-month,Fiber optic,98.9,2,Yes,95.0
2267-FPIMA,Month-to-month,Fiber optic,94.4,0,No,2.0
1051-GEJLJ,Month-to-month,No,19.5,0,No,5.83
9734-YWGEX,Month-to-month,Fiber optic,98.3,0,Yes,86.0
2719-BDAQO,Month-to-month,Fiber optic,93.85,1,Yes,95.0
5285-MVEHD,One year,Fiber optic,105.6,0,No,1.0
0379-DJQHR,Two year,DSL,81.35,0,No,0.0
0781-LKXBR,Month-to-month,Fiber optic,100.5,0,Yes,91.0
5543-QDCRY,Month-to-month,DSL,56.4,0,No,10.0
0297-RBCSG,One year,DSL,65.35,0,No,14.0
4694-PHWFW,Month-to-month,No,19.95,0,No,0.0
0835-JKADZ,Two year,Fiber optic,111.25,0,No,0.0
1907-UBQFC,Month-to-month,Fiber optic,72.85,0,Yes,86.0
7508-SMHXL,Month-to-month,Fiber optic,89.0,0,No,13.0
3865-YIOTT,One year,Fiber optic,106.1,0,No,0.0
5993-BQHEA,One year,No,20.05,0,No,0.0
6024-RUGGH,Two year,No,25.2,0,No,0.0
6513-EECDB,Month-to-month,Fiber optic,73.55,0,Yes,94.0
3956-CJUST,Month-to-month,Fiber optic,75.4,0,No,15.0
4079-WWQQQ,Two year,DSL,65.55,0,No,0.0
6103-BOCOU,Month-to-month,Fiber optic,80.7,0,No,20.0
5149-TGWDZ,One year,Fiber optic,104.55,0,No,5.0
7471-WNSUF,One year,No,24.15,0,No,0.0
8942-DBMHZ,Month-to-month,No,20.45,0,No,10.0
4301-VVZKA,Month-to-month,Fiber optic,75.4,0,No,14.0
9199-PWQVC,One year,DSL,79.7,0,No,2.0
4824-GUCBY,Month-to-month,Fiber optic,81.7,0,No,5.0
5393-HJZSM,Month-to-month,DSL,76.3,0,No,1.0
7074-IEVOJ,Month-to-month,Fiber optic,79.4,0,Yes,69.0
9625-QSTYE,Month-to-month,Fiber optic,81.15,1,Yes,89.0
0862-PRCBS,Two year,Fiber optic,103.75,0,No,0.0
8812-ZRHFP,One year,Fiber optic,86.45,0,No,10.0
5146-CBVOE,Month-to-month,Fiber optic,75.1,0,No,9.0
0454-OKRCT,Two year,Fiber optic,80.6,0,No,2.0
5787-KXGIY,Two year,No,19.3,0,No,0.0
4750-ZRXIU,Month-to-month,Fiber optic,84.6,0,Yes,98.0
4198-VFOEA,One year,DSL,33.6,0,No,1.0
6630-UJZMY,Month-to-month,Fiber optic,83.25,0,No,33.0
5709-LVOEQ,Two year,DSL,80.85,0,No,5.0
6400-BWQKW,Month-to-month,Fiber optic,79.05,0,Yes,20.0
2692-AQCPF,One year,Fiber optic,108.05,0,No,0.0
0347-UBKUZ,Month-to-month,No,19.9,0,No,4.0
0835-DUUIQ,One year,No,21.05,0,No,5.0
0811-GSDTP,Month-to-month,DSL,30.15,0,No,8.0
7567-ECMCM,Month-to-month,Fiber optic,79.85,0,No,15.0
6115-ZTBFQ,Two year,DSL,65.5,0,No,0.0
6353-BRMMA,Month-to-month,Fiber optic,104.1,0,No,2.0
6680-WKXRZ,Month-to-month,Fiber optic,74.4,0,Yes,90.0
6231-WFGFH,Month-to-month,No,20.5,0,No,8.0
9904-EHEVJ,Month-to-month,Fiber optic,91.35,0,No,2.0
7028-DVOIQ,Month-to-month,Fiber optic,99.05,1,Yes,94.0
6169-PPETC,Two year,No,20.5,0,No,0.0
4208-UFFGW,Month-to-month,DSL,44.95,0,Yes,82.0
8584-KMVXD,Month-to-month,Fiber optic,75.6,0,No,18.0
8467-WYNSR,Month-to-month,DSL,55.1,0,No,8.0
0851-DFJKB,Month-to-month,DSL,58.95,0,No,4.0
5382-SOYZL,Month-to-month,Fiber optic,95.1,0,No,2.0
9448-REEVD,Month-to-month,DSL,44.7,0,Yes,75.0
3261-CQXOL,Two year,No,25.45,0,No,0.0
8388-FYNPZ,Month-to-month,DSL,56.75,0,No,22.0
4002-BQWPQ,Month-to-month,DSL,81.75,0,No,2.0
5651-YLPRD,Month-to-month,Fiber optic,86.1,0,No,8.0
2826-DXLQO,Month-to-month,DSL,29.8,0,No,35.0
4378-BZYFP,One year,No,20.5,0,No,2.0
9489-UTFKA,Month-to-month,DSL,60.9,0,No,12.0
4849-PYRLQ,Two year,DSL,73.25,0,No,0.0
9117-SHLZX,Month-to-month,DSL,45.7,0,Yes,91.0
9889-TMAHG,Month-to-month,Fiber optic,100.3,1,Yes,75.0
4541-RMRLG,Month-to-month,No,19.25,0,Yes,64.0
7764-BDPEE,Month-to-month,No,20.85,0,No,4.0
3429-IFLEM,Two year,DSL,77.35,0,No,0.0
3158-MOERK,Month-to-month,Fiber optic,96.0,1,Yes,99.0
7294-TMAOP,Month-to-month,Fiber optic,90.55,0,Yes,98.0
5002-GCQFH,Month-to-month,Fiber optic,93.85,0,No,2.0
0556-FJEGU,Two year,DSL,70.1,0,No,0.0
8919-FYFQZ,Month-to-month,DSL,30.35,0,Yes,66.0
0604-THJFP,Two year,DSL,75.95,0,No,0.0
2834-JRTUA,Two year,Fiber optic,108.05,8,Yes,84.0
5875-YPQFJ,Month-to-month,Fiber optic,69.9,0,Yes,69.21
5879-SESNB,Month-to-month,Fiber optic,75.25,0,No,15.0
6646-QVXLR,One year,Fiber optic,103.75,6,Yes,95.0
6461-PPAXN,One year,DSL,54.95,0,No,2.0
3318-ISQFQ,Month-to-month,No,19.5,0,No,2.0
1106-HRLKZ,Two year,No,19.6,0,No,0.0
2483-XSSMZ,One year,DSL,47.85,0,No,3.0
8603-IJWDN,Month-to-month,Fiber optic,86.6,0,Yes,99.0
8165-ZJRNM,Two year,No,23.75,0,No,0.0
9369-XFEHK,Month-to-month,Fiber optic,80.6,0,Yes,82.0
2604-XVDAM,Month-to-month,DSL,43.8,0,No,3.0
3717-OFRTN,Month-to-month,No,19.75,0,No,9.75
9046-JBFWA,Month-to-month,No,19.15,0,No,1.0
3280-NMUVX,One year,No,19.6,0,No,0.0
1206-EHBDD,Two year,Fiber optic,80.3,0,No,0.0
8361-LBRDI,Two year,No,24.35,0,No,0.0
4883-KCPZJ,Two year,No,25.25,0,No,0.0
9108-EQPNQ,Two year,No,26.1,0,No,0.0
7277-KAMWT,Two year,No,20.0,0,No,0.0
3842-IYKUE,Month-to-month,Fiber optic,85.3,0,Yes,69.0
6641-XRPSU,Month-to-month,Fiber optic,70.0,0,Yes,43.0
1374-DMZUI,Month-to-month,Fiber optic,94.3,2,Yes,99.0
2545-LXYVJ,Two year,No,20.7,0,No,0.0
3234-VKACU,Month-to-month,DSL,70.3,0,No,21.0
8357-EQXFO,Month-to-month,Fiber optic,95.35,0,Yes,93.0
1989-PRJHP,Month-to-month,Fiber optic,75.5,0,Yes,76.0
8120-JDCAM,Month-to-month,Fiber optic,69.55,0,No,41.0
8917-FAEMR,Two year,No,19.85,0,No,0.0
7047-YXDMZ,Month-to-month,No,20.0,0,No,1.0
2858-EIMXH,One year,Fiber optic,95.85,0,No,8.0
9524-EGPJC,Month-to-month,Fiber optic,90.1,0,Yes,79.0
6993-OHLXR,Month-to-month,Fiber optic,68.95,0,Yes,90.0
8818-XYFCQ,Month-to-month,Fiber optic,99.55,3,Yes,86.0
6419-ZTTLE,One year,No,20.75,0,No,4.0
0929-HYQEW,Month-to-month,DSL,50.15,0,No,12.0
6614-YOLAC,Two year,DSL,58.65,0,No,0.0
7426-RHZGU,Month-to-month,Fiber optic,95.9,0,No,13.0
4065-JJAVA,Month-to-month,DSL,49.5,0,No,6.0
4695-VADHF,Month-to-month,DSL,57.45,2,Yes,84.0
3863-IUBJR,One year,DSL,53.65,0,Yes,72.0
7649-SIJJF,Two year,DSL,80.1,0,No,0.0
9361-YNQWJ,One year,No,24.4,0,No,0.0
3748-FVMZZ,Month-to-month,DSL,40.05,0,No,13.0
9391-TTOYH,Month-to-month,No,19.5,2,No,2.0
1452-XRSJV,Month-to-month,DSL,51.05,0,No,6.0
3422-WJOYD,One year,DSL,54.35,2,No,13.0
8242-SOQUO,Month-to-month,Fiber optic,84.7,0,No,48.0
7460-ITWWP,Month-to-month,Fiber optic,86.1,0,No,6.0
7147-AYBAA,Month-to-month,Fiber optic,70.35,0,No,17.0
7868-TMWMZ,Two year,Fiber optic,110.0,0,No,2.0
4822-RVYBB,Month-to-month,Fiber optic,100.6,0,Yes,96.0
6732-FZUGP,One year,Fiber optic,94.9,0,No,2.0
8436-BJUMM,Month-to-month,Fiber optic,83.75,0,Yes,71.0
4184-TJFAN,Month-to-month,Fiber optic,88.3,0,Yes,81.0
8329-GWVPJ,Month-to-month,Fiber optic,69.75,0,No,20.0
1352-VHKAJ,Month-to-month,DSL,71.6,0,No,5.0
4145-UQXUQ,Month-to-month,Fiber optic,92.1,0,Yes,79.0
2632-TACXW,Two year,No,23.65,0,No,0.0
8146-QQKZH,Two year,DSL,81.85,0,No,1.0
1767-CJKBA,Two year,No,25.1,0,No,0.0
6445-TNRXS,Two year,Fiber optic,114.7,0,No,0.0
4581-LNWUM,Month-to-month,DSL,49.15,0,No,10.0
4869-EPIUS,One year,Fiber optic,80.9,0,No,25.0
9948-YPTDG,Month-to-month,Fiber optic,79.45,4,Yes,81.0
1236-WFCDV,Month-to-month,Fiber optic,90.45,1,Yes,95.0
1915-OAKWD,One year,No,19.3,0,No,14.0
7296-PIXQY,Month-to-month,Fiber optic,70.2,0,No,38.0
4883-QICIH,Month-to-month,Fiber optic,69.75,0,Yes,73.0
3354-OADJP,One year,DSL,54.25,0,No,4.0
3524-WQDSG,Month-to-month,Fiber optic,99.3,0,No,2.0
0810-DHDBD,One year,DSL,74.0,0,No,0.0
4026-SKKHW,Month-to-month,DSL,50.25,0,No,19.0
2829-HYVZP,One year,No,19.8,0,No,0.0
8329-IBCTI,Month-to-month,No,19.65,0,Yes,11.0
1271-SJBGZ,Month-to-month,DSL,43.65,1,Yes,86.0
3845-JHAMY,Month-to-month,DSL,35.5,0,No,18.0
7013-PSXHK,One year,DSL,80.75,1,No,11.0
5669-SRAIP,Month-to-month,DSL,39.5,0,Yes,89.0
5981-ITEMU,Month-to-month,Fiber optic,97.1,4,Yes,91.0
3486-NPGST,One year,No,19.55,0,No,0.0
6941-PMGEP,Month-to-month,Fiber optic,80.0,0,Yes,76.0
1624-WOIWJ,Month-to-month,Fiber optic,84.7,1,Yes,87.0
2074-GKOWZ,Month-to-month,Fiber optic,89.55,0,Yes,93.0
0376-YMCJC,Month-to-month,Fiber optic,90.6,0,Yes,85.0
6100-FJZDG,One year,No,20.05,0,No,1.0
4829-ZLJTK,Two year,Fiber optic,112.4,0,No,3.0
1730-VFMWO,Month-to-month,DSL,50.2,0,No,2.0
7143-BQIBA,Month-to-month,DSL,62.25,0,No,9.0
3800-LYTRK,One year,DSL,55.7,0,No,1.0
0634-SZPQA,Month-to-month,Fiber optic,90.05,2,Yes,85.0
9646-NMHXE,Two year,No,19.65,0,No,0.0
7030-NJVDP,Month-to-month,Fiber optic,89.25,0,No,2.0
5536-RTPWK,Month-to-month,Fiber optic,99.05,4,Yes,96.0
8883-GRDWQ,One year,DSL,54.0,0,No,2.0
6166-ILMNY,Month-to-month,Fiber optic,69.75,0,Yes,97.0
3097-NNSPB,Month-to-month,DSL,49.05,0,Yes,78.0
7771-ZONAT,Two year,DSL,56.75,0,No,1.0
0655-RBDUG,Month-to-month,Fiber optic,98.05,2,Yes,98.0
2111-DWYHN,Month-to-month,No,21.1,0,No,34.0
4194-WHFCB,Month-to-month,Fiber optic,96.65,0,No,5.0
4121-AGSIN,One year,No,24.5,0,No,0.0
4361-BKAXE,Month-to-month,Fiber optic,114.5,4,Yes,98.0
9845-PEEKO,Two year,Fiber optic,79.2,0,No,8.0
0455-XFASS,Month-to-month,Fiber optic,69.55,0,No,48.0
0301-KOBTQ,Two year,No,20.05,0,No,0.0
1751-NCDLI,Month-to-month,Fiber optic,98.85,0,No,1.0
4367-NUYAO,Two year,No,25.75,0,No,0.0
9878-TNQGW,Month-to-month,Fiber optic,80.95,0,Yes,91.0
9170-ARBTB,One year,No,19.6,0,No,0.0
4441-NIHPT,Month-to-month,Fiber optic,74.3,1,Yes,95.0
8999-BOHSE,Month-to-month,Fiber optic,89.7,1,Yes,96.0
7241-AJHFS,Month-to-month,Fiber optic,87.65,0,No,14.0
7029-RPUAV,Month-to-month,Fiber optic,100.45,1,Yes,93.0
4546-FOKWR,Month-to-month,Fiber optic,74.75,0,No,27.0
9036-CSKBW,One year,Fiber optic,107.45,1,No,27.0
5832-TRLPB,One year,DSL,75.35,0,No,1.0
8590-YFFQO,Two year,DSL,64.95,0,No,0.0
8659-IOOPU,Two year,Fiber optic,100.45,0,No,1.0
1338-CECEE,One year,DSL,68.5,0,No,1.0
7439-DKZTW,Month-to-month,Fiber optic,80.55,0,No,37.0
4646-QZXTF,Month-to-month,DSL,81.25,0,No,10.0
4607-CHPCA,One year,Fiber optic,90.4,1,Yes,63.0
9742-XOKTS,One year,Fiber optic,89.55,0,No,1.0
6921-OZMFH,Month-to-month,DSL,55.7,0,No,21.0
9578-FOMUK,Month-to-month,No,24.8,0,No,5.0
4712-UYOOI,Month-to-month,No,20.0,0,No,2.0
8824-RWFXJ,Month-to-month,DSL,56.15,0,Yes,82.0
7722-CVFXN,One year,Fiber optic,105.2,0,No,3.0
8717-VCTXJ,One year,No,19.55,0,No,0.0
7363-QTBIW,Month-to-month,Fiber optic,79.75,0,No,24.0
4159-NAAIX,Two year,Fiber optic,97.45,0,No,1.0
0971-QIFJK,Two year,No,24.25,0,No,0.0
9397-TZSHA,Two year,No,24.6,0,No,0.0
3391-JSQEW,Month-to-month,DSL,50.15,0,No,8.0
0343-QLUZP,Two year,DSL,39.6,0,No,0.0
9763-PDTKK,Month-to-month,Fiber optic,94.4,0,Yes,77.0
2176-LVPNX,Two year,DSL,89.85,0,No,0.0
7627-JKIAZ,Month-to-month,Fiber optic,78.95,0,Yes,63.0
3312-UUMZW,Month-to-month,Fiber optic,98.85,2,No,33.0
1271-UODNO,Two year,DSL,53.85,0,No,6.0
8461-EFQYM,One year,No,24.25,0,No,2.0
6900-RBKER,Two year,Fiber optic,89.45,0,No,0.0
6891-JPYFF,Month-to-month,Fiber optic,105.25,0,No,1.0
1459-QNFQT,Two year,DSL,59.5,0,No,0.0
1047-NNCBF,Month-to-month,Fiber optic,70.55,0,No,8.0
3696-XRIEN,One year,DSL,82.5,0,No,0.0
4081-DYXAV,One year,DSL,44.85,0,Yes,74.0
0074-HDKDG,One year,DSL,61.6,0,No,1.0
8791-GFXLZ,Month-to-month,DSL,49.05,0,No,8.0
8111-SLLHI,Month-to-month,Fiber optic,105.65,3,Yes,95.0
0927-LCSMG,Month-to-month,Fiber optic,74.65,0,Yes,74.0
9330-DHBFL,One year,DSL,66.25,0,No,1.0
0098-BOWSO,Month-to-month,No,19.4,0,No,4.0
3452-ABWRL,Month-to-month,Fiber optic,86.05,0,No,11.0
5859-HZYLF,Two year,No,19.15,0,No,0.0
8257-RZAHR,Month-to-month,DSL,64.7,0,Yes,66.0
5293-WXJAK,Month-to-month,Fiber optic,104.05,1,Yes,98.0
3156-QLHBO,Month-to-month,No,19.25,0,No,5.0
2208-NQBCT,Month-to-month,Fiber optic,81.95,0,No,2.0
1779-PWPMG,Two year,Fiber optic,114.65,0,No,0.0
6621-NRZAK,Two year,No,20.0,0,No,0.0
0831-JNISG,Two year,No,19.8,3,No,0.0
0774-IFUVM,Month-to-month,DSL,65.15,0,No,11.0
3082-WQRVY,One year,No,19.65,0,No,5.0
9553-DLCLU,Two year,DSL,88.95,0,No,0.0
1641-BYBTK,Month-to-month,No,20.2,0,No,4.0
2460-NGXBJ,Month-to-month,Fiber optic,75.2,0,No,22.0
2446-ZKVAF,Month-to-month,DSL,56.8,0,No,4.0
0841-NULXI,Month-to-month,DSL,35.55,0,Yes,97.0
3522-CDKHF,Month-to-month,Fiber optic,75.5,0,No,8.0
1430-SFQSA,One year,DSL,35.6,0,No,0.0
0411-EZJZE,Month-to-month,DSL,60.25,0,No,17.0
7851-WZEKY,Month-to-month,Fiber optic,95.15,0,Yes,94.0
8844-TONUD,Month-to-month,Fiber optic,96.65,1,Yes,79.0
8807-ARQET,Month-to-month,DSL,40.35,0,No,8.0
8992-CEUEN,Month-to-month,No,18.85,0,No,14.0
4320-QMLLA,Month-to-month,DSL,54.85,0,No,13.0
8777-PVYGU,One year,DSL,64.3,0,No,1.0
8292-ITGYJ,Two year,No,24.65,0,No,0.0
6870-ZWMNX,Two year,DSL,76.1,0,No,0.0
0621-CXBKL,Two year,No,18.7,0,No,1.0
5268-DSMNQ,One year,Fiber optic,97.95,0,No,0.0
5334-JLAXU,Month-to-month,Fiber optic,94.1,5,No,64.0
4086-YQSNZ,Month-to-month,Fiber optic,80.4,0,Yes,86.0
6242-MBHPK,Month-to-month,Fiber optic,95.1,0,No,6.0
5868-CZJDR,Month-to-month,DSL,31.35,0,Yes,43.0
9359-UGBTK,One year,DSL,72.35,0,No,0.0
0135-NMXAP,Month-to-month,Fiber optic,89.75,1,Yes,89.0
4782-OSFXZ,Two year,DSL,82.7,0,No,0.0
6479-OAUSD,One year,No,19.9,0,No,0.0
7129-ACFOG,Month-to-month,DSL,53.8,0,No,3.0
4189-NAKJS,One year,DSL,51.55,0,No,1.0
5562-BETPV,One year,No,19.65,0,No,10.0
1282-IHQAC,One year,DSL,44.05,0,No,0.0
9127-FHJBZ,Two year,Fiber optic,114.0,0,No,0.0
6270-OMFIW,One year,Fiber optic,94.4,7,Yes,85.0
1641-RQDAY,Month-to-month,Fiber optic,100.4,0,No,0.0
0107-WESLM,Month-to-month,No,19.85,0,Yes,18.67
6994-ORCWG,One year,DSL,54.25,0,No,13.0
1346-UFHAX,Month-to-month,Fiber optic,80.0,0,No,11.0
3992-YWPKO,Month-to-month,Fiber optic,109.9,0,Yes,52.0
2933-XEUJM,Two year,DSL,79.2,0,No,0.0
0125-LZQXK,Month-to-month,Fiber optic,101.35,1,Yes,92.0
5461-QKNTN,Month-to-month,Fiber optic,94.3,0,No,2.0
4835-YSJMR,Two year,DSL,49.8,0,No,3.0
8399-YNDCH,Month-to-month,DSL,60.05,2,Yes,62.0
3164-YAXFY,Month-to-month,DSL,53.75,0,No,3.0
0887-WBJVH,One year,Fiber optic,93.45,3,No,48.0
4660-IRIBM,Month-to-month,Fiber optic,87.9,0,No,9.0
5673-FSSMF,Month-to-month,DSL,60.15,0,Yes,82.0
7670-ZBPOQ,One year,DSL,61.05,0,No,1.0
8089-UZWLX,Two year,Fiber optic,104.05,0,No,4.0
0080-OROZO,One year,Fiber optic,99.25,0,No,6.0
3916-NRPAP,Month-to-month,Fiber optic,85.7,0,No,20.0
6807-SIWJI,One year,Fiber optic,104.85,0,No,1.0
8221-HVAYI,Two year,DSL,69.15,0,No,0.0
1579-KLYDT,Month-to-month,Fiber optic,90.45,0,Yes,76.0
5232-NXPAY,Two year,DSL,74.45,0,No,3.0
8967-SZQAS,Month-to-month,DSL,50.45,0,No,4.0
4468-KAZHE,Month-to-month,DSL,60.0,1,No,61.0
0455-ENTCR,Two year,DSL,85.25,2,No,9.0
8944-AILEF,Month-to-month,No,19.45,0,No,17.0
5542-NKVRU,Two year,No,20.75,0,No,2.0
7126-RBHSD,Month-to-month,Fiber optic,78.9,0,No,43.0
5370-IIVVL,One year,Fiber optic,104.5,0,No,0.0
6789-HJBWG,Month-to-month,DSL,49.4,0,No,19.0
3927-NLNRY,One year,Fiber optic,94.25,5,Yes,92.0
9087-EYCPR,Two year,No,25.0,0,No,0.0
6791-YBNAK,Month-to-month,DSL,25.55,0,No,8.0
6358-LYNGM,Month-to-month,Fiber optic,74.9,0,Yes,94.0
6077-BDPXA,Month-to-month,Fiber optic,70.15,0,No,33.0
0013-MHZWF,Month-to-month,DSL,69.4,0,No,13.0
5494-HECPR,Month-to-month,Fiber optic,80.25,0,Yes,91.0
8268-YDIXR,One year,Fiber optic,93.15,0,No,1.0
9824-BEMCV,Month-to-month,Fiber optic,69.0,0,Yes,49.0
1373-ORVIZ,Month-to-month,DSL,66.35,0,Yes,65.0
4291-SHSBH,Month-to-month,Fiber optic,69.55,0,No,15.0
6980-IMXXE,Two year,No,20.2,0,No,0.0
9866-QEVEE,Month-to-month,Fiber optic,86.0,0,Yes,74.0
9897-KXHCM,Month-to-month,Fiber optic,80.3,0,Yes,49.0
0040-HALCW,Two year,No,20.4,0,No,1.0
0784-GTUUK,One year,No,23.75,0,No,0.0
7979-CORPM,Month-to-month,Fiber optic,90.55,3,Yes,99.0
2294-DMMUS,Month-to-month,DSL,70.45,0,No,11.0
0872-JCPIB,Month-to-month,DSL,65.75,0,No,6.0
3055-MJDSB,Month-to-month,DSL,24.6,0,No,46.0
9091-WTUUY,Two year,DSL,69.25,0,No,0.0
1618-CFHME,Month-to-month,Fiber optic,75.9,0,Yes,73.0
3165-HDOEW,Month-to-month,DSL,45.85,0,Yes,88.0
6581-NQCBA,Month-to-month,DSL,49.95,1,Yes,88.0
7115-IRDHS,Two year,No,24.65,0,No,0.0
8496-DMZUK,One year,Fiber optic,90.4,2,No,18.0
2040-VZIKE,Month-to-month,Fiber optic,100.85,0,No,3.0
9068-VPWQQ,Two year,DSL,75.35,0,No,0.0
0178-SZBHO,Month-to-month,Fiber optic,87.2,0,No,4.0
0384-RVBPI,Month-to-month,DSL,64.4,0,No,3.0
1689-MRZQR,Month-to-month,Fiber optic,78.3,0,Yes,75.0
1299-AURJA,Two year,No,24.7,0,No,0.0
4525-VZCZG,One year,Fiber optic,105.85,0,No,3.0
1543-LLLFT,One year,Fiber optic,98.3,0,No,1.0
5835-BEQEU,Month-to-month,Fiber optic,76.95,0,Yes,94.0
2788-CJQAQ,One year,No,19.45,0,No,0.0
5565-FILXA,Month-to-month,Fiber optic,96.15,0,Yes,80.0
0319-QZTCO,Month-to-month,DSL,58.7,0,No,9.0
2120-SMPEX,Month-to-month,No,20.15,0,No,0.0
0096-FCPUF,Month-to-month,DSL,64.5,0,No,2.0
0668-OGMHD,Month-to-month,DSL,28.5,0,No,33.0
5552-ZNFSJ,Month-to-month,DSL,45.3,0,Yes,99.0
2223-KAGMX,Month-to-month,No,19.4,0,Yes,41.0
6507-ZJSUR,Month-to-month,Fiber optic,90.45,0,No,5.0
9408-HRXRK,Month-to-month,Fiber optic,105.15,0,No,1.0
5593-SUAOO,One year,Fiber optic,83.15,0,No,3.0
7321-PKUYW,Month-to-month,Fiber optic,90.15,0,Yes,82.0
2833-SLKDQ,Month-to-month,DSL,45.05,0,Yes,71.0
6766-HFKLA,Two year,Fiber optic,103.2,0,No,1.0
7595-EUIVN,Month-to-month,Fiber optic,75.8,0,Yes,85.0
7617-EYGLW,Month-to-month,No,19.45,0,No,13.0
2026-TGDHM,Month-to-month,Fiber optic,79.3,0,Yes,89.0
9220-ZNKJI,Two year,Fiber optic,88.8,0,No,1.0
4030-VPZBD,Month-to-month,DSL,30.9,0,Yes,81.0
2226-ICFDO,Two year,DSL,85.9,4,No,5.0
0723-VSOBE,One year,DSL,34.2,0,No,7.0
5529-GIBVH,Two year,No,20.15,0,No,0.0
4187-CINZD,One year,Fiber optic,95.25,6,Yes,93.0
9992-UJOEL,Month-to-month,DSL,50.3,0,No,18.0
4741-WWJQZ,Month-to-month,Fiber optic,80.15,0,No,62.0
6625-UTXEW,Month-to-month,DSL,51.25,0,No,10.0
6818-WOBHJ,Month-to-month,Fiber optic,89.6,6,Yes,61.0
6244-BESBM,Two year,Fiber optic,95.2,5,No,16.0
1004-NOZNR,One year,Fiber optic,94.8,0,No,0.0
1251-STYSZ,Month-to-month,Fiber optic,80.25,0,No,15.0
2612-PHGOX,Two year,DSL,76.1,0,No,0.0
2408-TZMJL,One year,Fiber optic,110.15,6,Yes,93.0
8480-PPONV,Two year,Fiber optic,115.55,0,No,0.0
8780-IHCRN,Two year,No,24.65,0,No,0.0
4598-ZADCK,One year,DSL,53.6,0,No,1.0
1257-SXUXQ,Month-to-month,No,19.45,0,No,10.0
9681-KYGYB,Month-to-month,Fiber optic,88.2,0,No,1.0
7182-OVLBJ,Two year,Fiber optic,101.15,0,No,1.0
5095-ETBRJ,Two year,DSL,56.8,0,No,1.0
7005-CYUIL,Two year,Fiber optic,99.4,0,No,0.0
4821-WQOYN,Two year,No,20.1,0,No,4.0
4730-AWNAU,One year,DSL,60.7,0,No,0.0
3452-FLHYD,One year,No,20.95,0,No,2.0
2388-LAESQ,Two year,Fiber optic,114.85,0,No,0.0
9531-NSBMR,One year,No,19.25,2,No,3.0
6260-ONULR,Month-to-month,DSL,62.8,0,No,29.0
4389-UEFCZ,Two year,Fiber optic,105.5,0,No,0.0
8711-LOBKY,Two year,No,19.85,1,No,1.0
9134-CEQMF,Month-to-month,Fiber optic,89.5,2,Yes,98.0
8985-OOPOS,One year,DSL,74.1,0,No,10.0
8800-ZKRFW,Month-to-month,Fiber optic,107.5,0,No,10.0
2616-FLVQC,Two year,No,19.55,0,No,0.0
9968-FFVVH,One year,DSL,68.8,0,No,0.0
3108-PCCGG,Two year,DSL,84.45,0,No,0.0
7993-PYKOF,Month-to-month,Fiber optic,75.0,0,Yes,74.0
8390-FESFV,Two year,DSL,84.5,0,No,0.0
3022-BEXHZ,Two year,Fiber optic,111.2,0,No,0.0
5027-XWQHA,Month-to-month,DSL,44.75,0,Yes,62.0
6248-TKCQV,Two year,DSL,80.6,0,No,0.0
6729-GDNGC,Month-to-month,Fiber optic,80.7,0,No,6.0
6198-ZFIOJ,Month-to-month,Fiber optic,75.6,0,No,87.0
5989-OMNJE,One year,DSL,57.6,0,No,1.0
4566-QVRRW,Month-to-month,DSL,44.05,0,Yes,73.0
1291-CUOCY,Two year,Fiber optic,110.6,0,No,0.0
9795-SHUHB,Two year,DSL,58.2,6,No,18.0
3230-IUALN,Two year,DSL,81.0,0,No,0.0
0042-RLHYP,Two year,No,19.7,0,No,0.0
8519-IMDHU,Month-to-month,Fiber optic,85.6,0,Yes,81.0
4945-RVMTE,Month-to-month,DSL,59.55,0,No,1.0
0201-OAMXR,One year,Fiber optic,115.55,6,Yes,91.0
1866-NXPSP,One year,DSL,75.55,0,No,0.0
3372-KWFBM,Month-to-month,Fiber optic,86.6,0,Yes,90.0
7831-QGOXH,Month-to-month,Fiber optic,85.2,0,Yes,82.0
6393-WRYZE,Month-to-month,Fiber optic,97.65,3,Yes,100.0
3941-XTSKM,One year,DSL,45.1,0,No,3.0
1661-CZBAU,One year,DSL,70.95,0,No,2.0
6599-RCLCJ,Month-to-month,Fiber optic,109.55,4,Yes,87.0
9831-BPFRI,One year,Fiber optic,89.55,1,Yes,74.0
5158-RIVOP,Two year,No,20.9,0,No,1.0
9788-YTFGE,Month-to-month,No,19.95,0,No,5.0
9277-JOOMO,Month-to-month,No,24.6,0,No,16.0
1907-YLNYW,Month-to-month,DSL,66.7,0,No,6.0
1725-MIMXW,Month-to-month,No,19.45,0,Yes,66.0
8947-YRTDV,One year,Fiber optic,94.8,0,No,3.0
3161-ONRWK,One year,DSL,65.85,0,No,0.0
0114-RSRRW,Month-to-month,No,19.95,0,No,5.0
4565-NLZBV,Two year,No,24.65,0,No,0.0
0031-PVLZI,Month-to-month,No,20.35,0,Yes,63.0
7206-GZCDC,Month-to-month,Fiber optic,69.25,0,Yes,99.0
6682-VCIXC,One year,DSL,51.25,0,No,2.0
4791-QRGMF,One year,Fiber optic,99.5,5,Yes,93.0
6475-VHUIZ,Month-to-month,DSL,54.25,0,No,12.0
3910-MRQOY,Two year,No,19.4,1,No,1.0
0661-WCQNQ,One year,DSL,56.25,0,No,10.0
7537-RBWEA,Month-to-month,DSL,25.15,0,No,23.0
4656-CAURT,Two year,No,23.95,0,No,0.0
0121-SNYRK,One year,DSL,35.4,0,No,0.0
1768-ZAIFU,Month-to-month,DSL,25.2,0,Yes,97.0
4671-LXRDQ,Month-to-month,DSL,45.0,0,Yes,43.0
3733-LSYCE,Month-to-month,Fiber optic,75.35,0,No,7.0
6265-FRMTQ,Two year,No,20.4,0,No,0.0
1934-SJVJK,Month-to-month,No,20.15,0,Yes,88.65
3838-OZURD,Month-to-month,Fiber optic,105.0,6,Yes,95.0
1371-DWPAZ,Two year,DSL,56.05,0,No,6.0
9269-CQOOL,Month-to-month,DSL,54.7,0,Yes,82.0
2017-CCBLH,Two year,No,20.0,0,No,6.0
7690-KPNCU,One year,DSL,73.05,0,No,1.0
0536-BGFMZ,Month-to-month,No,20.5,0,No,0.0
2293-IJWPS,One year,Fiber optic,100.75,0,No,5.0
2845-HSJCY,Month-to-month,Fiber optic,87.25,2,Yes,98.0
5469-NUJUR,Two year,No,19.95,0,No,0.0
1184-PJVDB,Month-to-month,Fiber optic,79.95,0,Yes,88.0
2625-TRCZQ,Month-to-month,DSL,49.65,0,No,6.0
4102-HLENU,Two year,DSL,65.65,0,No,0.0
7266-GSSJX,Month-to-month,No,20.45,0,No,1.0
7722-VJRQD,Two year,DSL,60.95,0,No,0.0
7073-QETQY,One year,No,20.35,0,No,1.0
9415-DPEWS,Month-to-month,Fiber optic,88.35,0,Yes,82.0
5624-RYAMH,Month-to-month,No,19.5,0,No,10.0
0196-JTUQI,Month-to-month,Fiber optic,75.2,0,No,16.0
7130-YXBRO,Month-to-month,Fiber optic,111.45,0,No,3.0
9272-LSVYH,Month-to-month,Fiber optic,70.15,0,No,15.0
7943-RQCHR,Month-to-month,Fiber optic,94.75,0,Yes,92.0
3793-MMFUH,Month-to-month,Fiber optic,95.05,0,Yes,80.0
3249-ZPQRG,Month-to-month,Fiber optic,78.45,0,Yes,73.0
2568-BRGYX,Month-to-month,Fiber optic,70.2,0,Yes,83.0
3084-DOWLE,Two year,DSL,92.0,0,No,0.0
1084-MNSMJ,Two year,DSL,85.5,0,No,0.0
7721-JXEAW,Month-to-month,DSL,41.05,4,Yes,84.0
7249-WBIYX,Month-to-month,Fiber optic,85.6,0,Yes,91.0
4238-HFHSN,Month-to-month,Fiber optic,82.15,0,No,8.0
6250-CGGUN,One year,Fiber optic,84.4,0,No,2.0
5478-JJVZK,Month-to-month,DSL,60.9,0,No,0.0
7596-IIWYC,Two year,No,20.25,0,No,1.0
6567-HOOPW,Month-to-month,Fiber optic,79.2,0,Yes,90.0
9793-WECQC,Month-to-month,Fiber optic,95.3,0,No,8.0
4291-HPAXL,Month-to-month,No,19.85,0,No,70.33
8999-YPYBV,Two year,DSL,84.35,0,No,0.0
1839-FBNFR,Two year,No,19.85,0,No,0.0
3164-AALRN,One year,DSL,70.0,0,Yes,69.0
3071-MVJCD,Two year,DSL,82.3,0,No,0.0
1697-BCSHV,Month-to-month,DSL,66.8,0,No,1.0
0562-KBDVM,Two year,DSL,44.6,0,No,1.0
1131-SUEKT,One year,Fiber optic,98.45,0,No,1.0
3717-OEAUQ,Month-to-month,Fiber optic,70.7,0,No,27.0
4538-WNTMJ,One year,No,24.95,0,No,0.0
3334-CTHOL,Month-to-month,DSL,49.95,0,Yes,76.0
4704-ERYFC,Month-to-month,Fiber optic,69.25,0,Yes,70.0
9432-RUVSL,Two year,Fiber optic,102.5,0,No,1.0
8060-HIWJJ,Two year,DSL,86.55,0,No,0.0
7684-XSZIY,Two year,No,24.3,5,No,1.0
9089-UOWJG,Month-to-month,DSL,58.35,0,No,2.0
8621-MNIHH,Month-to-month,Fiber optic,94.25,2,Yes,93.0
8039-ACLPL,Two year,DSL,68.75,0,No,0.0
9885-AIBVB,Month-to-month,Fiber optic,85.8,0,No,5.0
1934-MKPXS,One year,No,20.1,0,No,0.0
2592-YKDIF,Month-to-month,No,20.35,0,No,16.17
2272-JKMSI,One year,Fiber optic,110.8,0,No,1.0
0471-LVHGK,One year,DSL,73.0,4,Yes,86.0
9518-RWHZL,One year,Fiber optic,100.05,8,Yes,90.0
8714-CTZJW,Month-to-month,Fiber optic,82.85,0,No,69.0
3569-EDBPQ,Month-to-month,Fiber optic,84.35,0,No,10.0
3131-NWVFJ,One year,No,19.55,0,No,0.0
7521-YXVZY,Month-to-month,No,19.95,0,No,10.0
5419-CONWX,Month-to-month,Fiber optic,99.8,0,Yes,90.0
6240-EURKS,Month-to-month,DSL,35.0,0,Yes,76.0
2373-NTKOD,Month-to-month,DSL,66.25,0,No,3.0
1970-KKFWL,Two year,No,23.3,0,No,1.0
6960-HVYXR,Month-to-month,Fiber optic,76.0,0,Yes,96.0
9337-SRRNI,Two year,No,25.3,0,No,1.0
0895-UADGO,Two year,DSL,44.55,0,No,4.0
5678-VFNEQ,One year,Fiber optic,104.1,0,No,2.0
5977-CKHON,Month-to-month,Fiber optic,92.55,2,No,21.0
7024-OHCCK,Month-to-month,Fiber optic,93.85,0,Yes,93.0
2692-BUCFV,Month-to-month,Fiber optic,101.45,0,No,3.0
7861-UVUFT,Month-to-month,Fiber optic,84.3,3,Yes,97.0
1830-GGFNM,Two year,Fiber optic,94.55,0,No,1.0
5302-BDJNT,Month-to-month,Fiber optic,95.5,0,No,12.0
5223-UZAVK,One year,Fiber optic,100.3,0,No,0.0
4859-ZSRDZ,Two year,DSL,55.5,0,No,1.0
5651-WYIPH,Month-to-month,DSL,49.85,0,No,8.0
9350-VLHMB,Month-to-month,Fiber optic,89.55,0,No,0.0
3498-LZGQZ,Two year,No,19.15,0,No,2.0
8785-CJSHH,Month-to-month,Fiber optic,99.8,0,No,4.0
5357-TZHPP,Month-to-month,Fiber optic,84.4,0,Yes,83.0
3870-SPZSI,Two year,Fiber optic,113.05,0,No,0.0
0680-DFNNY,Month-to-month,Fiber optic,101.1,0,Yes,25.0
7560-QRBXH,One year,No,19.95,0,No,1.0
7077-XJMET,Month-to-month,DSL,74.15,0,No,21.0
8752-GHJFU,One year,Fiber optic,92.0,0,No,3.0
6896-SRVYQ,Month-to-month,Fiber optic,73.85,0,No,7.0
7767-UXAGJ,Month-to-month,DSL,50.45,0,Yes,81.0
4652-ODEVH,Two year,No,24.45,0,No,2.0
6510-UPNKS,One year,No,24.8,0,No,1.0
6718-BDGHG,One year,DSL,64.85,0,No,5.0
9046-DQMTP,Month-to-month,No,20.75,0,No,3.0
6439-LAJXL,Month-to-month,DSL,68.95,0,No,22.0
1571-SAVHK,Month-to-month,Fiber optic,99.95,1,Yes,97.0
9052-VKDUW,Month-to-month,Fiber optic,109.4,0,No,2.0
9546-CQJSU,Month-to-month,Fiber optic,91.4,0,Yes,77.0
1666-JZPZT,Month-to-month,DSL,49.0,0,No,3.0
5777-KJIRB,One year,DSL,50.25,0,No,3.0
0506-LVNGN,Month-to-month,Fiber optic,75.55,0,Yes,87.0
7677-SJJJK,One year,No,19.9,0,No,1.0
2480-EJWYP,One year,Fiber optic,97.8,0,No,2.0
3253-HKOKL,One year,Fiber optic,100.3,4,No,25.0
7055-HNEOJ,Month-to-month,DSL,55.8,0,No,50.0
5514-YQENT,Two year,Fiber optic,111.15,0,No,1.0
3211-AAPKX,Month-to-month,Fiber optic,98.55,0,No,16.0
8445-DNBAE,Month-to-month,DSL,50.05,0,No,52.0
2951-QOQTK,Month-to-month,Fiber optic,80.8,0,Yes,87.0
2958-NHPPS,Month-to-month,No,20.85,0,No,1.0
6806-YDEUL,Month-to-month,No,19.5,0,No,20.0
1735-XMJVH,Month-to-month,No,19.35,0,No,12.0
6890-PFRQX,Month-to-month,DSL,69.5,1,No,68.0
0222-CNVPT,Month-to-month,DSL,48.8,0,No,16.0
5899-OUVKV,Month-to-month,Fiber optic,94.5,0,No,3.0
8681-ICONS,Month-to-month,No,20.65,0,No,4.0
1621-YNCJH,Two year,Fiber optic,106.05,2,No,11.0
3473-XIIIT,Month-to-month,Fiber optic,100.0,2,Yes,95.0
6362-QHAFM,One year,Fiber optic,108.3,0,No,0.0
7893-IXHRQ,Month-to-month,No,20.55,0,Yes,77.0
3070-BDOQC,Two year,Fiber optic,99.65,0,No,2.0
2952-QAYZF,Month-to-month,Fiber optic,85.3,1,Yes,97.0
6234-PFPXL,Month-to-month,Fiber optic,95.9,0,No,7.0
9824-QCJPK,One year,No,20.0,0,No,0.0
4763-PGDPO,Month-to-month,Fiber optic,70.4,0,Yes,87.0
4283-IVYCI,Month-to-month,DSL,64.95,0,No,10.0
1866-OBPNR,Month-to-month,Fiber optic,74.6,0,No,61.0
8205-MQUGY,Month-to-month,DSL,49.2,0,No,6.0
8970-ANWXO,One year,DSL,73.75,0,No,14.0
9480-BQJEI,One year,Fiber optic,92.3,0,No,0.0
5394-SVGJV,Month-to-month,Fiber optic,98.8,1,Yes,75.0
6979-TNDEU,Month-to-month,No,19.2,0,No,5.0
9777-WJJPR,Month-to-month,Fiber optic,88.65,0,No,1.0
9283-LZQOH,Month-to-month,Fiber optic,74.4,0,Yes,85.0
7079-QRCBC,Month-to-month,Fiber optic,98.75,3,Yes,99.0
9495-SKLKD,Month-to-month,Fiber optic,95.95,3,No,28.0
6048-UWKAL,Two year,Fiber optic,105.4,0,No,0.0
5067-DGXLL,Month-to-month,No,20.25,0,No,2.0
5469-CTCWN,One year,Fiber optic,106.0,6,Yes,76.0
9851-QXEEQ,Month-to-month,Fiber optic,104.7,4,Yes,99.0
6281-FKEWS,One year,DSL,49.05,0,No,1.0
8898-KASCD,One year,DSL,35.55,0,No,1.0
9242-TKFSV,Two year,DSL,65.1,0,No,0.0
9290-SHCMB,Month-to-month,Fiber optic,96.85,0,No,19.0
0743-HNPFG,One year,DSL,69.75,0,No,0.0
2277-BKJKN,Two year,Fiber optic,99.2,0,No,0.0
9809-IMGCQ,Month-to-month,Fiber optic,96.7,2,Yes,100.0
5208-HFSBT,Month-to-month,DSL,55.05,0,Yes,83.0
5035-PGZXH,One year,Fiber optic,106.8,0,No,3.0
8695-WDYEA,Month-to-month,DSL,51.25,0,No,24.0
6543-JXSOO,One year,DSL,57.75,0,No,0.0
8016-ZMGMO,One year,DSL,70.85,0,No,1.0
8605-ITULD,Month-to-month,No,19.55,0,No,3.0
3254-YRILK,Month-to-month,Fiber optic,88.2,1,Yes,90.0
6416-YJTTB,Month-to-month,Fiber optic,79.5,0,No,13.0
2667-WYLWJ,One year,No,19.75,0,Yes,61.0
4472-VESGY,Month-to-month,Fiber optic,98.15,1,No,12.0
3195-TQDZX,Month-to-month,No,20.25,0,No,5.0
3128-YOVTD,Month-to-month,Fiber optic,79.15,0,No,1.0
0529-ONKER,Month-to-month,Fiber optic,75.65,0,Yes,52.0
1728-CXQBE,Month-to-month,Fiber optic,94.25,0,No,1.0
7041-TXQJH,Month-to-month,DSL,40.2,0,No,3.0
5014-GSOUQ,Two year,No,19.95,0,No,1.0
5724-BIDBU,One year,DSL,55.35,0,No,6.0
0481-SUMCB,One year,Fiber optic,102.15,0,No,0.0
1769-GRUIK,Month-to-month,Fiber optic,71.1,0,No,6.0
5240-IJOQT,Month-to-month,Fiber optic,74.7,0,Yes,98.0
8819-WFGGJ,Two year,DSL,54.1,0,No,0.0
7427-AUFPY,Two year,No,19.65,0,No,5.0
2811-POVEX,Month-to-month,Fiber optic,88.45,0,No,6.0
1092-GANHU,Month-to-month,Fiber optic,76.65,0,Yes,19.0
7898-PDWQE,Two year,DSL,80.4,0,No,0.0
9972-EWRJS,Two year,No,19.25,0,No,0.0
9314-IJWSQ,Month-to-month,Fiber optic,84.8,0,No,58.0
0661-XEYAN,Month-to-month,DSL,25.8,0,Yes,89.0
5799-JRCZO,Two year,No,19.5,0,No,1.0
1921-KYSAY,One year,DSL,68.6,0,No,0.0
6198-RTPMF,Month-to-month,Fiber optic,92.6,0,No,15.0
2924-KHUVI,One year,Fiber optic,100.55,0,No,2.0
1925-GMVBW,Month-to-month,No,20.55,0,No,5.0
7881-EVUAD,Month-to-month,DSL,42.6,0,Yes,71.0
6184-DYUOB,Month-to-month,No,19.6,0,No,13.0
9207-ZPANB,One year,DSL,67.45,0,No,4.0
5766-XQXMQ,Month-to-month,DSL,68.85,3,Yes,88.0
9327-QSDED,Month-to-month,DSL,43.55,0,No,2.0
1656-DRSMG,Month-to-month,Fiber optic,109.85,0,No,1.0
3012-VFFMN,Month-to-month,No,20.65,0,No,1.0
2984-AFWNC,Month-to-month,Fiber optic,95.4,0,No,31.0
0640-YJTPY,Two year,No,21.0,0,No,0.0
8096-LOIST,Month-to-month,DSL,56.2,0,No,6.0
9764-REAFF,Two year,No,18.4,0,No,4.0
3703-VAVCL,Month-to-month,Fiber optic,90.0,0,Yes,88.0
7107-UBYKY,Month-to-month,No,25.75,0,No,0.0
4881-GQJTW,Month-to-month,No,19.6,0,No,3.0
8519-QJGJD,Month-to-month,Fiber optic,75.35,0,Yes,10.0
7876-DNYAP,Two year,No,19.8,0,No,0.0
7905-NJMXS,Month-to-month,DSL,64.2,0,No,22.0
2882-WDTBA,Two year,DSL,75.75,0,No,0.0
2091-GPPIQ,Two year,DSL,78.95,0,No,2.0
6326-MTTXK,Month-to-month,Fiber optic,100.85,0,Yes,86.0
5071-FBJFS,Month-to-month,DSL,50.3,0,No,40.0
2796-UUZZO,Month-to-month,Fiber optic,80.3,0,No,6.0
2429-AYKKO,Two year,No,19.85,0,No,0.0
9798-OPFEM,Two year,No,21.1,0,No,5.0
0330-IVZHA,Month-to-month,Fiber optic,69.95,0,Yes,39.0
3794-NFNCH,Month-to-month,DSL,50.0,0,No,18.0
5193-QLVZB,Two year,Fiber optic,104.75,0,No,0.0
7114-AEOZE,Two year,No,19.85,0,No,0.0
2886-KEFUM,One year,Fiber optic,107.5,6,Yes,90.0
5522-NYKPB,Month-to-month,Fiber optic,85.9,0,No,9.0
4237-RLAQD,Month-to-month,DSL,45.85,0,Yes,77.0
9957-YODKZ,Month-to-month,Fiber optic,80.8,0,No,82.0
6518-KZXCB,Two year,No,25.25,0,No,2.0
2245-ADZFJ,Two year,DSL,80.55,0,No,0.0
7776-QGYJC,Month-to-month,Fiber optic,81.5,0,No,10.0
9313-QOLTZ,Month-to-month,No,20.9,0,No,0.0
9651-GTSAQ,One year,Fiber optic,106.1,5,Yes,97.0
3186-BAXNB,Month-to-month,Fiber optic,91.7,0,Yes,87.0
4672-FOTSD,Month-to-month,DSL,67.25,0,No,6.0
0637-YLETY,Month-to-month,Fiber optic,95.6,1,Yes,82.0
9818-XQCUV,Month-to-month,No,20.35,0,No,9.25
7338-ERIVA,One year,DSL,45.05,0,No,0.0
1157-BQCUW,Month-to-month,Fiber optic,74.95,0,Yes,93.0
8259-NFJTV,Month-to-month,DSL,34.65,0,No,30.0
3223-DWFIO,Month-to-month,Fiber optic,69.35,0,No,24.0
2660-EMUBI,Month-to-month,Fiber optic,95.35,1,Yes,100.0
6968-GMKPR,Month-to-month,Fiber optic,81.55,0,No,25.0
4751-ERMAN,Two year,DSL,75.4,0,No,2.0
1436-ZMJAN,Month-to-month,DSL,67.8,0,No,12.0
3292-PBZEJ,Month-to-month,Fiber optic,111.4,0,No,17.0
0799-DDIHE,Month-to-month,DSL,46.3,0,No,23.0
3070-FNFZQ,Two year,No,20.4,0,No,0.0
2812-SFXMJ,Month-to-month,No,20.05,0,No,17.0
7675-OZCZG,Month-to-month,DSL,45.0,0,Yes,79.0
5014-WUQMG,One year,Fiber optic,96.1,0,No,1.0
5312-TSZVC,One year,No,19.65,0,No,1.0
2003-CKLOR,Month-to-month,Fiber optic,99.5,8,Yes,93.0
0993-OSGPT,One year,DSL,60.65,0,No,0.0
9254-RBFON,One year,Fiber optic,98.6,1,Yes,78.0
1205-WNWPJ,Month-to-month,DSL,59.5,0,Yes,31.0
9391-EOYLI,Month-to-month,Fiber optic,80.45,0,Yes,77.0
7108-DGVUU,One year,DSL,71.7,0,No,4.0
2782-JEEBU,Month-to-month,DSL,36.0,0,No,10.0
5127-BZENZ,One year,DSL,65.2,2,No,9.0
2720-FVBQP,Month-to-month,DSL,48.95,0,No,19.0
9906-NHHVC,Two year,DSL,53.5,0,No,0.0
4522-XRWWI,One year,DSL,80.45,0,No,1.0
3766-EJLFL,Two year,Fiber optic,109.05,0,No,2.0
5939-SXWHM,Two year,No,26.3,0,No,0.0
8152-UOBNY,One year,Fiber optic,106.8,0,No,2.0
7351-KYHQH,Month-to-month,DSL,64.95,0,No,6.0
7643-RCHXS,Two year,No,19.35,0,No,0.0
8246-SHFGA,Month-to-month,No,21.1,0,No,9.0
8387-MOJJT,Month-to-month,Fiber optic,77.95,0,Yes,70.0
0620-XEFWH,Month-to-month,No,18.85,0,No,4.0
6485-QXWWE,Two year,No,26.0,0,No,1.0
2761-OCIAX,Month-to-month,Fiber optic,74.7,0,Yes,50.0
7321-VGNKU,Month-to-month,Fiber optic,70.35,0,No,24.0
5327-CNLUQ,Two year,Fiber optic,96.9,0,No,1.0
7552-KEYGT,Two year,No,19.55,0,No,0.0
5816-JMLGY,Two year,DSL,80.4,0,No,0.0
3068-OMWZA,Month-to-month,Fiber optic,88.8,0,Yes,92.0
2927-QRRQV,One year,Fiber optic,94.65,0,No,0.0
6032-KRXXO,Month-to-month,Fiber optic,90.25,3,Yes,96.0
7459-RRWQZ,Month-to-month,DSL,64.65,1,Yes,87.0
6265-SXWBU,One year,Fiber optic,95.75,0,No,0.0
7941-RCJOW,Two year,No,19.55,0,No,0.0
6374-NTQLP,Two year,Fiber optic,104.1,0,No,1.0
4154-AQUGT,Month-to-month,Fiber optic,89.05,1,Yes,88.0
2387-KDZQY,One year,No,20.1,0,No,1.0
3584-WKTTW,One year,Fiber optic,111.55,4,No,26.0
3399-BMLVW,Two year,DSL,60.5,0,No,1.0
1971-DTCZB,Two year,DSL,90.95,0,No,0.0
3092-IGHWF,One year,Fiber optic,87.4,6,Yes,78.0
3374-PZLXD,Month-to-month,No,19.7,0,No,2.0
3813-DHBBB,Two year,DSL,50.95,0,No,0.0
2812-REYAT,One year,No,20.05,0,No,3.0
6518-PPLMZ,Two year,No,19.4,3,No,3.0
4939-KYYPY,Month-to-month,DSL,59.45,0,No,12.0
8017-LXHFA,Month-to-month,Fiber optic,94.75,2,Yes,93.0
5930-GBIWP,Two year,DSL,81.5,0,No,0.0
6022-KOUQO,Month-to-month,DSL,29.05,0,No,59.0
6352-TWCAU,Month-to-month,Fiber optic,86.45,0,Yes,70.0
2361-UPSND,One year,DSL,70.6,0,No,0.0
6035-RIIOM,Two year,Fiber optic,97.2,3,No,23.0
2929-QNSRW,One year,Fiber optic,98.25,5,Yes,90.0
1262-OPMFY,Month-to-month,Fiber optic,75.75,0,Yes,81.0
9504-DSHWM,Month-to-month,DSL,59.2,0,No,4.0
5035-BVCXS,Month-to-month,Fiber optic,75.9,0,No,16.0
6267-DCFFZ,Month-to-month,Fiber optic,90.05,0,No,9.0
3533-UVMOM,Two year,DSL,70.95,6,No,23.0
2439-LYPMQ,Month-to-month,Fiber optic,102.6,0,No,2.0
4248-QPAVC,Month-to-month,Fiber optic,85.35,1,Yes,87.0
1899-VXWXM,One year,Fiber optic,106.1,4,Yes,80.0
1478-VPOAD,Month-to-month,DSL,43.8,0,No,17.0
9995-HOTOH,Two year,DSL,59.0,0,No,0.0
2988-PLAHS,One year,DSL,69.95,0,No,20.0
1371-OJCEK,One year,No,24.35,0,No,0.0
4999-IEZLT,One year,DSL,29.45,0,No,3.0
8883-ANODQ,Two year,Fiber optic,84.4,0,No,1.0
4690-LLKUA,Month-to-month,DSL,45.05,0,Yes,74.0
2351-RRBUE,One year,No,20.65,0,No,3.0
5980-BDHPY,Two year,DSL,87.1,0,No,0.0
1498-DQNRX,Month-to-month,No,19.85,2,No,3.0
9469-WEJBT,Month-to-month,Fiber optic,90.35,0,No,11.0
3331-HQDTW,Month-to-month,Fiber optic,109.8,3,Yes,92.0
9490-DFPMD,Month-to-month,Fiber optic,84.65,0,Yes,81.0
2581-VKIRT,One year,DSL,65.5,0,No,1.0
5442-XSDCW,Month-to-month,Fiber optic,79.5,0,Yes,80.0
7426-WEIJX,Month-to-month,Fiber optic,80.95,0,No,7.0
2851-MMUTZ,Month-to-month,DSL,56.15,0,No,6.0
3049-NDXFL,Month-to-month,Fiber optic,85.8,0,Yes,87.0
8580-AECUZ,Month-to-month,Fiber optic,79.1,0,Yes,95.0
3307-TLCUD,Month-to-month,DSL,34.4,0,No,12.0
6625-FLENO,Two year,No,20.75,0,No,0.0
2967-MXRAV,One year,No,18.8,0,No,2.0
7963-GQRMY,Month-to-month,DSL,44.3,0,Yes,69.0
8189-HBVRW,Month-to-month,Fiber optic,90.8,0,No,5.0
4163-KIUHY,Month-to-month,No,25.6,0,No,10.0
1228-FZFRV,Month-to-month,Fiber optic,105.95,5,Yes,92.0
3500-NSDOA,Two year,DSL,70.8,0,No,0.0
1171-TYKUR,Month-to-month,No,25.4,0,No,0.0
3761-FLYZI,Month-to-month,Fiber optic,108.8,0,No,0.0
2058-DCJBE,Month-to-month,Fiber optic,69.75,0,Yes,78.0
5364-XYIRR,Month-to-month,Fiber optic,94.65,4,Yes,94.0
4829-AUOAX,Month-to-month,Fiber optic,96.05,4,Yes,92.0
1219-NNDDO,Month-to-month,Fiber optic,76.85,0,No,60.0
8388-DMKAE,Two year,No,20.25,0,No,0.0
4403-BWPAY,One year,No,24.8,0,No,0.0
9659-QEQSY,Month-to-month,Fiber optic,115.65,0,No,3.0
5405-ZMYXQ,Month-to-month,Fiber optic,74.6,0,No,57.0
5047-LHVLY,Month-to-month,DSL,50.15,0,Yes,82.0
1442-OKRJE,One year,Fiber optic,103.15,0,No,4.0
4737-AQCPU,Two year,DSL,72.1,0,No,0.0
9158-VCTQB,Month-to-month,Fiber optic,113.6,6,Yes,97.0
2808-CHTDM,Two year,No,25.1,1,No,1.0
6311-UEUME,Month-to-month,Fiber optic,78.9,0,Yes,75.0
0793-TWELN,Month-to-month,Fiber optic,80.15,0,No,8.0
3283-WCWXT,Two year,No,25.4,0,No,0.0
1060-ENTOF,One year,Fiber optic,105.4,0,No,0.0
0999-QXNSA,Month-to-month,DSL,45.75,0,No,17.0
5451-MHQOF,One year,No,24.45,0,No,2.0
4836-WNFNO,Two year,No,25.0,0,No,0.0
9225-BZLNZ,Two year,DSL,85.25,0,No,0.0
0354-VXMJC,Two year,No,19.6,0,No,0.0
4422-QVIJA,Month-to-month,DSL,50.15,0,No,5.0
9365-SRSZE,Month-to-month,Fiber optic,70.55,0,No,20.0
6839-ITVZJ,Month-to-month,DSL,60.05,0,Yes,66.0
8332-OSJDW,One year,No,26.4,0,No,0.0
4735-BJKOU,Two year,No,20.15,0,No,0.0
0274-JKUJR,Month-to-month,DSL,58.85,0,No,5.0
5740-YHGTW,Month-to-month,Fiber optic,97.55,0,No,1.0
8917-SZTTJ,Two year,No,19.65,3,No,0.0
1696-MZVAU,One year,DSL,25.25,0,No,5.0
7359-WWYJV,Two year,Fiber optic,114.45,0,No,1.0
0375-HVGXO,Month-to-month,DSL,34.7,0,Yes,94.0
4906-ZHGPK,One year,DSL,70.7,0,No,2.0
8593-WHYHV,Month-to-month,Fiber optic,85.3,0,Yes,92.0
3795-GWTRD,Two year,DSL,75.55,0,No,0.0
1298-PHBTI,Two year,Fiber optic,84.8,0,No,3.0
6223-DHJGV,One year,No,20.65,0,No,3.0
6961-MJKBO,Two year,No,20.45,0,No,1.0
6097-EQISJ,One year,Fiber optic,102.45,6,Yes,85.0
4423-YLHDV,Month-to-month,Fiber optic,104.4,2,Yes,93.0
8158-WPEZG,Month-to-month,DSL,35.65,0,No,20.0
0107-YHINA,Month-to-month,Fiber optic,99.75,1,Yes,98.0
4918-FYJNT,Month-to-month,Fiber optic,90.45,0,No,2.0
0727-BNRLG,Two year,Fiber optic,97.65,0,No,0.0
4854-CIDCF,Month-to-month,Fiber optic,73.85,0,No,29.0
8640-SDGKB,Month-to-month,DSL,74.4,0,Yes,72.0
3280-MRDOF,Two year,DSL,69.1,0,No,1.0
6435-SRWBJ,Month-to-month,Fiber optic,82.75,0,No,20.0
9964-WBQDJ,Two year,No,24.4,0,No,0.0
6303-KFWSL,One year,DSL,55.25,0,No,1.0
1702-CCFNJ,Month-to-month,DSL,61.35,0,No,2.0
8932-CZHRQ,One year,DSL,76.75,0,No,1.0
0386-CWRGM,Two year,No,19.4,0,No,0.0
5515-RUGKN,Month-to-month,DSL,54.75,0,No,6.0
0404-AHASP,Two year,No,19.7,0,No,0.0
7279-NMVJC,One year,No,19.9,0,No,7.0
2081-VEYEH,Month-to-month,Fiber optic,107.95,0,No,28.0
6407-UTSLV,Month-to-month,Fiber optic,83.8,0,No,81.0
4116-TZAQJ,Month-to-month,Fiber optic,74.25,0,Yes,24.0
9060-HJJRW,One year,DSL,56.4,0,No,0.0
2587-YNLES,Two year,No,20.1,0,No,0.0
7398-SKNQZ,Month-to-month,Fiber optic,94.9,0,No,36.0
5935-FCCNB,Month-to-month,Fiber optic,94.2,0,No,18.0
1958-RNRKS,Month-to-month,DSL,49.9,0,No,7.0
5136-RGMZO,Month-to-month,DSL,71.05,0,No,4.0
8345-MVDYC,Two year,DSL,81.65,0,No,3.0
8226-BXGES,One year,Fiber optic,89.45,0,No,0.0
3877-JRJIP,Month-to-month,DSL,59.85,0,Yes,56.0
8375-DKEBR,Month-to-month,Fiber optic,69.6,0,Yes,100.0
9705-IOVQQ,One year,Fiber optic,99.0,5,No,77.0
1015-OWJKI,Month-to-month,No,19.05,0,No,5.33
7511-YMXVQ,Month-to-month,DSL,45.4,0,Yes,82.0
2040-XBAVJ,Two year,Fiber optic,114.45,0,No,0.0
7551-JOHTI,Month-to-month,No,19.5,0,Yes,70.0
8887-IPQNC,Month-to-month,DSL,44.25,0,No,24.0
8646-JCOMS,One year,Fiber optic,90.55,0,No,0.0
9804-ICWBG,Month-to-month,Fiber optic,69.9,0,Yes,69.21
1222-KJNZD,Month-to-month,No,20.4,0,No,3.0
0106-GHRQR,Month-to-month,DSL,71.4,0,No,15.0
5318-IXUZF,Month-to-month,Fiber optic,87.15,0,Yes,89.0
3768-VHXQO,Two year,No,24.85,0,No,1.0
8952-WCVCD,One year,Fiber optic,104.45,0,No,4.0
2418-TPEUN,Two year,No,19.8,0,No,0.0
3963-RYFNS,Two year,Fiber optic,116.45,0,No,0.0
3198-VELRD,Month-to-month,Fiber optic,84.75,0,Yes,89.0
8540-ZQGEA,Two year,No,20.05,0,No,0.0
1320-REHCS,Month-to-month,Fiber optic,110.75,0,No,0.0
4137-JOPHL,Two year,Fiber optic,89.7,0,No,0.0
9436-ZBZCT,Month-to-month,Fiber optic,89.95,0,Yes,89.0
7801-CEDNV,One year,DSL,48.7,0,No,1.0
2057-BOYKM,Two year,Fiber optic,96.6,0,No,0.0
3658-QQJYD,One year,DSL,74.3,0,No,0.0
1803-BGNBD,Month-to-month,DSL,54.3,1,No,64.0
0134-XWXCE,One year,DSL,74.85,0,No,0.0
6950-TWMYB,Two year,Fiber optic,79.95,2,No,4.0
5848-FHRFC,Two year,No,20.05,0,No,0.0
2243-FNMMI,Month-to-month,No,19.4,0,No,0.0
2511-MORQY,One year,DSL,54.9,0,No,0.0
5356-KZCKT,Two year,No,24.45,3,No,1.0
9470-XCCEM,Month-to-month,Fiber optic,89.65,0,No,5.0
6519-CFDBX,Month-to-month,DSL,45.4,0,No,20.0
3902-MIVLE,Two year,DSL,75.7,0,No,0.0
0409-WTMPL,One year,Fiber optic,110.65,0,No,7.0
8763-KIAFH,One year,No,20.55,0,No,0.0
3669-WHAFY,Two year,Fiber optic,115.15,0,No,0.0
3055-VTCGS,One year,DSL,58.55,1,No,23.0
3144-KMTWZ,Month-to-month,Fiber optic,93.25,5,No,21.0
7279-BUYWN,Month-to-month,Fiber optic,113.2,3,Yes,99.0
7156-MHUGY,Month-to-month,Fiber optic,90.5,0,Yes,85.0
7198-GLXTC,Month-to-month,Fiber optic,79.0,0,Yes,93.0
2007-QVGAW,Two year,No,19.35,0,No,0.0
5207-PLSTK,Month-to-month,DSL,48.75,0,No,19.0
2307-FYNNL,Two year,Fiber optic,109.05,0,No,3.0
5605-XNWEN,Two year,No,25.0,0,No,0.0
2155-AMQRX,Month-to-month,DSL,54.9,0,No,10.0
6181-AXXYF,Two year,No,24.75,0,No,0.0
5091-HFAZW,Month-to-month,Fiber optic,91.15,0,No,27.0
0516-VRYBW,One year,No,20.15,0,Yes,53.0
2519-LBNQL,One year,Fiber optic,104.35,0,No,1.0
8623-ULFNQ,Month-to-month,DSL,66.05,0,No,19.0
8380-PEFPE,Month-to-month,Fiber optic,71.65,0,Yes,64.0
5687-DKDTV,Month-to-month,No,20.35,0,Yes,65.0
1568-LJSZU,Two year,DSL,92.2,0,No,0.0
7530-HDYDS,Month-to-month,Fiber optic,84.25,3,Yes,73.0
7789-HKSBS,One year,Fiber optic,105.2,0,No,4.0
7416-CKTEP,Two year,No,19.6,0,No,0.0
2586-CWXVV,Month-to-month,DSL,30.4,0,No,7.0
3096-IZETN,Month-to-month,Fiber optic,78.1,0,Yes,72.0
2348-KCJLT,One year,DSL,61.5,0,No,1.0
8401-EMUWF,Month-to-month,DSL,69.4,0,No,1.0
4193-IBKSW,Two year,No,24.75,0,No,0.0
5377-NDTOU,Two year,DSL,91.05,0,No,0.0
5922-ABDVO,Month-to-month,Fiber optic,89.65,1,Yes,50.0
2474-LCNUE,Month-to-month,DSL,73.65,0,No,3.0
0839-QNXME,Two year,No,19.4,0,No,0.0
3506-OVLKD,One year,No,26.2,0,No,2.0
9172-ANCRX,Month-to-month,Fiber optic,98.7,1,Yes,99.0
6650-VJONK,Month-to-month,DSL,43.85,0,No,9.0
2178-PMGCJ,Month-to-month,Fiber optic,69.7,0,No,24.0
7492-TAFJD,Two year,DSL,38.55,0,No,2.0
2773-MADBQ,Two year,DSL,53.1,0,No,0.0
6016-LVTJQ,Month-to-month,No,20.65,0,No,2.0
7860-KSUGX,Two year,DSL,64.45,0,No,1.0
8966-KZXXA,Two year,No,25.1,0,No,1.0
6910-HADCM,Month-to-month,Fiber optic,76.35,0,Yes,87.0
4816-LXZYW,Month-to-month,Fiber optic,79.15,0,Yes,85.0
9606-PBKBQ,Month-to-month,Fiber optic,85.0,0,Yes,90.0
5149-QYTTU,One year,Fiber optic,95.15,0,No,0.0
2070-XYMFH,Month-to-month,Fiber optic,79.35,0,No,18.0
2085-BOJKI,One year,Fiber optic,96.65,0,No,8.0
0817-HSUSE,Month-to-month,DSL,75.5,0,No,33.0
5442-PPTJY,Two year,No,19.7,0,No,0.0
1927-QEWMY,Two year,No,20.5,0,No,0.0
1663-MHLHE,Month-to-month,No,19.2,0,No,12.0
5663-QBGIS,Two year,Fiber optic,98.35,0,No,8.0
4450-MDZFX,Month-to-month,Fiber optic,74.35,1,No,4.0
6701-DHKWQ,Two year,DSL,51.35,5,No,5.0
7554-AKDQF,Month-to-month,DSL,45.65,0,No,25.0
3536-IQCTX,Month-to-month,Fiber optic,85.3,0,Yes,85.0
4911-BANWH,Month-to-month,Fiber optic,86.55,0,Yes,77.0
8496-EJAUI,Month-to-month,Fiber optic,73.85,0,Yes,81.0
0794-YVSGE,Two year,No,20.3,0,No,0.0
5423-BHIXO,Month-to-month,DSL,54.2,0,No,4.0
6908-VVYHM,Month-to-month,Fiber optic,90.65,0,No,2.0
2959-EEXWB,Month-to-month,DSL,50.9,0,No,2.0
1839-UMACK,One year,No,25.05,0,No,4.0
3030-YDNRM,Month-to-month,Fiber optic,74.85,0,No,21.0
7321-KKSDU,Two year,No,20.5,0,No,0.0
3402-XRIUO,Month-to-month,DSL,63.55,0,No,5.0
3132-TVFDZ,Month-to-month,DSL,44.85,4,Yes,88.0
8286-AFUYI,Month-to-month,DSL,47.95,0,No,15.0
8080-DDEMJ,Month-to-month,DSL,45.1,0,Yes,76.0
8356-WUAOJ,Month-to-month,DSL,45.0,0,No,72.0
6365-MTGZX,Month-to-month,Fiber optic,96.0,2,Yes,95.0
1349-WXNGG,Month-to-month,No,20.05,0,Yes,69.0
8058-DMYRU,Month-to-month,Fiber optic,90.05,0,No,5.0
9350-ZXYJC,Two year,No,25.3,0,No,4.0
6990-YNRIO,Two year,Fiber optic,108.65,6,Yes,63.0
8958-JPTRR,One year,No,24.3,0,No,2.0
6959-GQEGV,Month-to-month,DSL,75.95,0,No,4.0
3173-WSSUE,Two year,No,19.7,0,No,0.0
1265-HVPZB,One year,DSL,66.4,0,No,1.0
4115-UMJFQ,One year,DSL,35.75,0,No,0.0
7369-TRPFD,One year,No,18.8,0,No,0.0
1098-KFQEC,Two year,No,19.4,0,No,0.0
7190-XHTWJ,One year,No,19.3,0,No,0.0
0621-TWIEM,Month-to-month,DSL,45.55,0,Yes,82.0
3537-RYBHH,Month-to-month,DSL,67.45,0,No,2.0
2485-ITVKB,Month-to-month,DSL,35.1,0,Yes,96.0
3669-OYSJI,Month-to-month,DSL,46.2,0,Yes,83.0
1612-EOHDH,Month-to-month,DSL,45.15,0,Yes,86.0
6702-OHFWR,Month-to-month,DSL,43.3,0,Yes,95.0
5296-BFCYD,Two year,No,20.1,0,No,0.0
4510-PYUSH,Month-to-month,DSL,57.15,3,Yes,88.0
9359-JANWS,Two year,DSL,58.9,0,No,0.0
7517-SAWMO,Month-to-month,Fiber optic,73.2,0,Yes,78.0
4143-HHPMK,Month-to-month,Fiber optic,85.35,5,Yes,84.0
3279-DYZQM,Two year,No,19.45,0,No,0.0
7054-LGEQW,Month-to-month,DSL,45.95,0,Yes,89.0
0523-VNGTF,Month-to-month,DSL,50.5,0,No,6.0
9575-IWCAZ,One year,No,25.1,0,No,0.0
7105-MXJLL,One year,DSL,60.7,0,No,2.0
7064-FRRSW,One year,Fiber optic,99.0,0,No,0.0
7940-UQQUG,One year,Fiber optic,104.4,2,No,9.0
0923-PNFUB,Month-to-month,Fiber optic,83.75,0,Yes,48.0
3961-SXAXY,Month-to-month,DSL,44.05,0,No,10.0
7010-BRBUU,Two year,No,24.1,6,No,1.0
3566-HJGPK,Month-to-month,DSL,45.55,0,No,80.0
3062-ICYZQ,Month-to-month,Fiber optic,93.8,0,No,6.0
9938-PRCVK,Two year,No,19.7,0,No,1.0
0973-KYVNF,Two year,DSL,70.65,0,No,0.0
5129-HHMZC,Two year,DSL,86.45,0,No,0.0
9637-CDTKZ,Two year,Fiber optic,114.1,0,No,0.0
3946-JEWRQ,One year,Fiber optic,95.2,4,No,41.0
7873-CVMAW,Two year,DSL,88.55,0,No,0.0
0463-WZZKO,Month-to-month,No,20.75,0,No,4.0
3494-JCHRQ,Month-to-month,Fiber optic,70.05,0,Yes,93.13
6474-FVJLC,Month-to-month,Fiber optic,86.0,0,Yes,96.0
4524-QCSSM,Month-to-month,DSL,44.65,0,No,4.0
5832-EXGTT,Month-to-month,DSL,60.2,0,No,6.0
8840-DQLGN,Month-to-month,Fiber optic,100.5,3,Yes,77.0
2039-JONDJ,One year,DSL,55.45,0,No,1.0
7217-JYHOQ,Month-to-month,DSL,70.3,1,No,16.0
6695-FRVEC,Two year,DSL,60.4,0,No,4.0
4547-LYTDD,Month-to-month,Fiber optic,72.65,0,Yes,78.0
9894-QMIMJ,One year,DSL,55.8,0,No,2.0
8069-YQQAJ,Month-to-month,DSL,31.1,0,No,11.0
6770-XUAGN,Month-to-month,No,21.0,0,Yes,75.0
4193-ORFCL,Month-to-month,DSL,45.1,0,Yes,60.0
1636-NTNCO,Month-to-month,DSL,50.95,0,No,20.0
3466-WAESX,Month-to-month,DSL,69.1,0,No,11.0
9281-PKKZE,Month-to-month,DSL,43.95,0,No,9.0
3638-VBZTA,Two year,DSL,86.5,0,No,0.0
7459-IMVYU,Month-to-month,DSL,69.95,2,No,18.0
7776-QWNFX,Month-to-month,DSL,50.4,0,Yes,10.0
6689-TCZHQ,Month-to-month,Fiber optic,78.95,0,Yes,91.0
8563-OYMQY,Month-to-month,Fiber optic,90.95,0,No,2.0
0754-EEBDC,Two year,No,19.9,0,No,2.0
5777-ZPQNC,One year,No,20.15,0,No,1.0
1951-IEYXM,Two year,DSL,90.6,0,No,0.0
3318-NMQXL,Month-to-month,Fiber optic,92.0,0,No,31.0
3143-ILDAL,Month-to-month,Fiber optic,94.45,5,Yes,88.0
1022-RKXDR,One year,No,24.85,0,No,1.0
2361-FJWNO,One year,DSL,36.0,0,No,0.0
2272-UOINI,Month-to-month,DSL,78.5,0,No,17.0
8232-UTFOZ,Two year,No,19.95,0,No,0.0
3750-YHRYO,One year,No,20.65,0,No,0.0
6637-KYRCV,Month-to-month,DSL,30.5,0,No,17.0
5668-MEISB,Two year,Fiber optic,106.1,0,No,0.0
0129-QMPDR,One year,No,20.5,0,No,4.0
7188-CBBBA,One year,Fiber optic,95.5,0,No,2.0
5356-CSVSQ,Month-to-month,DSL,64.6,0,No,25.0
3221-CJMSG,Month-to-month,DSL,51.1,0,No,5.0
4720-VSTSI,Month-to-month,Fiber optic,84.8,4,Yes,83.0
3219-JQRSL,Two year,DSL,89.1,0,No,0.0
2801-NISEI,Month-to-month,DSL,54.95,0,No,6.0
3946-MHCZW,Month-to-month,DSL,50.9,0,Yes,90.0
4623-ZKHLY,Month-to-month,No,20.45,0,No,1.0
6732-VAILE,Two year,DSL,85.95,0,No,0.0
8201-AAXCB,Month-to-month,DSL,60.35,0,No,29.0
7696-CFTAT,Two year,No,19.8,2,No,0.0
1845-CSBRZ,Month-to-month,Fiber optic,85.35,0,No,13.0
2123-VSCOT,Two year,DSL,72.1,0,No,1.0
6651-AZVTJ,Month-to-month,Fiber optic,99.8,2,Yes,84.0
4566-GOLUK,Month-to-month,Fiber optic,107.35,5,Yes,96.0
2484-DGXPZ,Month-to-month,No,19.55,0,Yes,65.0
2018-QKYGT,Month-to-month,Fiber optic,81.05,0,No,36.0
2792-VPPET,Month-to-month,No,20.5,0,No,1.0
7409-JURKQ,One year,Fiber optic,111.8,0,No,0.0
3247-MHJKM,Month-to-month,No,20.2,0,No,32.2
1964-SVLEA,One year,No,19.7,0,No,0.0
4587-NUKOX,Month-to-month,Fiber optic,79.1,0,Yes,21.0
7297-DVYGA,One year,No,19.85,0,No,1.0
2239-CGBUZ,One year,DSL,60.5,0,No,0.0
0854-UYHZD,Two year,No,19.55,0,No,0.0
7243-LCGGZ,Month-to-month,No,20.9,0,No,23.0
8267-KFGYD,Month-to-month,No,21.05,0,No,20.0
4890-VMUAV,One year,DSL,71.5,0,No,1.0
9261-WDCAF,Month-to-month,DSL,54.65,0,No,14.0
3764-MNMOI,Two year,No,19.2,0,No,0.0
7442-YGZFK,Month-to-month,DSL,49.8,0,No,29.0
0420-BWTPW,Month-to-month,DSL,25.5,0,Yes,71.0
8229-BUJHX,Two year,No,20.5,4,No,0.0
7449-HVPIV,Month-to-month,Fiber optic,90.4,0,No,0.0
5504-WSIUR,One year,Fiber optic,90.25,0,No,1.0
8183-ONMXC,Month-to-month,Fiber optic,80.75,0,Yes,90.0
8466-PZBLH,Two year,Fiber optic,104.6,0,No,1.0
9614-RMGHA,Month-to-month,Fiber optic,91.85,8,Yes,88.0
8735-IJJEG,Month-to-month,DSL,50.2,0,No,6.0
0564-MUUQK,Month-to-month,Fiber optic,95.5,0,No,7.0
5054-IEXZT,Month-to-month,Fiber optic,75.35,0,Yes,88.0
5834-ASPWA,Month-to-month,Fiber optic,75.45,0,Yes,81.0
0701-RFGFI,Month-to-month,Fiber optic,95.4,0,No,2.0
0019-EFAEP,Two year,Fiber optic,101.3,0,No,0.0
5619-PTMIK,Month-to-month,DSL,53.1,0,No,4.0
3737-XBQDD,Month-to-month,Fiber optic,84.85,0,No,6.0
5882-CMAZQ,Month-to-month,DSL,34.25,0,No,9.0
5846-QFDFI,Month-to-month,Fiber optic,88.6,0,No,6.0
4445-KWOKW,One year,DSL,60.15,0,No,0.0
3511-APPBJ,One year,Fiber optic,99.95,0,No,3.0
7967-HYCDE,Month-to-month,Fiber optic,70.7,0,No,10.0
2430-RRYUW,One year,DSL,54.8,4,No,39.0
3948-XHGNA,Month-to-month,DSL,49.55,0,Yes,33.0
3723-BFBGR,Month-to-month,DSL,54.8,0,No,12.0
0565-IYCGT,One year,DSL,78.6,5,Yes,79.0
5447-WZAFP,One year,Fiber optic,100.3,0,No,1.0
5110-CHOPY,Two year,DSL,53.6,2,No,16.0
5445-UTODQ,Month-to-month,Fiber optic,81.1,0,Yes,93.0
4425-OWHWB,One year,No,19.35,0,No,0.0
7892-QVYKW,Month-to-month,Fiber optic,85.6,0,No,16.0
9675-ICXCT,Two year,DSL,80.8,0,No,0.0
1024-VRZHF,Month-to-month,Fiber optic,74.95,0,Yes,87.0
4703-MQYKT,Two year,No,19.6,1,No,2.0
9497-QCMMS,Month-to-month,Fiber optic,93.55,1,Yes,100.0
5692-ICXLW,Month-to-month,Fiber optic,90.7,0,No,5.0
0602-DDUML,Two year,DSL,69.75,0,No,3.0
2208-MPXIO,Two year,No,20.0,0,No,3.0
1960-UYCNN,Month-to-month,Fiber optic,95.25,0,No,18.0
0348-SDKOL,Month-to-month,Fiber optic,102.1,6,Yes,96.0
3190-FZATL,Month-to-month,No,19.95,0,No,1.0
7336-RLLRH,One year,DSL,80.85,0,No,1.0
4373-MAVJG,Month-to-month,Fiber optic,90.9,1,Yes,95.0
8901-HJXTF,Month-to-month,DSL,29.2,0,Yes,71.0
7710-JSYOA,Two year,Fiber optic,93.3,0,No,1.0
5419-KLXBN,Month-to-month,Fiber optic,89.15,0,Yes,57.0
3424-NMNBO,One year,Fiber optic,108.85,6,Yes,93.0
9885-MFVSU,Two year,DSL,46.35,0,No,0.0
4514-GFCFI,Month-to-month,Fiber optic,84.75,0,Yes,90.0
0607-MVMGC,One year,DSL,78.75,0,No,0.0
3365-SAIGS,Month-to-month,Fiber optic,83.55,0,No,28.0
9828-AOQLM,Month-to-month,DSL,45.7,0,Yes,94.0
8022-BECSI,One year,No,19.6,0,No,0.0
8000-REIQB,Month-to-month,Fiber optic,69.95,0,Yes,88.0
9993-LHIEB,Two year,DSL,67.85,0,No,0.0
0266-CLZKZ,Two year,Fiber optic,105.65,0,No,1.0
7615-ESMYF,Month-to-month,DSL,44.6,0,Yes,87.0
3858-VOBET,Month-to-month,Fiber optic,74.95,0,Yes,69.0
7020-OZKXZ,Month-to-month,Fiber optic,75.5,0,No,15.0
3977-QCRSL,Month-to-month,No,20.15,0,No,2.0
0017-DINOC,Two year,DSL,45.2,0,No,0.0
1447-PJGGA,Two year,Fiber optic,95.25,5,Yes,85.0
8565-CLBZW,Month-to-month,Fiber optic,89.85,3,Yes,99.0
9139-WQQDY,One year,Fiber optic,100.45,4,Yes,77.0
0224-HJAPT,Month-to-month,DSL,47.15,0,Yes,85.0
8086-OVPWV,Month-to-month,Fiber optic,80.2,0,Yes,84.0
9430-FRQOC,Month-to-month,Fiber optic,87.1,0,Yes,75.0
7639-OPLNG,Two year,DSL,79.25,0,No,0.0
3074-GQWYX,Month-to-month,Fiber optic,75.9,0,Yes,96.0
1492-QGCLU,Month-to-month,DSL,85.7,0,No,4.0
6845-RGTYS,Month-to-month,Fiber optic,98.75,6,Yes,97.0
7328-OWMOM,One year,No,20.1,0,No,1.0
4418-LZMSV,Month-to-month,DSL,61.8,0,No,8.0
5155-AZQPB,Month-to-month,DSL,49.9,0,No,7.0
8861-HGGKB,Month-to-month,Fiber optic,86.45,0,Yes,84.0
1087-GRUYI,Two year,No,20.4,0,No,0.0
7065-YUNRY,Month-to-month,DSL,45.3,0,Yes,85.0
7694-VLBWQ,One year,Fiber optic,104.1,6,Yes,88.0
2546-KZAAT,One year,DSL,75.4,0,No,2.0
0181-RITDD,Two year,Fiber optic,108.15,0,No,0.0
5989-PGKJB,Month-to-month,Fiber optic,86.25,0,No,19.0
4795-KTRTH,Month-to-month,Fiber optic,81.0,0,Yes,88.0
8272-ONJLV,One year,Fiber optic,95.7,0,No,5.0
1488-PBLJN,Two year,Fiber optic,116.85,0,No,0.0
0308-GIQJT,One year,Fiber optic,105.75,0,No,1.0
3778-FOAQW,One year,No,20.15,0,No,2.0
4452-ROHMO,Two year,No,19.6,0,No,0.0
6481-OGDOO,One year,Fiber optic,90.6,7,Yes,60.0
3090-LETTY,Month-to-month,DSL,60.95,0,No,10.0
5349-AZPEW,Month-to-month,DSL,25.05,0,No,37.0
3753-TSEMP,Month-to-month,Fiber optic,88.15,1,Yes,96.0
8305-VHZBZ,Month-to-month,No,20.2,0,Yes,85.92
9720-JJJOR,One year,DSL,60.3,0,No,2.0
8100-HZZLJ,Month-to-month,DSL,63.95,0,No,4.0
8775-ERLNB,Month-to-month,Fiber optic,74.3,0,No,27.0
8309-IEYJD,Month-to-month,Fiber optic,70.6,0,No,25.0
9172-JITSM,Month-to-month,Fiber optic,90.8,2,Yes,95.0
6298-QDFNH,Month-to-month,Fiber optic,79.35,1,Yes,90.0
7398-HPYZQ,Two year,DSL,90.55,0,No,0.0
3546-GHEAE,Two year,No,19.45,0,No,1.0
7361-YPXFS,Month-to-month,DSL,64.45,0,No,3.0
6557-BZXLQ,Month-to-month,Fiber optic,69.65,0,No,16.0
2550-QHZGP,One year,No,19.5,0,No,0.0
7519-JTWQH,Two year,Fiber optic,110.5,4,No,56.0
2538-OIMXF,Month-to-month,DSL,24.7,0,No,12.0
8543-MSDMF,Month-to-month,DSL,77.4,0,No,14.0
9961-JBNMK,Month-to-month,Fiber optic,96.8,2,Yes,98.0
1170-SASML,Month-to-month,Fiber optic,85.4,0,No,3.0
4872-JCVCA,Two year,DSL,47.6,0,No,0.0
5346-BZCHP,Two year,No,19.4,0,No,0.0
2038-LLMLM,Month-to-month,Fiber optic,103.85,4,No,36.0
6173-ITPWD,Month-to-month,Fiber optic,83.35,4,Yes,84.0
9734-UYXQI,Month-to-month,DSL,49.4,0,Yes,76.0
1216-BGTSP,Month-to-month,Fiber optic,108.45,0,No,2.0
4138-NAXED,Month-to-month,Fiber optic,81.0,0,No,10.0
2189-UXTKY,Month-to-month,DSL,79.2,3,Yes,64.0
0744-BIKKF,Two year,DSL,86.65,0,No,0.0
7483-IQWIB,Month-to-month,Fiber optic,92.95,2,No,38.0
5248-KWLAR,Two year,DSL,90.35,0,No,0.0
4958-GZWIY,Month-to-month,DSL,48.7,0,Yes,78.0
7996-MHXLW,Two year,No,25.15,0,No,0.0
7833-PKIHD,One year,DSL,76.4,0,No,1.0
7061-OVMIM,One year,No,19.55,0,No,0.0
5153-RTHKF,Month-to-month,Fiber optic,85.35,0,No,19.0
1852-QSWCD,Two year,No,24.8,0,No,0.0
4832-VRBMR,One year,Fiber optic,103.15,0,No,4.0
9079-LWTFD,Month-to-month,Fiber optic,100.75,0,No,1.0
6356-ELRKD,Month-to-month,Fiber optic,95.6,0,Yes,69.0
8624-GIOUT,Month-to-month,DSL,59.75,5,Yes,92.0
3392-EHMNK,Two year,Fiber optic,94.1,0,No,1.0
5986-WWXDV,One year,No,19.35,0,No,2.0
3061-BCKYI,Month-to-month,No,19.9,0,No,3.0
6179-GJPSO,Month-to-month,Fiber optic,108.15,4,Yes,92.0
7901-TBKJX,Month-to-month,Fiber optic,101.05,0,No,1.0
7228-PAQPD,One year,DSL,59.1,0,No,9.0
3177-LASXD,Month-to-month,Fiber optic,71.35,0,Yes,72.0
7746-QYVCO,One year,DSL,55.85,0,No,1.0
5804-HYIEZ,Month-to-month,Fiber optic,106.05,0,No,0.0
9919-FZDED,Two year,DSL,84.1,0,No,1.0
5934-TSSAU,Month-to-month,Fiber optic,75.3,0,No,8.0
3486-KHMLI,Month-to-month,No,24.7,0,No,3.0
4897-QSUYC,Month-to-month,No,20.15,0,Yes,82.17
1084-UQCHV,Month-to-month,Fiber optic,69.75,0,Yes,91.0
8290-YWKHZ,Month-to-month,Fiber optic,93.2,3,Yes,98.0
2955-BJZHG,Month-to-month,Fiber optic,80.85,0,Yes,77.0
3806-DXQOM,Month-to-month,DSL,33.65,1,Yes,79.0
6784-XYJAE,One year,DSL,55.8,0,No,4.0
3933-DQPWX,Two year,DSL,39.7,0,No,3.0
6661-EIPZC,Month-to-month,DSL,29.5,0,No,9.0
8957-THMOA,Two year,No,20.15,3,No,0.0
2251-PYLPB,Two year,DSL,79.55,0,No,0.0
5555-RNPGT,Month-to-month,No,24.8,0,No,4.0
1057-FOGLZ,Month-to-month,No,19.65,1,No,3.0
9300-RENDD,Month-to-month,Fiber optic,79.95,0,Yes,88.0
0761-AETCS,Month-to-month,No,19.3,0,Yes,72.0
8087-LGYHQ,Month-to-month,Fiber optic,94.05,0,No,23.0
4137-BTIKL,Month-to-month,Fiber optic,90.75,0,No,39.0
2190-BCXEC,Month-to-month,Fiber optic,78.85,0,No,19.0
6227-FBDXH,One year,Fiber optic,99.5,0,No,1.0
2153-MREFK,One year,Fiber optic,99.2,4,Yes,88.0
2911-WDXMV,Month-to-month,Fiber optic,80.55,0,No,10.0
7206-PQBBZ,Month-to-month,Fiber optic,70.2,0,No,27.0
3106-ULWFW,Month-to-month,Fiber optic,85.2,0,Yes,85.0
0925-VYDLG,Month-to-month,Fiber optic,75.25,0,Yes,81.0
4547-FZJWE,One year,DSL,59.45,0,No,1.0
7422-WNBTY,Month-to-month,Fiber optic,93.35,0,No,3.0
0842-IWYCP,Month-to-month,DSL,44.95,0,No,2.0
3521-HTQTV,Two year,No,26.1,0,No,2.0
3744-ZBHON,Month-to-month,No,20.2,0,No,23.0
3373-DIUUN,Two year,No,21.25,0,No,0.0
8383-SGHJU,One year,DSL,59.4,0,No,1.0
7607-QKKTJ,One year,Fiber optic,95.0,0,No,0.0
7707-PYBBH,Month-to-month,DSL,61.9,0,No,2.0
8984-HPEMB,Two year,Fiber optic,118.65,0,No,2.0
4349-GFQHK,Month-to-month,DSL,54.35,0,Yes,86.0
4139-DETXS,Two year,DSL,64.45,0,No,0.0
9779-DPNEJ,Month-to-month,Fiber optic,80.15,0,No,31.0
9805-FILKB,One year,No,20.2,0,No,4.0
5793-YOLJN,Two year,No,21.0,5,No,1.0
0673-IGUQO,Month-to-month,No,20.45,0,No,12.0
4123-FCVCB,One year,DSL,75.85,0,No,24.0
8819-IMISP,Month-to-month,Fiber optic,80.45,0,No,10.0
7802-EFKNY,Month-to-month,DSL,24.95,0,Yes,44.0
8311-UEUAB,Two year,DSL,75.5,0,No,1.0
5858-EAFCZ,Month-to-month,DSL,44.45,0,No,18.0
8035-BUYVG,One year,DSL,42.35,5,Yes,82.0
1163-ONYEY,Month-to-month,DSL,74.55,0,No,0.0
9787-XVQIU,Month-to-month,Fiber optic,75.3,0,Yes,76.0
8945-MUQUF,One year,Fiber optic,94.8,4,Yes,82.0
5656-MJEFC,Two year,DSL,48.15,0,No,0.0
6082-OQFBA,One year,No,19.65,0,No,0.0
8051-HJRLT,Month-to-month,Fiber optic,70.55,0,Yes,81.0
8974-OVACP,Month-to-month,No,20.15,0,No,17.29
4010-YLMVT,Month-to-month,Fiber optic,106.6,0,No,1.0
1379-FRVEB,Month-to-month,Fiber optic,91.0,0,No,12.0
8612-GXIDD,Two year,No,25.4,0,No,1.0
6288-CHQJB,Two year,DSL,69.95,0,No,0.0
8160-HOWOX,Month-to-month,DSL,66.85,0,No,5.0
3023-GFLBR,Month-to-month,Fiber optic,86.15,0,Yes,72.0
6648-INWPS,Month-to-month,No,20.15,0,No,0.0
4223-BKEOR,One year,DSL,64.85,0,No,2.0
4079-VTGLK,Two year,DSL,74.85,0,No,1.0
1763-WQFUK,Month-to-month,DSL,50.5,0,No,14.0
1391-UBDAR,Month-to-month,Fiber optic,72.9,0,No,7.0
8894-JVDCV,One year,Fiber optic,115.05,0,No,0.0
2023-VQFDL,Month-to-month,No,19.0,0,No,10.0
1345-GKDZZ,Month-to-month,No,19.55,0,No,0.0
2014-MKGMH,One year,Fiber optic,101.1,0,No,3.0
5628-FCGYG,Month-to-month,Fiber optic,84.1,0,No,23.0
2560-WBWXF,Two year,No,24.15,0,No,0.0
0248-IPDFW,Month-to-month,DSL,50.1,0,No,37.0
7978-DKUQH,Month-to-month,Fiber optic,74.6,0,No,9.0
4335-UPJSI,Two year,No,19.75,0,No,0.0
0524-IAVZO,Month-to-month,Fiber optic,85.0,0,Yes,41.0
2737-YNGYW,Month-to-month,Fiber optic,80.55,0,Yes,96.0
1784-EZDKJ,One year,Fiber optic,106.8,0,No,2.0
9297-FVVDH,Two year,DSL,84.5,0,No,0.0
8007-YYPWD,Two year,No,25.05,0,No,4.0
7101-HRBLJ,Two year,DSL,83.7,0,No,0.0
5159-YFPKQ,Month-to-month,Fiber optic,75.8,0,Yes,90.0
6635-CPNUN,Month-to-month,Fiber optic,96.6,0,No,6.0
4021-RQSNY,Month-to-month,Fiber optic,98.5,4,Yes,99.0
5453-YBTWV,Two year,Fiber optic,101.1,0,No,2.0
5039-LZRQT,One year,No,20.2,0,No,0.0
2931-VUVJN,One year,Fiber optic,94.05,5,No,19.0
9061-TIHDA,Month-to-month,Fiber optic,95.25,0,Yes,50.0
8699-ASUFO,Month-to-month,Fiber optic,74.4,0,Yes,54.0
6418-PIQSP,Two year,DSL,81.0,2,No,9.0
8220-OCUFY,One year,DSL,60.25,0,No,1.0
3995-WFCSM,Month-to-month,DSL,60.85,0,No,20.0
1895-QTKDO,Month-to-month,DSL,43.95,0,No,13.0
2038-OEQZH,Month-to-month,Fiber optic,86.05,0,No,23.0
1178-PZGAB,One year,No,20.25,0,No,1.0
7927-AUXBZ,Month-to-month,Fiber optic,85.15,0,Yes,66.0
2626-VEEWG,Two year,No,19.4,0,No,0.0
2878-RMWXY,Two year,Fiber optic,102.65,0,No,1.0
1657-DYMBM,Two year,No,19.9,0,No,2.0
7311-MQJCH,One year,No,19.55,0,No,1.0
7375-WMVMT,Two year,Fiber optic,95.5,0,No,0.0
1136-XGEQU,One year,DSL,84.15,0,No,0.0
2530-FMFXO,Two year,Fiber optic,103.2,0,No,3.0
6844-DZKRF,Month-to-month,DSL,50.2,0,No,24.0
4695-WJZUE,Month-to-month,Fiber optic,88.55,0,Yes,94.0
7619-ODSGN,Month-to-month,DSL,54.75,0,Yes,77.0
5970-GHJAW,Two year,No,19.95,0,No,0.0
8879-XUAHX,Two year,Fiber optic,116.25,0,No,0.0
3689-MOZGR,Month-to-month,DSL,31.2,2,No,17.0
4195-PNGZS,Two year,No,24.45,0,No,0.0
5003-XZWWO,Two year,DSL,84.2,0,No,0.0
3988-RQIXO,Month-to-month,Fiber optic,91.3,1,Yes,100.0
7622-FWGEW,Two year,DSL,85.65,5,No,15.0
6922-NCEDI,One year,No,21.2,0,No,1.0
2514-GINMM,Month-to-month,Fiber optic,79.5,0,Yes,94.0
9891-NQDBD,One year,No,25.55,0,No,1.0
6131-IUNXN,Month-to-month,No,20.2,0,No,0.0
8548-AWOFC,Month-to-month,DSL,63.85,0,No,9.0
9798-DRYDS,One year,DSL,61.95,0,No,2.0
8532-UEFWH,Two year,No,25.75,0,No,1.0
6296-DDOOR,One year,DSL,58.2,0,No,1.0
7951-VRDVK,One year,DSL,85.85,0,No,1.0
5931-FLJJF,Month-to-month,Fiber optic,70.1,0,Yes,77.0
4815-YOSUK,One year,Fiber optic,104.9,0,No,1.0
2659-VXMWZ,One year,Fiber optic,111.3,7,Yes,85.0
0380-NEAVX,One year,Fiber optic,99.85,0,No,0.0
3207-OYBWH,Month-to-month,Fiber optic,95.25,6,Yes,76.0
4285-GYRQC,Month-to-month,Fiber optic,86.25,1,Yes,98.0
7216-EWTRS,Month-to-month,Fiber optic,100.8,0,Yes,89.0
4365-MSDYN,Month-to-month,No,19.55,0,No,7.0
7036-TYDEC,Two year,Fiber optic,104.0,0,No,4.0
5802-ADBRC,One year,Fiber optic,104.4,0,No,2.0
8076-FEZKJ,One year,No,19.5,0,No,0.0
5197-YPYBZ,Two year,No,25.25,0,No,0.0
8337-MSSXB,Month-to-month,Fiber optic,86.3,1,Yes,95.0
4312-GVYNH,Two year,DSL,49.85,0,No,0.0
8495-LJDFO,Month-to-month,Fiber optic,108.95,0,No,5.0
0839-JTCUD,Two year,DSL,89.9,0,No,0.0
5494-WOZRZ,Two year,DSL,82.0,0,No,0.0
1302-UHBDD,Month-to-month,Fiber optic,89.95,0,No,6.0
2234-EOFPT,Two year,DSL,79.35,0,No,0.0
8619-IJNDK,Two year,DSL,64.05,0,No,0.0
8378-LKJAF,Month-to-month,Fiber optic,101.15,0,No,3.0
8182-BJDSI,Month-to-month,Fiber optic,89.95,2,Yes,97.0
2528-HFYZX,Month-to-month,Fiber optic,76.45,0,Yes,80.0
1153-GNOLC,One year,DSL,39.1,0,No,4.0
3298-QEICA,Two year,DSL,34.6,1,No,15.0
0788-DXBFY,One year,No,19.55,0,No,1.0
3597-YASZG,Two year,Fiber optic,104.45,0,No,2.0
3496-LFSZU,Month-to-month,Fiber optic,70.5,0,No,60.0
5242-UOWHD,Two year,No,20.35,0,No,0.0
2482-CZGBB,Month-to-month,Fiber optic,70.0,0,Yes,84.0
6479-SZPLM,Two year,No,19.45,0,No,0.0
8097-VBQTZ,Month-to-month,DSL,69.9,4,No,58.0
4500-HKANN,Two year,DSL,59.7,0,No,3.0
9917-KWRBE,One year,DSL,78.35,0,No,1.0
3420-ZDBMA,Month-to-month,Fiber optic,71.45,0,No,15.0
2212-LYASK,One year,DSL,45.85,0,No,6.0
1393-IMKZG,Month-to-month,Fiber optic,95.85,0,No,29.0
8069-RHUXK,Two year,DSL,35.7,3,No,13.0
3398-GCPMU,Two year,DSL,89.55,1,No,0.0
2908-WGAXL,Two year,No,24.95,2,No,2.0
3378-AJRAO,One year,No,24.85,0,No,0.0
1013-QCWAM,Month-to-month,Fiber optic,100.8,0,No,0.0
0866-QLSIR,One year,DSL,64.4,5,Yes,78.0
6050-FFXES,Two year,Fiber optic,105.35,0,No,1.0
7181-BQYBV,Month-to-month,Fiber optic,102.45,0,Yes,85.0
0362-RAOQO,Two year,No,19.65,0,No,0.0
9554-DFKIC,Month-to-month,DSL,54.45,0,No,8.0
5527-ACHSO,Month-to-month,DSL,70.5,0,No,25.0
0829-DDVLK,One year,No,20.1,0,No,0.0
1399-UBQIU,Month-to-month,DSL,69.35,0,No,12.0
1813-JLKWR,One year,No,19.8,0,No,1.0
0336-PIKEI,Two year,DSL,74.4,0,No,0.0
7322-OCWHC,Two year,Fiber optic,93.05,0,No,0.0
9537-VHDTA,Month-to-month,DSL,51.2,0,No,14.0
4957-TIALW,One year,DSL,65.6,0,No,2.0
2054-PJOCK,One year,DSL,80.55,0,No,0.0
9150-HEPMB,One year,DSL,52.7,0,No,1.0
9030-QGZNL,Two year,No,20.85,0,No,2.0
6204-IEUXJ,Month-to-month,Fiber optic,80.1,0,Yes,85.0
3126-WQMGH,Month-to-month,DSL,52.15,0,No,8.0
4529-CKBCL,Month-to-month,Fiber optic,80.2,0,Yes,95.0
2506-CLAKW,Month-to-month,Fiber optic,98.15,0,Yes,79.0
7176-WRTNX,Two year,Fiber optic,114.95,0,No,3.0
1583-IHQZE,Month-to-month,Fiber optic,112.95,0,Yes,69.0
5732-IKGQH,One year,Fiber optic,104.45,4,No,21.0
9239-GZHZE,Two year,Fiber optic,113.65,0,No,0.0
7205-BAIAD,Two year,No,20.6,0,No,1.0
0151-ONTOV,Month-to-month,Fiber optic,70.9,0,Yes,91.0
4140-MUHUG,Month-to-month,Fiber optic,86.85,0,Yes,91.0
0093-EXYQL,Month-to-month,Fiber optic,91.55,0,No,2.0
8064-RAVOH,Month-to-month,DSL,49.85,0,No,85.0
0219-QAERP,One year,No,19.8,0,No,0.0
0320-JDNQG,Month-to-month,Fiber optic,99.85,4,Yes,90.0
7180-PISOG,Month-to-month,Fiber optic,74.5,0,Yes,91.0
9168-INPSZ,Month-to-month,Fiber optic,104.15,0,No,10.0
3571-RFHAR,Month-to-month,Fiber optic,109.15,6,Yes,88.0
0015-UOCOJ,Month-to-month,DSL,48.2,0,No,18.0
5334-AFQJB,Two year,No,25.1,0,No,0.0
2754-SDJRD,Month-to-month,Fiber optic,100.15,0,No,19.0
9578-VRMNM,Month-to-month,DSL,65.2,2,Yes,91.0
1587-FKLZB,Month-to-month,Fiber optic,99.5,5,Yes,96.0
6140-QNRQQ,Month-to-month,Fiber optic,71.55,0,Yes,54.0
8963-JLGJT,Month-to-month,DSL,55.9,0,No,26.0
4307-KTUMW,Month-to-month,Fiber optic,93.9,5,Yes,85.0
1465-LNTLJ,Month-to-month,DSL,64.4,0,No,6.0
5440-FLBQG,Two year,Fiber optic,108.4,7,Yes,78.0
2135-DQWAQ,Month-to-month,Fiber optic,85.3,0,No,16.0
4056-QHXHZ,Two year,Fiber optic,107.45,0,No,0.0
7470-MCQTK,Month-to-month,DSL,48.75,1,Yes,95.0
7488-MXJIV,Month-to-month,Fiber optic,85.65,0,Yes,85.0
7401-JIXNM,Two year,DSL,91.3,0,No,0.0
9339-FIIJL,Two year,DSL,85.95,0,No,0.0
2027-FECZV,Month-to-month,Fiber optic,106.7,2,Yes,96.0
2672-DZUOY,Month-to-month,DSL,25.15,0,Yes,89.0
4706-DGAHW,Month-to-month,DSL,45.2,0,No,30.0
3870-MQAMG,One year,Fiber optic,110.35,5,Yes,89.0
6670-MFRPK,Two year,Fiber optic,79.2,0,No,5.0
6177-PEVRA,Two year,DSL,55.5,0,No,0.0
4800-CZMPC,One year,Fiber optic,103.25,3,Yes,86.0
4813-HQMGZ,Month-to-month,Fiber optic,90.25,0,No,24.0
7579-KKLOE,Two year,DSL,91.25,0,No,0.0
7377-DMMRI,Month-to-month,DSL,47.8,0,Yes,57.0
8402-EIVQS,One year,Fiber optic,100.9,0,No,0.0
4947-DSMXK,Month-to-month,Fiber optic,97.7,0,No,2.0
7245-NIIWQ,Month-to-month,Fiber optic,69.85,0,No,40.0
0002-ORFBO,One year,DSL,65.6,0,No,9.0
3324-OIRTO,One year,Fiber optic,104.65,0,No,1.0
5414-OFQCB,Two year,Fiber optic,90.45,0,No,2.0
4967-WPNCF,Two year,DSL,63.7,0,No,0.0
8552-OBVRU,Month-to-month,Fiber optic,104.5,0,No,3.0
8499-BRXTD,One year,No,20.1,0,No,1.0
9154-QDGTH,One year,Fiber optic,104.3,0,No,1.0
8197-BFWVU,Two year,DSL,93.25,0,No,0.0
2577-GVSIL,One year,DSL,73.45,0,No,1.0
9367-OIUXP,Month-to-month,No,20.7,0,No,5.0
6770-UAYGJ,Two year,No,25.25,0,No,0.0
6463-HHXJR,Two year,Fiber optic,100.5,0,No,2.0
7928-VJYAB,Month-to-month,Fiber optic,90.6,0,No,15.0
1187-WILMM,Two year,DSL,89.4,0,No,0.0
9776-OJUZI,Month-to-month,Fiber optic,95.45,0,No,2.0
1306-RPWXZ,Two year,No,20.45,0,No,0.0
8949-JTMAY,Month-to-month,Fiber optic,98.6,2,Yes,98.0
2774-LVQUS,Month-to-month,Fiber optic,83.05,0,Yes,70.0
3097-PYWXL,Month-to-month,No,19.95,0,No,9.0
2266-SJNAT,One year,Fiber optic,109.15,0,No,2.0
0869-PAPRP,Month-to-month,Fiber optic,85.7,1,No,25.0
4238-JSSWH,Month-to-month,Fiber optic,102.05,0,No,6.0
2972-YDYUW,One year,Fiber optic,94.7,0,No,0.0
1104-FEJAM,Month-to-month,DSL,64.4,0,No,3.0
2809-ILCYT,One year,No,26.8,0,No,5.0
5499-ECUTN,One year,DSL,66.05,0,No,0.0
4981-FLTMF,Month-to-month,DSL,65.2,0,No,3.0
9121-PHQSR,Month-to-month,Fiber optic,85.05,0,No,25.0
3113-IWHLC,Month-to-month,DSL,55.8,0,No,8.0
3211-ILJTT,Month-to-month,Fiber optic,70.4,0,Yes,73.0
4612-THJBS,One year,Fiber optic,104.75,6,Yes,94.0
4277-BWBML,Two year,No,19.95,4,No,0.0
4094-NSEDU,Month-to-month,Fiber optic,94.25,2,Yes,100.0
0234-TEVTT,One year,DSL,45.0,0,No,0.0
4304-TSPVK,Two year,Fiber optic,114.9,0,No,0.0
1552-AAGRX,Month-to-month,Fiber optic,106.4,0,No,11.0
2637-FKFSY,Month-to-month,DSL,46.1,0,No,19.0
9796-MVYXX,Two year,DSL,39.7,0,No,0.0
7874-ECPQJ,Month-to-month,No,20.05,0,No,4.0
0020-INWCK,Two year,Fiber optic,95.75,0,No,0.0
7089-RKVSZ,One year,No,24.4,0,No,1.0
2683-JXWQQ,Month-to-month,DSL,33.6,0,No,12.0
9548-ZMVTX,Two year,Fiber optic,90.45,0,No,1.0
8739-XNIKG,Month-to-month,Fiber optic,84.0,0,No,39.0
9755-JHNMN,Two year,DSL,67.4,0,No,0.0
3981-QSVQI,Month-to-month,No,19.7,0,No,4.0
2789-HQBOU,Month-to-month,Fiber optic,80.35,0,No,30.0
9424-CMPOG,Two year,No,19.6,0,No,0.0
5067-WJEUN,Two year,DSL,54.2,0,No,0.0
3450-WXOAT,Month-to-month,DSL,45.2,2,No,18.0
9251-WNSOD,One year,DSL,75.1,0,No,1.0
6974-DAFLI,One year,No,19.7,0,No,1.0
2616-UUTFK,Month-to-month,DSL,72.75,0,No,2.0
7064-JHXCE,Two year,No,20.05,0,No,0.0
5103-MHMHY,Month-to-month,DSL,45.95,0,Yes,86.0
7989-AWGEH,Month-to-month,DSL,39.2,0,No,1.0
4373-VVHQL,Month-to-month,DSL,44.75,0,No,30.0
4559-UWIHT,Month-to-month,Fiber optic,82.65,0,No,19.0
7268-IGMFD,Month-to-month,Fiber optic,93.9,0,No,7.0
1846-XWOQN,Month-to-month,Fiber optic,70.15,0,Yes,87.0
0235-KGSLC,Month-to-month,Fiber optic,85.55,0,Yes,93.0
6650-BWFRT,Two year,Fiber optic,117.15,6,No,6.0
9570-KYEUA,Two year,Fiber optic,99.25,0,No,1.0
6993-YGFJV,Two year,Fiber optic,112.55,0,No,0.0
2712-SYWAY,Month-to-month,No,25.7,0,No,17.0
0730-BGQGF,Two year,DSL,90.3,0,No,0.0
5498-IBWPI,One year,DSL,49.4,0,No,2.0
9101-NTIXF,Month-to-month,No,19.4,0,No,5.0
0013-SMEOE,Two year,Fiber optic,109.7,0,No,0.0
9314-QDMDW,One year,DSL,61.25,0,No,7.0
9308-ANMVE,Month-to-month,DSL,55.3,0,No,2.0
2884-GBPFB,Month-to-month,Fiber optic,70.3,0,Yes,81.0
3757-NJYBX,Month-to-month,Fiber optic,106.35,3,Yes,93.0
3413-DHLPB,Month-to-month,Fiber optic,103.75,0,No,0.0
7649-PHJVR,One year,No,19.5,0,No,0.0
6114-TCFID,One year,DSL,39.5,0,No,0.0
3787-TRIAL,Month-to-month,DSL,26.05,1,No,20.0
2573-GYRUU,Month-to-month,Fiber optic,91.05,0,No,3.0
5156-UMKOW,Month-to-month,DSL,29.65,0,No,10.0
1247-QBVSH,Month-to-month,DSL,50.2,0,No,4.0
6734-GMPVK,Month-to-month,Fiber optic,105.3,0,No,21.0
9822-OAOVB,Month-to-month,DSL,55.45,0,No,12.0
6161-ERDGD,One year,DSL,85.45,0,No,6.0
1226-JZNKR,One year,No,19.8,0,No,2.0
7318-EIVKO,Month-to-month,DSL,59.25,0,No,11.0
3771-PZOBW,Month-to-month,Fiber optic,90.7,0,No,7.0
5136-KCKGI,One year,Fiber optic,103.7,3,Yes,91.0
8231-BSWXX,One year,Fiber optic,79.05,0,No,2.0
6486-LHTMA,One year,Fiber optic,90.7,0,No,2.0
4083-BFNYK,One year,Fiber optic,95.0,0,No,0.0
3722-WPXTK,Month-to-month,Fiber optic,88.35,0,Yes,95.0
7389-KBFIT,Month-to-month,DSL,30.25,0,No,8.0
7176-WIONM,Month-to-month,DSL,49.85,0,No,29.0
5141-ZUVBH,Month-to-month,Fiber optic,93.0,0,No,15.0
1089-HDMKP,Month-to-month,DSL,54.55,0,No,6.0
7623-HKYRK,Month-to-month,No,19.7,0,No,1.0
0310-SUCIN,One year,DSL,84.8,0,No,1.0
5197-PYEPU,One year,Fiber optic,94.45,4,No,60.0
2929-ERCFZ,Month-to-month,Fiber optic,94.2,1,Yes,84.0
7548-SEPYI,Month-to-month,Fiber optic,96.25,0,Yes,93.0
8835-VSDSE,Month-to-month,Fiber optic,70.7,0,Yes,47.0
6619-RPLQZ,Two year,No,20.85,0,No,0.0
3275-RHRNE,One year,DSL,60.0,0,No,2.0
3503-TYDAY,Month-to-month,Fiber optic,80.45,0,No,9.0
6901-GOGZG,Two year,DSL,84.95,0,No,1.0
1623-NLDOT,One year,DSL,33.55,0,Yes,3.0
7021-XSNYE,Two year,DSL,49.65,0,No,2.0
9621-OUPYD,One year,No,20.2,0,No,0.0
9898-KZQDZ,Month-to-month,Fiber optic,94.55,6,Yes,89.0
8982-NHAVY,One year,Fiber optic,100.5,0,No,2.0
4307-KWMXE,Month-to-month,DSL,35.75,0,No,3.0
0141-YEAYS,Month-to-month,Fiber optic,86.45,0,No,5.0
2450-ZKEED,One year,DSL,53.8,0,No,13.0
3694-DELSO,Month-to-month,DSL,38.55,0,No,19.0
3893-JRNFS,Month-to-month,DSL,39.9,0,No,3.0
9603-OAIHC,Month-to-month,Fiber optic,70.05,0,No,29.93
1133-KXCGE,One year,No,20.1,0,No,0.0
5236-PERKL,Two year,Fiber optic,112.95,5,Yes,92.0
0142-GVYSN,Month-to-month,No,20.3,0,No,0.0
1049-FYSYG,Month-to-month,DSL,35.65,0,No,8.0
7854-FOKSF,Month-to-month,DSL,35.9,0,Yes,93.0
2519-FAKOD,Month-to-month,Fiber optic,99.25,4,Yes,94.0
8406-LNMHF,One year,Fiber optic,82.95,0,No,1.0
1821-BUCWY,Two year,DSL,55.65,0,No,0.0
8263-JQAIK,Month-to-month,DSL,24.45,0,Yes,88.0
0023-UYUPN,One year,No,25.2,0,No,6.0
8314-DPQHL,One year,DSL,50.8,0,No,0.0
1465-WCZVT,Month-to-month,No,19.65,0,No,6.0
9481-SFCQY,Month-to-month,DSL,59.8,0,No,4.0
6360-SVNWV,Month-to-month,Fiber optic,73.55,0,No,7.0
0567-GGCAC,Month-to-month,DSL,61.4,0,No,3.0
7089-IVVAZ,Month-to-month,Fiber optic,103.35,0,Yes,88.0
8884-MRNSU,One year,No,19.9,0,No,5.0
2171-UDMFD,Month-to-month,No,19.45,0,No,8.0
9050-IKDZA,Month-to-month,Fiber optic,81.5,0,No,36.0
2205-YMZZJ,Month-to-month,Fiber optic,84.8,0,Yes,90.0
9802-CAQUT,Two year,Fiber optic,109.55,0,No,0.0
1254-IZEYF,Month-to-month,Fiber optic,99.95,1,Yes,94.0
0187-WZNAB,Month-to-month,Fiber optic,74.4,0,No,24.0
9492-TOKRI,Month-to-month,Fiber optic,90.0,1,Yes,91.0
1475-VWVDO,Month-to-month,Fiber optic,74.9,0,No,15.0
9221-OTIVJ,Month-to-month,Fiber optic,104.85,1,Yes,97.0
1357-MVDOZ,Month-to-month,DSL,59.65,0,No,2.0
7602-MVRMB,Two year,Fiber optic,110.45,0,No,1.0
3325-FUYCG,One year,Fiber optic,106.1,2,Yes,71.0
5908-QMGOE,Month-to-month,Fiber optic,74.2,0,Yes,81.0
1197-BVMVG,Month-to-month,Fiber optic,74.45,0,No,80.0
5406-KGRMX,Two year,No,24.55,0,No,0.0
8481-YYXWG,Month-to-month,Fiber optic,89.35,0,Yes,84.0
5968-HYJRZ,Two year,No,24.55,0,No,1.0
5198-EFNBM,One year,Fiber optic,90.65,0,No,0.0
7516-GMHUV,Two year,Fiber optic,105.05,0,No,4.0
7140-ADSMJ,Month-to-month,No,20.45,0,No,1.0
2230-XTUWL,Two year,No,19.55,0,No,0.0
7706-YLMQA,One year,No,19.7,0,No,0.0
2585-KTFRE,Month-to-month,DSL,70.45,0,No,17.0
7994-UYIVZ,Month-to-month,Fiber optic,85.65,0,No,36.0
2609-IAICY,Month-to-month,Fiber optic,77.15,0,Yes,94.0
1740-CSDJP,Month-to-month,DSL,35.25,0,Yes,91.0
7717-BICXI,Two year,No,20.55,0,No,0.0
6559-RAKOZ,One year,Fiber optic,97.95,0,No,1.0
2636-OHFMN,Month-to-month,DSL,48.55,0,Yes,86.0
4716-MRVEN,One year,No,20.0,0,No,0.0
2143-LJULT,Two year,No,25.25,0,No,0.0
1323-OOEPC,Month-to-month,Fiber optic,98.4,6,Yes,94.0
3200-MNQTF,Two year,DSL,70.9,0,No,0.0
6164-HXUGH,Month-to-month,No,19.85,0,No,12.0
5630-IXDXV,Month-to-month,Fiber optic,106.35,0,No,2.0
0320-DWVTU,Two year,Fiber optic,99.5,0,No,0.0
9135-MGVPY,Two year,DSL,84.7,0,No,0.0
1212-GLHMD,Month-to-month,Fiber optic,86.05,0,No,29.0
7878-JGDKK,Month-to-month,DSL,44.55,0,No,19.0
1088-AUUZZ,Two year,DSL,75.85,0,No,1.0
0397-GZBBC,Month-to-month,Fiber optic,93.85,4,Yes,88.0
6614-YWYSC,Two year,No,25.0,1,No,2.0
9588-OZDMQ,Month-to-month,DSL,45.0,0,No,20.0
7641-EUYET,Month-to-month,Fiber optic,100.7,5,Yes,94.0
6476-EPYZR,Month-to-month,No,20.5,0,No,2.0
9921-ZVRHG,Month-to-month,Fiber optic,80.45,1,Yes,93.0
1174-FGIFN,One year,Fiber optic,90.45,0,No,12.0
6620-HVDUJ,Month-to-month,DSL,60.45,1,No,8.0
4701-MLJPN,Month-to-month,DSL,55.25,0,Yes,3.0
1032-MAELW,One year,DSL,78.45,0,No,0.0
7641-TQFHN,Two year,Fiber optic,100.55,3,No,16.0
1552-TKMXS,Month-to-month,No,20.35,0,No,3.0
9206-GVPEQ,Month-to-month,DSL,54.45,0,Yes,74.0
8622-ZLFKO,Month-to-month,Fiber optic,90.75,0,No,31.0
1596-BBVTG,Month-to-month,Fiber optic,75.35,0,Yes,78.0
6188-UXBBR,One year,No,20.25,0,No,0.0
2333-KWEWW,Two year,No,20.05,0,No,0.0
5702-SKUOB,Month-to-month,No,19.6,0,No,6.0
1134-YWTYF,Month-to-month,DSL,53.8,0,No,3.0
6061-GWWAV,One year,DSL,70.2,0,No,0.0
0679-TDGAK,One year,DSL,75.5,0,No,3.0
6585-WCEWR,Two year,No,20.35,0,No,0.0
9067-YGSCA,One year,No,26.05,0,No,0.0
9067-SQTNS,One year,No,20.6,0,No,3.0
8433-WXGNA,Month-to-month,Fiber optic,75.7,0,Yes,80.0
1776-SPBWV,One year,No,20.1,0,No,0.0
8735-SDUFN,Two year,No,24.3,0,No,0.0
9668-PUGNU,Two year,No,24.5,6,No,2.0
9405-GPBBG,Two year,Fiber optic,110.5,0,No,0.0
1926-QUZNN,Two year,No,25.25,0,No,0.0
3707-GNWHM,Month-to-month,Fiber optic,74.25,0,Yes,94.0
7016-NVRIC,One year,Fiber optic,90.1,0,No,4.0
5829-NVSQN,One year,DSL,68.75,0,No,1.0
9565-AXSMR,Two year,No,19.2,1,No,11.0
8922-LIEGH,Month-to-month,Fiber optic,89.7,2,Yes,99.0
8869-LIHMK,Two year,Fiber optic,115.1,0,No,0.0
8245-UMPYT,Month-to-month,Fiber optic,96.4,0,Yes,78.0
5186-SAMNZ,Month-to-month,Fiber optic,69.5,0,Yes,85.0
0447-RXSGD,Month-to-month,Fiber optic,99.65,0,No,2.0
4927-WWOOZ,Month-to-month,Fiber optic,91.45,0,No,83.0
5788-YPOEG,Two year,DSL,84.75,0,No,0.0
5373-SFODM,Month-to-month,Fiber optic,85.25,0,Yes,83.0
0661-KBKPA,One year,DSL,78.75,0,No,2.0
9081-WWXKP,Two year,No,20.25,0,No,0.0
0784-ZQJZX,Two year,No,19.9,0,No,0.0
3133-PZNSR,Two year,Fiber optic,97.75,0,No,0.0
5766-ZJYBB,Month-to-month,No,19.4,0,Yes,41.33
8931-GJJIQ,Month-to-month,Fiber optic,83.3,0,Yes,95.0
4277-PVRAN,Month-to-month,Fiber optic,80.1,0,Yes,83.0
0022-TCJCI,One year,DSL,62.7,5,Yes,83.0
0722-SVSFK,Month-to-month,Fiber optic,100.4,0,No,21.0
3612-YVGSJ,Two year,No,24.45,0,No,0.0
9825-YCXWZ,One year,Fiber optic,101.1,0,No,1.0
5397-NSKQG,Two year,DSL,50.9,4,No,37.0
8565-HBFNN,One year,Fiber optic,107.2,0,No,0.0
2000-DHJUY,Two year,DSL,92.2,0,No,0.0
0203-HHYIJ,One year,No,25.3,0,Yes,62.0
8670-ERCJH,Two year,Fiber optic,113.4,0,No,2.0
7758-UJWYS,Two year,DSL,40.55,0,No,3.0
2050-ONYDQ,Two year,No,26.0,0,No,0.0
7055-JCGNI,Two year,Fiber optic,111.95,0,No,0.0
0739-UUAJR,Two year,DSL,53.8,0,No,0.0
4826-DXMUP,One year,DSL,72.1,0,No,10.0
0952-KMEEH,Month-to-month,Fiber optic,98.15,0,Yes,68.0
7285-KLOTR,One year,DSL,78.85,0,No,1.0
0654-PQKDW,One year,DSL,70.75,0,No,0.0
7175-NTIXE,Month-to-month,DSL,76.15,0,No,3.0
7963-SHNDT,Two year,DSL,39.1,0,No,0.0
9796-BPKIW,Month-to-month,Fiber optic,69.95,0,No,54.0
0188-GWFLE,Month-to-month,No,20.05,0,No,2.0
8129-GMVGI,Two year,No,20.05,0,No,0.0
2882-DDZPG,Month-to-month,No,19.45,0,No,4.0
3547-LQRIK,One year,No,26.9,0,No,0.0
9137-NOQKA,Month-to-month,No,19.2,0,No,15.0
5843-TTHGI,Month-to-month,DSL,50.0,0,No,10.0
1849-RJYIG,Month-to-month,DSL,60.0,0,No,10.0
8868-GAGIO,Month-to-month,Fiber optic,84.55,0,No,2.0
4061-UKJWL,Month-to-month,DSL,45.45,0,No,16.0
5380-XPJNZ,One year,No,20.05,0,No,1.0
8263-QMNTJ,Two year,Fiber optic,115.55,0,No,0.0
8178-EYZUO,Month-to-month,Fiber optic,93.7,2,Yes,92.0
3230-JCNZS,Two year,Fiber optic,99.0,0,No,0.0
0277-ORXQS,Two year,DSL,50.55,0,No,0.0
5130-IEKQT,Month-to-month,Fiber optic,105.95,3,Yes,94.0
3230-WYKIR,One year,DSL,82.0,1,Yes,72.0
7996-BPXHY,Two year,No,25.0,0,No,0.0
3227-WLKLI,Two year,DSL,91.55,0,No,0.0
0407-BDJKB,Month-to-month,Fiber optic,95.75,5,Yes,90.0
2266-FUBDZ,Two year,No,19.35,0,No,0.0
8237-ULIXL,Two year,No,24.85,0,No,0.0
9600-UDOPK,Month-to-month,Fiber optic,94.05,3,Yes,89.0
8216-AZUUZ,Two year,Fiber optic,100.4,3,No,54.0
9153-BTBVV,Two year,No,25.0,0,No,0.0
4074-SJFFA,Month-to-month,DSL,54.75,0,Yes,80.0
3269-ATYWD,Month-to-month,Fiber optic,95.65,1,Yes,73.0
5186-PEIZU,Month-to-month,No,19.25,0,No,6.0
1074-AMIOH,Month-to-month,Fiber optic,108.25,0,No,2.0
4910-GMJOT,Month-to-month,Fiber optic,94.6,0,Yes,97.0
0354-WYROK,Month-to-month,Fiber optic,98.9,5,Yes,95.0
4361-FEBGN,Two year,No,20.15,0,No,0.0
7748-UMTRK,Month-to-month,Fiber optic,101.3,0,No,5.0
0380-ZCSBI,Month-to-month,No,20.0,0,No,0.0
7145-FEJWU,Month-to-month,Fiber optic,105.3,0,No,39.0
6463-MVYRY,Two year,DSL,69.85,0,No,1.0
3969-JQABI,Month-to-month,DSL,65.25,3,No,19.0
9624-EGDEQ,Two year,No,19.8,0,No,0.0
1051-EQPZR,Month-to-month,No,19.6,0,No,4.0
5849-ASHZJ,One year,No,20.05,0,No,0.0
5780-INQIK,Month-to-month,DSL,49.4,0,No,12.0
7576-OYWBN,Month-to-month,Fiber optic,76.05,0,Yes,98.0
4526-ZJJTM,Month-to-month,Fiber optic,88.4,0,No,5.0
8384-FZBJK,Month-to-month,Fiber optic,100.6,0,No,0.0
3750-RNQKR,Month-to-month,No,19.45,0,No,2.0
0962-CQPWQ,Two year,No,20.3,0,No,0.0
3096-YXENJ,Two year,Fiber optic,107.65,0,No,0.0
1265-BCFEO,Two year,DSL,80.45,0,No,0.0
5837-LXSDN,One year,DSL,58.85,0,No,2.0
5945-AZYHT,One year,Fiber optic,109.6,3,No,14.0
8325-QRPZR,Month-to-month,Fiber optic,75.15,0,No,15.0
6384-VMJHP,Two year,DSL,73.0,0,No,0.0
2262-SLNVK,Month-to-month,Fiber optic,70.1,0,No,32.0
7730-CLDSV,Two year,Fiber optic,98.65,0,No,0.0
1135-HIORI,One year,Fiber optic,111.45,0,No,2.0
0164-APGRB,Two year,Fiber optic,114.9,0,No,0.0
6481-ESCNL,Month-to-month,Fiber optic,100.55,0,No,2.0
1790-NESIO,Two year,No,20.4,0,No,0.0
1550-EENBN,Month-to-month,Fiber optic,104.35,0,No,2.0
5539-TMZLF,Month-to-month,Fiber optic,69.75,0,Yes,98.0
4323-SADQS,Month-to-month,DSL,34.5,0,Yes,71.0
4446-BZKHU,Month-to-month,Fiber optic,105.55,6,Yes,84.0
5202-IVJNU,Month-to-month,DSL,30.1,0,Yes,66.0
5976-JCJRH,Month-to-month,Fiber optic,70.3,0,Yes,93.0
8198-RKSZG,Month-to-month,DSL,80.45,0,No,11.0
0137-OCGAB,Month-to-month,Fiber optic,80.2,0,Yes,75.0
3351-NQLDI,One year,Fiber optic,94.35,8,Yes,85.0
9297-EONCV,Two year,DSL,91.35,0,No,0.0
7593-JNWRU,Month-to-month,DSL,44.6,0,Yes,75.0
4588-YBNIB,Month-to-month,No,19.6,0,Yes,76.0
1069-QJOEE,One year,No,19.9,0,No,0.0
3336-JORSO,Month-to-month,Fiber optic,110.45,3,Yes,90.0
7799-DSEWS,Month-to-month,DSL,68.35,0,No,4.0
8766-PAFNE,Two year,DSL,79.1,0,No,0.0
5315-CKEQK,One year,DSL,51.0,2,No,44.0
3130-ICDUP,Month-to-month,Fiber optic,80.55,0,No,43.0
0820-FNRNX,Month-to-month,DSL,66.7,0,No,6.0
0880-FVFWF,Month-to-month,Fiber optic,86.4,0,No,1.0
4611-ANLQC,One year,DSL,50.05,0,No,1.0
4213-HKBJO,Two year,No,25.7,0,No,3.0
2792-LSHWX,Month-to-month,Fiber optic,83.4,0,No,70.0
5028-GZLDO,Month-to-month,Fiber optic,70.7,0,Yes,80.0
0014-BMAQU,Two year,Fiber optic,84.65,0,No,1.0
6861-XWTWQ,Month-to-month,Fiber optic,99.25,0,Yes,91.0
9018-PCIOK,Two year,DSL,64.75,0,No,0.0
4837-QUSFT,One year,Fiber optic,100.15,0,No,0.0
6877-TJMBR,Month-to-month,Fiber optic,84.8,0,Yes,90.0
9953-ZMKSM,Two year,No,25.25,0,No,0.0
0907-HQNTS,Two year,Fiber optic,113.0,0,No,0.0
7665-NKLAV,Two year,DSL,40.65,0,No,0.0
6769-DCQLI,One year,Fiber optic,105.0,6,Yes,85.0
2433-KMEAS,Month-to-month,DSL,54.45,0,Yes,75.0
4391-LNRXK,Month-to-month,Fiber optic,94.95,0,No,0.0
8250-ZNGGW,Month-to-month,DSL,59.9,0,No,31.0
2195-ZRVAX,Month-to-month,Fiber optic,85.3,3,Yes,87.0
3550-SAHFP,Month-to-month,Fiber optic,83.35,2,Yes,96.0
2011-TRQYE,Month-to-month,DSL,33.5,3,Yes,86.0
8562-GHPPI,Month-to-month,No,19.8,0,No,2.0
5893-PYOLZ,Two year,DSL,81.8,4,No,8.0
4986-MXSFP,Month-to-month,No,20.0,0,No,4.0
6131-FOYAS,Month-to-month,DSL,59.6,0,No,4.0
3027-YNWZU,Two year,No,25.0,0,No,0.0
5609-IMCGG,Month-to-month,Fiber optic,84.35,0,No,7.0
4873-ILOLJ,Month-to-month,Fiber optic,90.35,2,Yes,93.0
4727-MCYZG,Month-to-month,DSL,55.55,0,No,14.0
9481-WHGWY,Two year,DSL,75.35,0,No,0.0
2725-KXXWT,Month-to-month,Fiber optic,90.75,0,Yes,75.0
9565-DJPIB,Month-to-month,Fiber optic,89.6,2,Yes,94.0
4328-VUFWD,One year,DSL,59.3,0,No,2.0
3301-LSLWQ,Month-to-month,DSL,66.1,0,No,2.0
7473-ZBDSN,Two year,No,18.8,0,No,1.0
3166-PNEOF,Two year,DSL,86.45,0,No,0.0
5639-NTUPK,Month-to-month,DSL,52.1,0,No,7.0
8780-YRMTT,Two year,DSL,47.4,0,No,1.0
8348-HFYIV,Month-to-month,DSL,49.25,0,Yes,94.0
5140-FOMCQ,One year,Fiber optic,109.15,1,No,23.0
6242-SGYTS,One year,Fiber optic,94.95,0,No,0.0
8166-ORCHU,One year,Fiber optic,93.55,0,No,0.0
8414-OOEEL,Two year,DSL,79.5,0,No,1.0
8454-AATJP,Two year,Fiber optic,115.05,0,No,1.0
6849-WLEYG,Month-to-month,No,19.75,0,Yes,77.0
4659-NZRUF,Month-to-month,Fiber optic,95.15,1,Yes,86.0
4531-AUZNK,One year,Fiber optic,95.15,0,No,1.0
4191-XOVOM,Month-to-month,Fiber optic,105.4,0,No,3.0
2150-OEGBV,One year,No,20.1,0,No,2.0
8429-XIBUM,Month-to-month,Fiber optic,101.35,2,Yes,93.0
1855-CFULU,Month-to-month,No,20.05,0,No,12.0
4878-BUNFV,Two year,No,20.7,0,No,1.0
1872-EBWSC,One year,No,20.35,0,No,0.0
2608-BHKFN,Month-to-month,Fiber optic,70.05,0,Yes,96.0
7026-YMSBE,One year,No,19.7,0,No,0.0
7341-LXCAF,Month-to-month,Fiber optic,74.65,0,Yes,92.0
6997-UVGOX,Two year,DSL,85.45,0,No,0.0
9674-EHPPG,Two year,DSL,40.4,0,No,0.0
9462-MJUAW,Month-to-month,DSL,50.4,0,Yes,81.0
8128-YVJRG,Month-to-month,Fiber optic,79.65,0,Yes,23.0
5440-VHLUL,One year,Fiber optic,105.2,0,No,1.0
5781-BKHOP,Two year,Fiber optic,100.65,0,No,1.0
4283-FUTGF,Month-to-month,Fiber optic,79.85,0,Yes,83.0
5213-TWWJU,Month-to-month,Fiber optic,91.0,0,No,3.0
1569-TTNYJ,Month-to-month,Fiber optic,78.75,0,Yes,95.0
8628-MFKAX,Two year,Fiber optic,116.75,0,No,0.0
2397-BRLOM,Month-to-month,Fiber optic,80.45,0,Yes,85.0
7629-WIXZF,One year,DSL,59.1,0,No,9.0
5445-GLVOT,Month-to-month,DSL,49.8,0,No,52.0
3976-HXHCE,Two year,No,19.3,0,No,2.0
2466-NEJOJ,Month-to-month,No,19.65,0,No,3.0
0254-KCJGT,One year,DSL,81.4,0,No,0.0
5472-CVMDX,Two year,DSL,38.9,0,No,0.0
6461-SZMCV,Two year,DSL,87.95,0,No,0.0
8150-QUDFX,Month-to-month,No,19.85,0,No,14.0
9508-ILZDG,Month-to-month,Fiber optic,96.35,0,No,19.0
2346-DJQTB,Month-to-month,DSL,24.15,0,No,9.0
1697-LYYYX,One year,No,19.1,0,No,1.0
1942-OQFRW,Month-to-month,DSL,44.0,0,No,16.0
4749-VFKVB,Month-to-month,DSL,50.1,0,Yes,82.0
9640-ZSLDC,One year,DSL,60.6,0,No,2.0
4231-LZUYM,Two year,No,25.65,0,No,0.0
7598-UAASY,Month-to-month,Fiber optic,76.4,0,Yes,81.0
7938-OUHIO,Month-to-month,Fiber optic,98.7,0,Yes,83.0
8510-AWCXC,Month-to-month,Fiber optic,100.8,1,Yes,99.0
6128-AQBMT,Month-to-month,DSL,53.95,0,No,4.0
3594-BDSOA,One year,No,20.4,0,No,0.0
0431-APWVY,One year,Fiber optic,90.1,2,Yes,81.0
5133-VRSAB,Month-to-month,DSL,29.35,0,No,5.0
5996-DAOQL,Month-to-month,No,20.45,0,No,6.0
6838-YAUVY,Two year,Fiber optic,95.1,0,No,2.0
0484-JPBRU,Month-to-month,No,25.25,0,No,10.0
7883-ROJOC,Month-to-month,DSL,44.9,0,No,5.0
0244-LGNFY,Two year,DSL,92.65,0,No,0.0
7274-CGTOD,Two year,DSL,43.7,0,No,0.0
4295-YURET,Two year,DSL,72.6,0,No,2.0
3426-NIYYL,Month-to-month,DSL,51.55,0,Yes,65.0
8225-BTJAU,Month-to-month,Fiber optic,79.25,0,Yes,83.0
4635-EJYPD,Two year,No,18.95,0,No,1.0
1866-ZSLJM,Month-to-month,No,20.5,0,No,3.0
4636-TVXVG,One year,No,19.95,0,No,0.0
4236-UJPWO,Month-to-month,DSL,24.5,0,No,22.0
9392-XBGTD,Two year,No,20.6,0,No,0.0
3387-VATUS,Month-to-month,Fiber optic,94.85,0,Yes,97.0
6402-SSEJG,One year,DSL,61.05,0,No,1.0
1143-NMNQJ,Month-to-month,Fiber optic,85.7,0,Yes,99.0
1169-SAOCL,One year,Fiber optic,106.65,0,No,0.0
1110-KYLGQ,Month-to-month,Fiber optic,108.25,0,No,0.0
9929-PLVPA,Month-to-month,No,20.4,0,No,5.0
3518-PZXZQ,Month-to-month,DSL,55.3,0,No,21.0
2371-JUNGC,Month-to-month,No,20.25,0,No,10.0
7693-QPEFS,Month-to-month,Fiber optic,72.95,0,No,3.0
0924-BJCRC,Month-to-month,Fiber optic,89.45,0,No,2.0
5074-FBGHB,One year,Fiber optic,104.65,0,No,3.0
2351-BKRZW,Two year,DSL,75.2,0,No,0.0
4455-BFSPD,One year,Fiber optic,101.15,0,No,1.0
0415-MOSGF,Month-to-month,DSL,44.4,0,Yes,76.0
1724-BQUHA,Month-to-month,Fiber optic,89.5,0,Yes,41.0
3948-KXDUF,Two year,DSL,68.75,0,No,1.0
2323-ARSVR,Two year,Fiber optic,111.05,0,No,0.0
0815-MFZGM,Two year,Fiber optic,99.0,0,No,0.0
4826-XTSOH,Month-to-month,Fiber optic,86.05,0,Yes,91.0
5480-XTFFL,Two year,No,21.0,0,No,0.0
8295-FHIVV,Month-to-month,No,19.4,0,No,6.0
2495-INZWQ,Month-to-month,DSL,44.55,0,Yes,71.0
9086-YJYXS,One year,DSL,77.2,0,No,1.0
1179-INLAT,One year,No,19.45,0,No,3.0
7909-FIOIY,Month-to-month,DSL,24.85,0,No,30.0
4139-SUGLD,Month-to-month,DSL,35.4,0,Yes,78.0
6857-VWJDT,Month-to-month,Fiber optic,95.65,0,Yes,75.0
6351-SCJKT,Month-to-month,DSL,41.35,0,No,8.0
5468-BPMMO,Month-to-month,No,19.6,0,No,6.0
5624-BQSSA,Month-to-month,No,20.95,0,Yes,88.0
0197-PNKNK,One year,Fiber optic,84.45,0,No,0.0
2439-QKJUL,Month-to-month,No,20.25,0,No,2.0
1194-SPVSP,Month-to-month,No,19.65,0,No,19.0
9534-NSXEM,One year,No,20.65,0,No,0.0
2408-WITXK,Month-to-month,DSL,34.7,0,Yes,86.0
8929-KSWIH,Two year,Fiber optic,99.3,0,No,0.0
2250-IVBWA,Month-to-month,Fiber optic,81.05,0,No,2.0
1810-MVMAI,Month-to-month,DSL,67.6,0,No,6.0
9506-UXUSK,Month-to-month,Fiber optic,70.15,0,No,22.0
1229-RCALF,One year,Fiber optic,115.0,0,No,0.0
3572-UOLYZ,Month-to-month,Fiber optic,84.8,0,No,9.0
1429-UYJSV,One year,No,19.7,0,No,0.0
5577-OTWWW,Month-to-month,No,19.75,0,Yes,62.0
6100-QQHEB,Month-to-month,Fiber optic,92.55,1,Yes,74.0
6366-XIVKZ,Month-to-month,DSL,63.15,0,No,8.0
3470-OBUET,Two year,DSL,74.0,0,No,0.0
2770-NSVDG,Month-to-month,DSL,29.1,0,No,10.0
9375-MHRRS,Month-to-month,DSL,50.05,0,No,14.0
2634-HCZGT,One year,DSL,60.05,0,Yes,58.0
7503-QQRVF,Month-to-month,Fiber optic,74.3,0,Yes,85.0
4860-YZGZM,Month-to-month,No,20.0,0,No,11.0
6599-GZWCM,One year,Fiber optic,74.65,0,No,14.0
2691-NZETQ,Month-to-month,Fiber optic,85.35,0,Yes,80.0
4404-HIBDJ,One year,DSL,74.3,2,Yes,70.0
5533-NHFRF,Month-to-month,DSL,44.4,0,No,21.0
7037-MTYVW,Two year,DSL,85.4,0,No,0.0
4760-THGOT,Month-to-month,Fiber optic,94.1,0,No,5.0
7295-JOMMD,Month-to-month,Fiber optic,98.1,1,Yes,96.0
4016-BJKTZ,Two year,Fiber optic,108.9,0,No,3.0
6584-VQMYT,One year,DSL,56.2,0,No,0.0
9838-BFCQT,Two year,No,26.1,0,No,0.0
2790-XUYMV,One year,Fiber optic,85.45,0,No,4.0
0581-MDMPW,Month-to-month,Fiber optic,88.95,0,No,14.0
5013-SBUIH,Two year,Fiber optic,109.65,5,Yes,84.0
1023-BQXZE,Two year,DSL,74.35,0,No,0.0
9163-GHAYE,Month-to-month,DSL,48.85,0,No,4.0
3904-UKFRE,Month-to-month,Fiber optic,80.1,0,No,9.0
5353-WILCI,Month-to-month,DSL,56.05,0,No,7.0
0709-TVGUR,Month-to-month,Fiber optic,74.55,0,Yes,87.0
0058-EVZWM,Month-to-month,Fiber optic,89.8,0,No,1.0
6023-YEBUP,Month-to-month,Fiber optic,100.95,0,Yes,95.0
7209-JCUDS,Month-to-month,Fiber optic,94.9,3,Yes,96.0
7009-PCARS,One year,No,19.1,0,No,13.0
0519-DRGTI,Month-to-month,No,20.35,0,No,1.0
1017-FBQMM,One year,Fiber optic,106.05,0,No,0.0
3001-CBHLQ,Month-to-month,Fiber optic,104.9,3,Yes,97.0
1985-MBRYP,Two year,No,19.65,2,No,0.0
6158-DWPZT,One year,DSL,24.1,0,Yes,64.0
9372-TXXPS,Two year,DSL,59.85,0,No,0.0
3259-QMXUN,Two year,DSL,86.1,0,No,0.0
1015-JPFYW,One year,No,19.45,0,No,1.0
6645-MXQJT,Month-to-month,Fiber optic,97.1,0,No,25.0
4360-QRAVE,Month-to-month,DSL,36.65,0,No,3.0
8433-WPJTV,One year,Fiber optic,103.9,0,No,0.0
5804-JMYIO,Two year,No,19.75,0,No,0.0
3763-GCZHZ,One year,Fiber optic,104.05,5,Yes,91.0
6484-LATFU,Two year,No,24.55,0,No,0.0
7599-NTMDP,Two year,DSL,48.7,4,No,10.0
0772-GYEQQ,Month-to-month,Fiber optic,88.35,0,Yes,31.0
0536-ACXIP,Two year,Fiber optic,109.55,0,No,0.0
0936-NQLJU,Two year,No,20.65,0,No,0.0
4831-EOBFE,Month-to-month,Fiber optic,94.65,2,Yes,86.0
1575-KRZZE,Month-to-month,DSL,55.2,0,No,11.0
3251-YMVWZ,One year,No,24.05,0,No,2.0
4102-OQUPX,Month-to-month,Fiber optic,74.4,0,Yes,81.0
9170-GYZJC,Month-to-month,DSL,79.9,5,Yes,86.0
4884-LEVMQ,Two year,No,20.45,0,No,0.0
8857-CUPFQ,Two year,No,19.25,0,No,0.0
7610-TVOPG,Month-to-month,No,26.35,0,No,24.0
3638-DIMPH,One year,DSL,43.8,0,No,7.0
1845-ZLLIG,Month-to-month,DSL,50.15,0,No,14.0
8559-WNQZS,Two year,No,20.45,0,No,0.0
3999-QGRJH,Month-to-month,Fiber optic,69.7,0,Yes,60.0
1699-UOTXU,Two year,DSL,61.4,0,No,0.0
2454-RPBRZ,Month-to-month,Fiber optic,98.1,1,Yes,92.0
0635-WKOLD,One year,DSL,70.75,0,No,2.0
5993-JSUWV,Two year,DSL,61.15,0,No,0.0
4518-FZBSX,One year,No,20.25,0,No,0.0
5387-ASZNZ,One year,DSL,63.85,0,No,0.0
6988-CJEYV,Month-to-month,Fiber optic,98.7,0,No,1.0
2002-MZHWP,Month-to-month,No,20.5,0,Yes,84.0
3097-FQTVJ,Two year,No,20.0,0,No,1.0
5465-BUBFA,Two year,No,19.3,0,No,0.0
7299-GNVPL,Month-to-month,Fiber optic,84.4,0,No,1.0
9743-DQKQW,Month-to-month,DSL,25.1,0,No,19.0
1215-VFYVK,Month-to-month,DSL,48.25,0,No,12.0
9371-BITHB,Two year,No,19.85,0,No,0.0
2265-CYWIV,Month-to-month,Fiber optic,99.6,1,Yes,97.0
9093-FPDLG,Month-to-month,Fiber optic,94.2,0,No,13.0
0541-FITGH,Month-to-month,DSL,62.15,0,No,12.0
6985-HAYWX,Month-to-month,Fiber optic,79.3,0,No,11.0
7508-KBIMB,One year,DSL,56.25,0,No,3.0
6838-HVLXG,Month-to-month,No,20.3,0,No,1.0
2277-DJJDL,Month-to-month,Fiber optic,99.0,0,No,6.0
1897-OKVMW,Two year,DSL,90.6,0,No,0.0
5485-ITNPC,Two year,DSL,85.9,0,No,0.0
0233-FTHAV,One year,Fiber optic,79.2,0,No,0.0
4644-PIZRT,One year,DSL,70.35,0,No,7.0
8922-NPKBJ,Two year,No,19.35,0,No,0.0
2740-TVLFN,Month-to-month,DSL,50.15,0,No,25.0
7771-CFQRQ,Two year,DSL,63.8,0,No,2.0
9512-PHSMG,Month-to-month,No,20.55,0,No,1.0
6963-EZQEE,Two year,DSL,88.55,0,No,0.0
2452-KDRRH,Month-to-month,Fiber optic,101.4,0,No,2.0
2004-OCQXK,Month-to-month,Fiber optic,81.95,0,Yes,100.0
5027-QPKTE,Month-to-month,Fiber optic,69.35,0,Yes,81.0
4146-SVFUD,Month-to-month,DSL,44.6,0,No,9.0
1564-HJUVY,Month-to-month,DSL,63.75,0,No,26.0
3617-XLSGQ,Two year,Fiber optic,109.25,0,No,0.0
7517-LDMPS,Month-to-month,Fiber optic,84.6,0,No,14.0
7244-KXYZN,One year,No,20.45,0,No,0.0
5226-NOZFC,Month-to-month,Fiber optic,85.75,0,No,12.0
2672-HUYVI,Month-to-month,Fiber optic,91.1,0,Yes,89.0
1400-WIVLL,Two year,Fiber optic,107.95,0,No,1.0
7508-MYBOG,Month-to-month,Fiber optic,86.1,0,Yes,82.0
8148-NLEGT,Two year,No,22.95,0,No,1.0
0148-DCDOS,Month-to-month,Fiber optic,94.7,2,Yes,91.0
8347-GDTMP,Two year,No,19.45,0,No,0.0
9992-RRAMN,Month-to-month,Fiber optic,85.1,0,Yes,87.0
6746-WAUWT,One year,No,19.7,0,No,0.0
0310-MVLET,Month-to-month,Fiber optic,99.15,8,Yes,89.0
0428-IKYCP,Month-to-month,Fiber optic,87.0,0,No,7.0
4550-VBOFE,Month-to-month,Fiber optic,102.95,7,Yes,77.0
2187-PKZAY,Month-to-month,Fiber optic,79.95,0,No,12.0
4003-OCTMP,One year,DSL,64.0,0,No,1.0
6652-YFFJO,Month-to-month,DSL,64.9,0,No,16.0
7225-IILWY,Two year,No,25.75,0,No,0.0
5248-RPYWW,Two year,DSL,90.15,0,No,0.0
7923-IYJWY,Two year,Fiber optic,116.1,0,No,3.0
3170-GWYKC,Month-to-month,Fiber optic,104.95,0,No,2.0
5696-QURRL,Month-to-month,DSL,45.05,0,Yes,49.0
7409-KIUTL,Month-to-month,Fiber optic,71.0,0,Yes,94.0
9830-ECLEN,One year,DSL,50.0,4,No,17.0
1732-VHUBQ,Month-to-month,Fiber optic,70.55,0,Yes,69.0
0495-RVCBF,Month-to-month,Fiber optic,79.7,0,Yes,100.0
2668-TZSPS,Month-to-month,No,20.45,0,No,12.0
7854-EDSSA,Month-to-month,DSL,59.0,2,Yes,82.0
8869-TORSS,One year,DSL,60.35,4,Yes,77.0
7446-SFAOA,One year,No,19.85,0,No,0.0
9522-ZSINC,One year,No,19.95,0,No,0.0
8234-GSZYK,Two year,No,26.45,0,No,0.0
6505-OZNPG,Two year,DSL,63.4,0,No,2.0
6164-HAQTX,Two year,DSL,53.95,0,No,0.0
0679-IDSTG,Month-to-month,Fiber optic,69.25,0,Yes,98.0
7765-LWVVH,Two year,Fiber optic,95.1,0,No,1.0
1658-TJVOA,Month-to-month,Fiber optic,74.1,0,No,15.0
0953-LGOVU,Month-to-month,DSL,35.5,0,No,13.0
2115-BFTIW,Month-to-month,Fiber optic,70.95,0,Yes,64.0
4692-NNQRU,One year,Fiber optic,79.2,1,No,11.0
7742-MYPGI,Month-to-month,DSL,48.8,0,No,38.0
0611-DFXKO,Month-to-month,Fiber optic,89.0,2,Yes,100.0
7780-OTDSO,Month-to-month,Fiber optic,99.4,2,Yes,97.0
9619-GSATL,One year,DSL,55.45,0,No,2.0
5622-UEJFI,Two year,No,25.4,0,No,1.0
9747-DDZOS,Month-to-month,Fiber optic,73.5,0,Yes,86.0
0674-DGMAQ,Month-to-month,Fiber optic,93.5,0,No,4.0
6203-HBZPA,Two year,DSL,63.9,0,No,0.0
0484-FFVBJ,One year,DSL,64.85,0,No,2.0
0301-FIDRB,Two year,DSL,63.8,0,No,0.0
4139-JPIAM,Month-to-month,DSL,44.45,0,No,4.0
2181-TIDSV,Two year,No,19.95,0,No,0.0
2761-XECQW,Month-to-month,DSL,43.35,0,No,18.0
1936-CZAKF,Two year,DSL,49.65,0,No,1.0
9453-PATOS,Two year,DSL,85.1,0,No,0.0
0564-JJHGS,Month-to-month,Fiber optic,95.5,0,Yes,90.0
3348-CFRNX,Month-to-month,Fiber optic,92.35,2,Yes,89.0
4402-FTBXC,Month-to-month,Fiber optic,89.8,0,No,2.0
1428-GTBJJ,Month-to-month,Fiber optic,74.55,0,Yes,82.0
2931-XIQBR,One year,Fiber optic,103.05,0,No,3.0
0106-UGRDO,Two year,Fiber optic,116.0,0,No,0.0
5542-TBBWB,Month-to-month,Fiber optic,69.9,0,No,69.21
1930-QPBVZ,Two year,Fiber optic,95.1,0,No,0.0
2606-PKWJB,One year,DSL,40.25,0,No,0.0
5322-ZSMZY,Two year,No,25.75,0,No,1.0
8059-UDZFY,Month-to-month,Fiber optic,105.35,0,No,1.0
7740-BTPUX,Two year,Fiber optic,113.6,0,No,3.0
5220-AGAAX,Two year,No,24.0,0,No,0.0
0208-BPQEJ,Month-to-month,No,19.4,0,No,16.0
9435-JMLSX,Two year,DSL,86.1,0,No,0.0
3352-ALMCK,Month-to-month,Fiber optic,102.65,0,No,2.0
5312-IRCFR,One year,Fiber optic,92.85,4,No,13.0
5294-IMHHT,One year,Fiber optic,97.75,0,No,2.0
8802-UNOJF,Month-to-month,Fiber optic,83.8,2,Yes,94.0
6313-GIDIT,Month-to-month,DSL,54.45,3,Yes,89.0
6176-YJWAS,Two year,Fiber optic,97.95,0,No,0.0
5310-NOOVA,Two year,No,19.95,0,No,0.0
4526-EXKKN,Two year,No,24.6,0,No,8.0
5311-IHLEI,Month-to-month,DSL,50.95,0,No,7.0
3987-KQDDU,Month-to-month,Fiber optic,75.6,0,No,10.0
3404-JNXAX,Month-to-month,Fiber optic,80.75,0,No,10.0
5131-PONJI,Month-to-month,Fiber optic,90.4,0,No,1.0
2845-AFFTX,Month-to-month,Fiber optic,99.8,3,Yes,95.0
3489-VSFRD,One year,DSL,60.25,0,No,5.0
3345-JHUEO,Month-to-month,No,20.2,0,No,3.0
5815-HGGHV,One year,DSL,64.15,0,No,3.0
5260-UMPWX,Month-to-month,No,20.25,0,No,0.0
2249-YPRNG,Month-to-month,Fiber optic,105.85,2,Yes,94.0
7410-YTJIK,Month-to-month,Fiber optic,75.45,0,Yes,60.0
4626-GYCZP,Month-to-month,Fiber optic,93.85,0,Yes,95.0
5649-RXQTV,Month-to-month,Fiber optic,99.0,0,No,1.0
2674-MIAHT,Month-to-month,Fiber optic,80.3,0,No,16.0
2576-HXMPA,Month-to-month,No,19.55,0,No,1.0
7587-AOVVU,Month-to-month,Fiber optic,100.75,2,No,29.0
5590-BYNII,Month-to-month,Fiber optic,100.75,1,Yes,94.0
6898-MDLZW,Month-to-month,DSL,53.75,0,No,7.0
3237-AJGEH,Month-to-month,DSL,31.0,0,Yes,68.0
4707-YNOQA,One year,No,25.6,0,No,0.0
9357-UJRUN,One year,DSL,58.35,0,No,6.0
1591-NFNLQ,Month-to-month,Fiber optic,80.0,0,Yes,74.0
8648-PFRMP,Month-to-month,DSL,46.35,0,No,44.0
7663-CUXZB,Two year,Fiber optic,113.75,0,No,0.0
0258-NOKBL,Month-to-month,Fiber optic,90.4,0,No,14.0
1163-VIPRI,Two year,Fiber optic,109.3,0,No,0.0
2815-CPTUL,Month-to-month,Fiber optic,70.25,0,Yes,77.0
9348-ROUAI,Two year,DSL,90.3,0,No,0.0
9443-JUBUO,Two year,DSL,65.25,0,No,0.0
0596-BQCEQ,Month-to-month,Fiber optic,100.15,6,Yes,91.0
1481-ZUWZA,Month-to-month,Fiber optic,94.5,2,Yes,85.0
3043-TYBNO,Month-to-month,DSL,60.65,0,No,10.0
4830-FAXFM,Month-to-month,No,24.1,1,No,4.0
5906-BFOZT,Month-to-month,No,19.5,0,No,64.0
2960-NKRSO,Month-to-month,Fiber optic,85.95,0,No,2.0
8996-ZROXE,One year,DSL,53.5,0,No,1.0
5598-IKHQQ,Two year,No,25.45,0,No,0.0
0397-ZXWQF,Two year,No,20.5,0,No,0.0
5266-PFRQK,One year,No,20.85,0,No,1.0
4674-HGNUA,Two year,DSL,89.9,0,No,0.0
6765-MBQNU,One year,No,26.0,0,No,1.0
9786-IJYDL,Two year,Fiber optic,113.2,0,No,5.0
1303-SRDOK,Two year,Fiber optic,69.05,3,No,10.0
3769-MHZNV,Two year,No,20.1,0,No,1.0
6295-OSINB,Two year,Fiber optic,109.65,5,No,15.0
3308-MHOOC,Month-to-month,No,19.2,0,No,13.0
2309-OSFEU,Month-to-month,DSL,33.9,0,Yes,87.0
2207-QPJED,Month-to-month,Fiber optic,90.0,0,No,17.0
4177-JPDFU,Month-to-month,DSL,34.0,0,No,4.0
2239-CFOUJ,One year,No,20.4,0,No,8.0
8046-DNVTL,Two year,DSL,38.6,0,No,0.0
2209-XADXF,Month-to-month,DSL,25.25,0,No,27.0
6620-JDYNW,Month-to-month,DSL,60.6,0,No,1.0
1891-FZYSA,Month-to-month,Fiber optic,89.95,6,Yes,90.0
4770-UEZOX,Month-to-month,Fiber optic,74.75,0,No,15.0
1038-RQOST,Month-to-month,No,20.6,0,No,1.0
7613-LLQFO,Month-to-month,Fiber optic,84.45,0,Yes,77.0
4568-TTZRT,Month-to-month,No,20.4,0,No,4.0
9513-DXHDA,One year,DSL,81.7,0,No,1.0
2640-PMGFL,Month-to-month,Fiber optic,79.5,1,Yes,80.0
3801-HMYNL,Month-to-month,Fiber optic,89.15,0,Yes,85.0
0516-QREYC,Month-to-month,No,20.3,0,No,5.0
9685-WKZGT,Month-to-month,Fiber optic,74.95,0,Yes,81.0
6022-UGGSO,Month-to-month,Fiber optic,74.4,0,Yes,76.0
8084-OIVBS,One year,No,20.0,0,No,0.0
8896-BQTTI,Month-to-month,No,25.0,0,No,10.0
3865-QBWSJ,Month-to-month,Fiber optic,80.45,0,No,10.0
3352-RICWQ,Two year,No,19.75,0,No,1.0
2160-GPFXD,Two year,DSL,65.65,0,No,1.0
2065-MMKGR,One year,DSL,71.0,0,No,7.0
5857-TYBCJ,Month-to-month,Fiber optic,89.2,0,No,1.0
1498-NHTLT,Two year,DSL,86.75,0,No,0.0
4484-CGXFK,Month-to-month,DSL,55.3,0,Yes,28.0
1402-PTHGN,One year,DSL,61.5,0,No,1.0
4176-RELJR,Two year,No,25.1,0,No,8.0
6214-EDAKZ,Month-to-month,DSL,55.15,0,Yes,58.0
5199-FPUSP,One year,DSL,34.05,0,No,1.0
6377-KSLXC,Month-to-month,No,19.95,0,No,3.0
1796-JANOW,Month-to-month,No,19.95,0,No,1.0
0238-WHBIQ,Two year,DSL,89.7,0,No,0.0
8735-NBLWT,Month-to-month,No,20.4,0,No,2.0
6651-RLGGM,Two year,No,26.3,0,No,0.0
6127-ISGTU,Month-to-month,Fiber optic,84.95,0,Yes,88.0
1614-JBEBI,Month-to-month,No,20.7,0,No,2.0
8740-XLHDR,Month-to-month,DSL,43.25,0,Yes,72.0
1208-DNHLN,One year,DSL,48.35,0,Yes,64.0
1761-AEZZR,Month-to-month,Fiber optic,79.55,0,Yes,97.0
3923-CSIHK,Month-to-month,Fiber optic,71.05,0,Yes,72.0
5696-EXCYS,Two year,No,19.45,0,No,0.0
5795-KTGUD,Two year,Fiber optic,110.8,0,No,0.0
7120-RFMVS,Month-to-month,Fiber optic,84.5,0,Yes,90.0
7924-GJZFI,Month-to-month,Fiber optic,69.3,0,No,56.0
4702-HDRKD,One year,DSL,49.35,0,No,0.0
8512-WIWYV,One year,No,20.35,0,No,0.0
5897-ZYEKH,One year,Fiber optic,105.6,0,No,1.0
5456-ITGIC,Two year,DSL,64.45,0,No,0.0
7317-GGVPB,Two year,Fiber optic,108.6,7,Yes,89.0
1406-PUQVY,Month-to-month,DSL,49.9,0,No,16.0
1322-AGOQM,Month-to-month,DSL,30.3,1,Yes,81.0
3677-IYRBF,Month-to-month,DSL,30.4,0,Yes,83.0
5692-FPTAH,Month-to-month,DSL,45.4,0,Yes,90.0
9114-AAFQH,One year,DSL,65.65,0,No,1.0
8715-KKTFG,One year,Fiber optic,103.3,0,No,0.0
1550-LOAHA,Month-to-month,Fiber optic,84.15,5,Yes,94.0
1728-BQDMA,Month-to-month,DSL,44.45,0,No,20.0
0268-QKIWO,Month-to-month,No,19.75,0,Yes,71.0
0876-WDUUZ,Month-to-month,Fiber optic,85.4,0,Yes,64.0
5117-ZSMHQ,Two year,DSL,89.9,0,No,0.0
5151-HQRDG,Month-to-month,DSL,55.05,0,No,3.0
0960-HUWBM,Two year,Fiber optic,104.1,0,No,0.0
6465-GSRCL,One year,Fiber optic,106.6,0,No,1.0
0617-FHSGK,Month-to-month,Fiber optic,75.2,0,Yes,85.0
0263-FJTQO,Two year,DSL,70.5,0,No,1.0
7319-ZNRTR,One year,No,19.6,0,No,0.0
2858-MOFSQ,One year,DSL,55.85,0,Yes,10.0
7503-EPSZW,Two year,No,24.05,0,No,0.0
7089-XXAYG,One year,DSL,38.1,0,No,3.0
8118-LSUEL,Month-to-month,Fiber optic,106.4,1,Yes,97.0
8070-AAWZP,Month-to-month,DSL,34.25,0,No,6.0
1666-JXLKU,Month-to-month,Fiber optic,100.05,0,No,7.0
7855-DIWPO,Month-to-month,Fiber optic,68.65,0,No,15.0
5133-POWUA,Month-to-month,DSL,45.8,0,No,43.0
5652-MSDEY,Month-to-month,Fiber optic,75.75,0,No,19.0
7005-CCBKV,Month-to-month,Fiber optic,84.4,1,Yes,99.0
1810-BOHSY,One year,Fiber optic,96.4,0,No,1.0
1784-BXEFA,Month-to-month,No,20.55,0,No,2.0
7351-MHQVU,Month-to-month,DSL,50.95,0,No,5.0
9224-VTYID,Two year,DSL,90.5,0,No,0.0
9500-IWPXQ,One year,DSL,79.4,0,No,0.0
5762-TJXGK,Two year,DSL,58.75,0,No,0.0
4504-YOULA,Month-to-month,DSL,59.45,0,No,1.0
5569-IDSEY,One year,Fiber optic,105.7,0,No,1.0
4250-FDVOU,Month-to-month,DSL,56.25,0,Yes,19.0
7284-ZZLOH,Two year,DSL,53.3,0,No,2.0
5277-ZLOOR,Month-to-month,Fiber optic,85.55,0,Yes,78.0
2141-RRYGO,Month-to-month,DSL,68.65,1,Yes,90.0
1777-JYQPJ,Month-to-month,DSL,24.3,0,No,15.0
6376-GAHQE,Month-to-month,Fiber optic,77.85,0,Yes,95.0
3401-URHDA,One year,DSL,59.9,0,No,2.0
1599-EAHXY,One year,No,23.95,0,No,0.0
8631-XVRZL,One year,No,20.15,0,No,0.0
5052-PNLOS,Month-to-month,Fiber optic,105.35,1,Yes,98.0
3853-LYGAM,Month-to-month,Fiber optic,95.65,0,No,9.0
6979-ZNSFF,Month-to-month,Fiber optic,87.05,0,Yes,89.0
5751-USDBL,Two year,DSL,81.0,0,No,0.0
5680-LQOGP,Two year,DSL,82.45,0,No,0.0
2386-LAHRK,Month-to-month,DSL,53.5,0,Yes,90.0
8189-DUKMV,One year,No,20.5,0,No,3.0
6032-IGALN,Month-to-month,DSL,25.1,0,Yes,80.0
9931-DCEZH,One year,DSL,54.4,0,No,2.0
1898-JSNDC,One year,DSL,58.6,1,No,15.0
0315-LVCRK,Month-to-month,Fiber optic,84.8,0,No,4.0
3911-RSNHI,Two year,DSL,61.4,0,No,0.0
2410-CIYFZ,Month-to-month,No,20.4,0,No,1.0
4248-HCETZ,Month-to-month,Fiber optic,79.65,3,Yes,91.0
5505-OVWQW,One year,No,20.15,0,No,2.0
7271-AJDTL,Month-to-month,Fiber optic,94.45,3,No,26.0
1867-TJHTS,Month-to-month,Fiber optic,79.8,0,No,1.0
0516-WJVXC,Month-to-month,DSL,54.2,0,Yes,20.0
9174-FKWZE,Month-to-month,No,19.45,0,Yes,45.0
6860-YRJZP,Month-to-month,Fiber optic,74.05,0,No,27.0
4429-WYGFR,Month-to-month,DSL,49.15,1,No,6.0
2817-LVCPP,Two year,No,19.4,0,No,1.0
5038-ETMLM,Two year,Fiber optic,113.65,0,No,0.0
5056-FIMPT,One year,Fiber optic,106.0,2,No,19.0
4521-WFJAI,Two year,No,25.95,0,No,4.0
6569-KTMDU,Month-to-month,No,19.1,0,No,6.0
8809-RIHDD,Two year,Fiber optic,103.4,7,Yes,89.0
8809-XKHMD,Two year,Fiber optic,100.55,0,No,0.0
0396-YCHWO,Month-to-month,Fiber optic,95.4,0,No,4.0
0867-LDTTC,Month-to-month,DSL,75.15,0,No,11.0
4822-NGOCH,Month-to-month,Fiber optic,84.45,1,Yes,99.0
9391-DXGGG,One year,Fiber optic,89.15,0,No,3.0
9844-FELAJ,One year,Fiber optic,107.9,0,No,1.0
2122-SZZZD,One year,No,19.5,0,No,0.0
5307-DZCVC,Month-to-month,Fiber optic,85.95,0,Yes,78.0
3148-AOIQT,Two year,No,24.95,0,No,0.0
8679-JOEVF,Month-to-month,DSL,59.4,0,Yes,76.0
8395-ETZKQ,One year,No,19.5,0,No,0.0
6692-YQHXC,Month-to-month,Fiber optic,69.95,0,No,15.0
3889-VWBID,Two year,DSL,82.85,0,No,0.0
5222-JCXZT,Month-to-month,No,19.0,0,No,4.0
9754-CLVZW,Month-to-month,DSL,38.85,0,No,24.0
1432-FPAXX,Month-to-month,DSL,30.6,0,Yes,70.0
2739-CCZMB,Month-to-month,No,20.35,0,No,3.0
7080-TNUWP,One year,Fiber optic,95.0,0,No,1.0
0496-AHOOK,One year,DSL,74.4,0,No,0.0
8336-TAVKX,Two year,DSL,78.45,0,No,0.0
2468-SJFLM,Month-to-month,Fiber optic,74.3,0,No,60.0
3181-VTHOE,One year,DSL,51.05,0,No,1.0
7168-HDQHG,Month-to-month,No,19.2,0,No,2.0
4803-AXVYP,Month-to-month,Fiber optic,99.55,2,Yes,93.0
3884-HCSWG,Month-to-month,Fiber optic,70.0,0,Yes,72.0
4567-AKPIA,One year,Fiber optic,109.1,0,No,1.0
5077-DXTCG,Month-to-month,DSL,45.3,0,Yes,98.0
1142-WACZW,Month-to-month,DSL,29.85,0,Yes,73.0
7901-HXJVA,Month-to-month,Fiber optic,76.45,0,No,6.0
5649-ANRML,Month-to-month,Fiber optic,95.1,0,Yes,86.0
4892-VLANZ,Month-to-month,No,19.8,0,Yes,48.33
5924-IFQTT,Month-to-month,DSL,72.8,0,No,5.0
7968-QUXNS,Month-to-month,No,18.95,0,No,6.0
2919-HBCJO,Month-to-month,Fiber optic,76.65,0,Yes,89.0
4236-XPXAV,Month-to-month,Fiber optic,99.15,0,Yes,83.0
8903-WMRNW,Month-to-month,Fiber optic,101.75,0,No,11.0
2452-SNHFZ,Month-to-month,Fiber optic,75.45,0,No,10.0
3629-WEAAM,Month-to-month,DSL,64.1,0,No,26.0
6029-CSMJE,Month-to-month,DSL,25.65,0,No,10.0
7993-NQLJE,Month-to-month,Fiber optic,75.1,0,No,17.0
9909-DFRJA,One year,Fiber optic,95.85,0,No,2.0
9099-FTUHS,Month-to-month,DSL,54.4,1,No,67.0
0581-BXBUB,Month-to-month,Fiber optic,72.75,0,No,17.0
4962-CHQPW,One year,No,19.85,0,No,0.0
9467-ROOLM,Month-to-month,No,19.05,0,No,1.0
3030-YZADT,Month-to-month,DSL,44.95,0,Yes,65.0
7410-KTVFV,Month-to-month,DSL,49.55,0,Yes,62.0
5150-ITWWB,Month-to-month,Fiber optic,94.85,0,No,29.0
2253-KPMNB,Two year,DSL,46.25,0,No,0.0
1345-ZUKID,One year,No,19.35,0,No,0.0
6429-SHBCB,Month-to-month,DSL,69.6,0,No,6.0
9281-OFDMF,Month-to-month,Fiber optic,90.7,0,No,17.0
2603-HVKCG,Month-to-month,Fiber optic,101.4,0,No,3.0
1834-WULEG,One year,No,20.25,0,No,0.0
9097-ZUBYC,Month-to-month,DSL,48.8,0,No,8.0
5148-ORICT,Two year,DSL,74.35,0,No,0.0
4893-GYUJU,One year,No,19.35,2,No,7.0
4578-PHJYZ,One year,DSL,68.75,0,No,0.0
7272-QDCKA,One year,Fiber optic,100.2,0,No,2.0
8908-SLFCJ,Two year,No,20.85,0,No,0.0
8393-DLHGA,Month-to-month,Fiber optic,95.9,2,Yes,85.0
9766-HGEDE,One year,No,19.35,0,No,0.0
6968-MHOMU,One year,DSL,45.0,0,No,3.0
7395-IGJOS,Month-to-month,Fiber optic,81.5,0,Yes,78.0
5044-XDPYX,Two year,No,25.5,0,No,2.0
1814-WFGVS,Two year,DSL,48.9,0,No,1.0
2834-SPCJV,Month-to-month,Fiber optic,84.1,3,Yes,86.0
3721-WKIIL,Two year,No,19.6,0,No,0.0
6734-CKRSM,Month-to-month,No,20.0,0,No,6.0
1265-ZFOSD,Two year,DSL,81.3,0,No,0.0
6568-POCUI,Two year,Fiber optic,95.2,0,No,2.0
7890-VYYWG,Month-to-month,DSL,36.45,0,Yes,88.0
5197-LQXXH,Two year,DSL,83.3,0,No,0.0
9907-SWKKF,Month-to-month,DSL,25.05,0,Yes,79.0
3457-PQBYH,Two year,No,20.3,0,No,0.0
7682-AZNDK,Month-to-month,Fiber optic,89.85,0,No,6.0
0587-DMGBH,Month-to-month,DSL,49.85,0,Yes,70.0
5384-ZTTWP,Month-to-month,No,19.8,0,No,2.0
3745-HRPHI,Two year,DSL,54.65,0,No,0.0
7636-OWBPG,Month-to-month,DSL,29.35,0,No,12.0
1231-YNDEK,Two year,No,19.15,0,No,3.0
1407-DIGZV,Two year,No,19.1,0,No,1.0
6397-JNZZG,Month-to-month,DSL,55.55,4,Yes,91.0
0570-BFQHT,Month-to-month,Fiber optic,80.55,0,No,13.0
4393-OBCRR,One year,No,20.25,0,No,4.0
3523-QRQLL,One year,DSL,69.5,2,Yes,54.0
8564-LDKFL,One year,Fiber optic,106.0,0,No,2.0
3696-DFHHB,Two year,No,25.5,0,No,0.0
0895-DQHEW,Month-to-month,Fiber optic,104.3,4,Yes,90.0
4717-GHADL,Two year,DSL,79.6,0,No,0.0
5501-TVMGM,Month-to-month,DSL,55.25,0,No,20.0
5879-HMFFH,Two year,DSL,88.05,0,No,0.0
6772-WFQRD,One year,No,20.4,0,No,9.0
3810-DVDQQ,Two year,Fiber optic,117.6,0,No,0.0
6972-SNKKW,Month-to-month,No,20.0,0,No,1.0
3694-GLTJM,Month-to-month,No,19.65,0,No,22.0
8550-XSXUQ,One year,DSL,70.55,0,No,5.0
8149-RSOUN,Month-to-month,Fiber optic,93.85,0,Yes,100.0
9055-MOJJJ,One year,DSL,65.8,0,No,0.0
4359-INNWN,One year,No,20.05,0,No,1.0
0585-EGDDA,Month-to-month,Fiber optic,80.0,0,No,7.0
4032-RMHCI,One year,DSL,35.4,0,No,0.0
0549-CYCQN,One year,Fiber optic,79.6,0,No,5.0
3481-JHUZH,Month-to-month,Fiber optic,80.25,0,No,17.0
7250-EQKIY,Month-to-month,DSL,50.45,0,Yes,91.0
3594-IVHJZ,Month-to-month,No,20.45,0,No,2.25
6869-FGJJC,One year,Fiber optic,79.6,0,No,4.0
3896-ZVNET,Two year,No,24.7,0,No,2.0
8205-VSLRB,Two year,DSL,77.3,0,No,0.0
5960-MVTUK,Month-to-month,DSL,29.75,0,No,40.0
6817-WTYHE,Month-to-month,DSL,44.9,0,No,27.0
3082-VQXNH,Month-to-month,DSL,29.8,0,No,18.0
4013-UBXWQ,Month-to-month,DSL,74.65,0,Yes,81.0
4931-TRZWN,Month-to-month,DSL,71.95,0,No,14.0
0750-EKNGL,Month-to-month,No,20.75,0,No,0.0
7669-LCRSD,Month-to-month,DSL,56.3,0,No,6.0
3567-PQTSO,One year,Fiber optic,105.25,0,No,1.0
5519-NPHVG,Month-to-month,Fiber optic,94.2,0,Yes,88.0
8043-PNYSD,Two year,No,19.55,0,No,0.0
9938-EKRGF,Month-to-month,DSL,84.45,0,No,8.0
2703-AMTUL,One year,DSL,53.65,0,No,0.0
0928-JMXNP,Month-to-month,DSL,29.9,0,No,24.0
8173-RXAYP,Two year,No,19.7,0,No,0.0
4825-XJGDM,One year,DSL,43.7,0,No,1.0
5402-HTOTQ,Month-to-month,DSL,55.3,0,No,10.0
6734-JDTTV,Two year,No,19.85,0,No,0.0
7850-THJMU,Two year,No,19.65,2,No,0.0
3890-RTCMS,Month-to-month,DSL,49.45,0,No,16.0
8849-GYOKR,One year,Fiber optic,106.55,3,Yes,65.0
3148-BLQJT,Month-to-month,No,20.1,0,Yes,90.0
3717-FDJFU,Two year,No,20.45,0,No,0.0
3665-JATSN,Month-to-month,DSL,39.7,0,No,13.0
7966-YOTQW,Month-to-month,DSL,54.5,0,No,8.0
0461-CVKMU,Month-to-month,Fiber optic,83.8,3,Yes,90.0
8806-EAGWC,Month-to-month,DSL,55.15,0,Yes,80.0
8853-TZDGH,Two year,Fiber optic,111.6,0,No,0.0
7779-LGOVN,Month-to-month,Fiber optic,86.65,0,Yes,96.0
4324-BZCKL,Month-to-month,DSL,55.55,0,No,8.0
6924-TDGMT,One year,No,20.55,0,No,0.0
9710-ZUSHQ,Month-to-month,Fiber optic,106.75,4,Yes,94.0
1536-YHDOE,One year,DSL,62.1,0,No,3.0
8123-QBNAZ,Month-to-month,Fiber optic,104.5,1,No,22.0
3629-ZNKXA,Month-to-month,Fiber optic,101.8,0,No,19.0
4827-LTQRJ,One year,Fiber optic,110.6,0,No,1.0
7711-YIJWC,One year,DSL,84.9,0,No,1.0
5482-VXSXJ,Month-to-month,Fiber optic,93.2,0,No,5.0
7365-BVCJH,Month-to-month,DSL,24.4,0,No,26.0
9620-ENEJV,Month-to-month,Fiber optic,70.55,0,No,21.0
4183-WCSEP,Month-to-month,Fiber optic,78.45,0,Yes,15.0
2378-YIZKA,Two year,DSL,85.0,0,No,0.0
5498-TXHLF,Month-to-month,Fiber optic,87.45,4,Yes,77.0
0689-DSXGL,Month-to-month,Fiber optic,85.8,0,No,5.0
6818-DJXAA,Month-to-month,Fiber optic,91.1,0,No,11.0
9722-UJOJR,Month-to-month,Fiber optic,70.75,0,Yes,82.0
0464-WJTKO,Two year,No,20.1,0,No,0.0
8902-ZEOVF,One year,No,20.05,0,No,0.0
6778-EICRF,One year,DSL,74.8,0,No,0.0
2662-NNTDK,One year,No,24.8,0,No,14.0
4132-KALRO,Month-to-month,Fiber optic,100.85,0,No,76.0
3902-FOIGH,Month-to-month,Fiber optic,101.35,1,Yes,100.0
6772-KSATR,Month-to-month,Fiber optic,81.7,0,Yes,88.0
7112-OPOTK,Month-to-month,Fiber optic,68.25,3,Yes,85.0
2874-YXVVA,Month-to-month,Fiber optic,105.1,0,No,2.0
1245-HARPS,Two year,No,20.4,0,No,0.0
4210-QFJMF,Month-to-month,Fiber optic,79.15,0,Yes,79.0
4323-ELYYB,One year,No,20.0,0,No,1.0
4293-ETKAP,Two year,DSL,79.4,0,No,0.0
6064-PUPMC,One year,DSL,57.2,0,No,0.0
6504-VBLFL,Two year,DSL,58.6,0,No,1.0
6322-PJJDJ,Two year,Fiber optic,94.8,0,No,1.0
0330-BGYZE,One year,Fiber optic,102.5,0,No,4.0
1085-LDWAM,One year,No,20.35,0,No,0.0
7586-ZATGZ,Month-to-month,Fiber optic,84.9,0,No,14.0
7197-VOJMM,Two year,DSL,69.2,0,No,1.0
3318-OSATS,Month-to-month,Fiber optic,95.45,5,Yes,99.0
5828-AVIPD,One year,Fiber optic,100.95,1,Yes,87.0
1843-TLSGD,Two year,No,20.85,0,No,0.0
9626-VFRGG,Month-to-month,Fiber optic,88.5,0,No,14.0
7075-BNDVQ,Month-to-month,DSL,35.0,0,No,18.0
9143-CANJF,Month-to-month,DSL,55.15,0,No,5.0
7284-BUYEC,Month-to-month,DSL,50.95,0,No,17.0
2041-JIJCI,Month-to-month,DSL,64.0,0,No,8.0
1086-LXKFY,Month-to-month,Fiber optic,69.1,0,Yes,99.0
4900-MSOMT,Two year,DSL,80.2,0,No,0.0
2229-VWQJH,Month-to-month,DSL,49.3,0,No,3.0
9194-GFVOI,Two year,DSL,84.35,0,No,0.0
1336-EZFZY,Month-to-month,No,20.05,0,No,3.0
4282-MSACW,One year,Fiber optic,117.2,0,No,1.0
1403-LKLIK,One year,No,20.1,0,No,0.0
2636-ALXXZ,Month-to-month,Fiber optic,69.6,0,Yes,100.0
7774-OJSXI,One year,Fiber optic,103.45,2,Yes,94.0
7786-WBJYI,Month-to-month,Fiber optic,77.95,0,Yes,92.0
0136-IFMYD,Two year,Fiber optic,109.95,0,No,1.0
5144-TVGLP,Month-to-month,Fiber optic,94.75,0,No,8.0
9643-AVVWI,Month-to-month,Fiber optic,80.0,0,No,27.0
0253-ZTEOB,Two year,DSL,79.65,0,No,0.0
2706-QZIHY,Two year,No,25.2,0,No,4.0
6061-PQHMK,One year,No,19.9,0,No,0.0
9885-CSMWE,Month-to-month,Fiber optic,78.45,0,Yes,94.0
6137-MFAJN,Month-to-month,DSL,44.8,0,No,2.0
9122-UMROB,Month-to-month,No,20.3,0,No,7.12
4232-JGKIY,Month-to-month,No,19.2,0,No,21.0
2402-TAIRZ,One year,Fiber optic,80.05,0,No,1.0
9659-ZTWSM,One year,Fiber optic,107.35,0,No,0.0
9139-TWBAS,One year,DSL,47.85,0,No,2.0
6685-GBWJZ,One year,DSL,70.8,0,No,0.0
5016-ETTFF,Month-to-month,DSL,29.5,0,Yes,85.0
3866-MDTUB,Month-to-month,DSL,70.75,0,Yes,36.0
2195-VVRJF,Month-to-month,DSL,59.1,0,No,18.0
3913-RDSJZ,Two year,No,25.55,0,No,0.0
8058-JMEQO,Month-to-month,Fiber optic,84.45,0,Yes,95.0
4203-QGNZA,Month-to-month,No,20.25,0,No,1.0
5043-TRZWM,Month-to-month,Fiber optic,75.55,0,No,49.0
0697-ZMSWS,Month-to-month,Fiber optic,85.65,0,Yes,92.0
7657-DYEPJ,One year,DSL,70.15,2,Yes,80.0
9494-BDNNC,One year,Fiber optic,95.3,0,No,0.0
1640-PLFMP,Month-to-month,Fiber optic,70.25,0,No,84.5
5366-OBVMR,Month-to-month,DSL,50.3,0,No,15.0
8276-MQBYC,Month-to-month,Fiber optic,97.8,4,Yes,98.0
7644-OMVMY,Two year,No,19.85,0,No,4.0
7593-XFKDI,Month-to-month,DSL,46.3,0,Yes,48.0
4573-JKNAE,Two year,No,19.35,0,No,2.0
0337-CNPZE,Month-to-month,Fiber optic,106.3,2,Yes,100.0
9817-APLHW,Month-to-month,No,25.0,0,No,6.0
8380-MQINP,Two year,No,20.3,0,No,0.0
0840-DFEZH,Month-to-month,Fiber optic,75.35,0,No,25.0
1513-XNPPH,Month-to-month,Fiber optic,89.4,2,Yes,92.0
8690-ZVLCL,Two year,DSL,88.0,0,No,0.0
6015-VVHHE,Month-to-month,Fiber optic,83.15,0,Yes,82.0
1125-SNVCK,Month-to-month,DSL,43.8,0,No,7.0
0384-LPITE,One year,DSL,62.05,0,No,1.0
4616-EWBNJ,One year,No,20.1,0,No,6.0
6347-DCUIK,Month-to-month,Fiber optic,74.15,0,Yes,83.0
1335-HQMKX,One year,Fiber optic,101.35,0,No,1.0
2545-EBUPK,Month-to-month,Fiber optic,84.05,0,No,93.0
6923-AQONU,Two year,No,20.9,0,No,0.0
2172-EJXVF,One year,Fiber optic,105.9,0,No,2.0
0897-FEGMU,Month-to-month,Fiber optic,99.5,1,Yes,98.0
7663-RGWBC,Month-to-month,DSL,44.15,0,Yes,68.0
1120-BMWUB,Month-to-month,DSL,53.9,0,Yes,72.0
9124-LHCJQ,Month-to-month,Fiber optic,85.45,0,Yes,97.0
4536-PLEQY,Month-to-month,Fiber optic,85.05,0,No,20.0
7029-IJEJK,One year,DSL,44.1,0,No,0.0
8871-JLMHM,Two year,Fiber optic,90.2,5,No,15.0
2235-ZGKPT,Month-to-month,DSL,50.85,0,Yes,79.0
3891-PUQOD,Month-to-month,DSL,59.2,0,Yes,85.0
5447-VYTKW,Month-to-month,DSL,53.45,0,No,2.0
3623-FQBOX,Month-to-month,No,19.95,0,No,5.0
0689-NKYLF,Month-to-month,Fiber optic,83.2,1,Yes,92.0
8659-HDIYE,Month-to-month,DSL,74.65,0,No,6.0
3658-KIBGF,Month-to-month,DSL,54.9,1,Yes,74.0
3474-BAFSJ,Two year,DSL,57.5,0,No,0.0
5519-YLDGW,Month-to-month,Fiber optic,103.9,2,Yes,96.0
3865-ZFZIB,Two year,No,19.65,0,No,0.0
1855-AGAWH,One year,Fiber optic,93.8,0,No,7.0
7109-CQYUZ,Two year,DSL,89.25,0,No,0.0
1370-GGAWX,One year,Fiber optic,94.15,0,No,1.0
4680-KUTAJ,Month-to-month,DSL,55.6,0,No,3.0
5307-UVGNB,Month-to-month,DSL,48.7,0,No,4.0
4946-EDSEW,Month-to-month,No,19.25,0,Yes,70.0
2883-ILGWO,Month-to-month,Fiber optic,104.9,0,No,0.0
2516-VQRRV,Month-to-month,Fiber optic,75.45,0,Yes,86.0
7580-UGXNC,Month-to-month,DSL,54.85,0,Yes,77.0
3642-BYHDO,Two year,No,19.9,0,No,0.0
9629-NHXFW,Month-to-month,No,19.4,0,No,10.0
2696-RZVZW,Two year,No,25.05,0,No,0.0
5766-FTRTS,Two year,DSL,84.45,0,No,0.0
0396-HUJBP,Month-to-month,No,19.3,0,No,6.0
5178-LMXOP,Month-to-month,Fiber optic,95.1,0,Yes,97.0
8879-ZKJOF,One year,DSL,79.85,0,No,5.0
6285-FTQBF,Two year,No,25.55,0,No,0.0
8185-UPYBR,Month-to-month,Fiber optic,75.5,0,Yes,94.0
4585-HETAI,Month-to-month,Fiber optic,73.75,0,Yes,78.0
7526-BEZQB,Month-to-month,Fiber optic,96.05,1,Yes,98.0
1474-JUWSM,One year,DSL,68.4,0,No,0.0
3530-CRZSB,Month-to-month,No,20.65,0,No,0.0
8498-XXGWA,Month-to-month,DSL,55.15,4,No,53.0
9617-INGJY,Month-to-month,Fiber optic,70.6,0,No,24.0
0621-TSSMU,One year,No,19.95,0,No,2.0
7234-KMNRQ,Month-to-month,No,19.0,0,No,5.0
7636-PEPNS,One year,DSL,44.1,0,No,1.0
4683-WYDOU,Two year,Fiber optic,107.6,0,No,5.0
9052-DHNKM,One year,DSL,61.55,0,No,2.0
6794-HKIAJ,Month-to-month,Fiber optic,90.7,0,No,5.0
5578-NKCXI,One year,Fiber optic,99.25,0,No,1.0
1642-HMARX,Two year,DSL,91.7,0,No,0.0
3096-WPXBT,One year,Fiber optic,100.7,0,No,0.0
8434-PNQZX,Two year,DSL,78.45,0,No,2.0
5950-AAAGJ,Month-to-month,Fiber optic,84.3,0,No,6.0
4299-OPXEJ,Two year,No,19.55,0,No,3.0
4951-UKAAQ,Month-to-month,Fiber optic,88.95,0,Yes,91.0
9618-LFJRU,Month-to-month,No,20.45,0,No,10.0
6693-DJWTY,One year,DSL,55.6,0,No,2.0
0744-GKNGE,Month-to-month,Fiber optic,86.8,0,No,1.0
6447-EGDIV,One year,No,20.95,0,No,1.0
1167-OYZJF,Two year,No,20.05,0,No,0.0
2108-YKQTY,Month-to-month,DSL,50.7,0,Yes,80.0
4806-DXQCE,Two year,Fiber optic,113.65,3,No,13.0
4918-QLLIW,Month-to-month,DSL,53.4,0,Yes,85.0
7056-IMHCC,Month-to-month,Fiber optic,101.9,3,Yes,89.0
4854-SSLTN,Two year,DSL,59.5,0,No,15.0
5294-DMSFH,Month-to-month,Fiber optic,87.8,0,No,13.0
4837-PZTIC,Two year,DSL,41.9,0,No,0.0
1625-JAIIY,One year,Fiber optic,83.0,0,Yes,71.0
0603-OLQDC,Month-to-month,DSL,69.85,0,No,7.0
3272-VUHPV,Month-to-month,DSL,56.3,0,No,10.0
4176-FXYBO,Month-to-month,Fiber optic,109.55,0,No,2.0
1063-DHQJF,Two year,Fiber optic,92.15,0,No,2.0
8663-UPDGF,Month-to-month,DSL,69.5,0,No,2.0
6719-FGEDO,Two year,Fiber optic,97.0,0,No,0.0
1837-YQUCE,Two year,DSL,58.35,0,No,0.0
2947-DOMLJ,Month-to-month,DSL,50.6,0,Yes,64.0
4112-LUEIZ,Month-to-month,Fiber optic,89.5,0,Yes,83.0
0369-ZGOVK,One year,Fiber optic,70.4,0,No,23.0
4510-HIMLV,Month-to-month,Fiber optic,69.8,0,Yes,94.9
9919-KNPOO,Month-to-month,Fiber optic,94.3,0,No,3.0
8749-JMNKX,Month-to-month,Fiber optic,93.8,5,Yes,93.0
7872-BAAZR,One year,No,19.55,0,No,4.0
9391-LMANN,One year,Fiber optic,95.95,0,No,1.0
2430-USGXP,Month-to-month,Fiber optic,101.05,3,Yes,98.0
8174-TBVCF,Two year,DSL,94.8,0,No,0.0
1698-XFZCI,One year,Fiber optic,107.75,0,No,3.0
1877-HKBQX,One year,DSL,54.6,0,No,3.0
4450-DLLMH,Month-to-month,Fiber optic,71.3,0,No,24.0
0428-AXXLJ,One year,No,19.5,0,No,1.0
2746-DIJLO,One year,DSL,56.3,0,No,3.0
5955-ERIHD,Month-to-month,Fiber optic,94.7,2,Yes,89.0
0917-EZOLA,Two year,Fiber optic,104.15,7,Yes,55.0
3508-VLHCZ,Two year,DSL,90.55,0,No,0.0
4086-ATNFV,One year,DSL,60.8,0,No,0.0
0468-YRPXN,Month-to-month,Fiber optic,98.8,0,No,0.0
5996-NRVXR,One year,Fiber optic,98.15,0,No,2.0
3739-YBWAB,One year,DSL,35.35,0,No,0.0
7047-FWEYA,One year,Fiber optic,103.15,0,No,4.0
2000-MPKCA,One year,Fiber optic,107.75,0,No,4.0
9762-YAQAA,One year,Fiber optic,81.4,0,No,4.0
5949-EBSQK,Month-to-month,DSL,61.45,0,Yes,77.0
5473-KHBPS,One year,Fiber optic,95.7,0,No,0.0
0100-DUVFC,One year,Fiber optic,104.8,0,No,1.0
5397-TUPSH,One year,Fiber optic,70.95,0,No,3.0
8950-MTZNV,Month-to-month,DSL,44.95,0,No,22.0
0326-VDYXE,One year,Fiber optic,97.65,0,No,3.0
6773-LQTVT,Month-to-month,DSL,35.65,0,No,11.0
7274-RTAPZ,Month-to-month,Fiber optic,90.55,0,Yes,82.0
0436-TWFFZ,Two year,DSL,85.25,0,No,1.0
8566-YPRGL,Month-to-month,No,19.5,0,No,5.0
0311-UNPFF,Month-to-month,Fiber optic,88.8,4,Yes,95.0
6609-MXJHJ,Two year,No,25.1,0,No,15.0
2669-OIDSD,Month-to-month,Fiber optic,100.05,0,No,3.0
8400-WZICQ,Month-to-month,DSL,55.7,0,No,2.0
3834-XUIFC,Month-to-month,Fiber optic,85.2,0,Yes,92.0
9576-SYUHJ,Month-to-month,Fiber optic,91.15,0,No,11.0
0410-IPFTY,Month-to-month,Fiber optic,83.85,0,No,36.0
2831-EBWRN,Month-to-month,DSL,45.9,0,No,24.0
9430-NKQLY,Two year,No,25.1,0,No,1.0
8414-MYSHR,Month-to-month,Fiber optic,91.4,0,Yes,46.0
0247-SLUJI,Month-to-month,No,19.7,0,No,32.0
9402-ORRAH,Month-to-month,Fiber optic,91.5,0,No,41.0
6483-OATDN,Month-to-month,DSL,51.3,0,No,4.0
1293-HHSHJ,One year,No,21.1,0,No,1.0
4840-ORQXB,Month-to-month,Fiber optic,104.75,0,No,2.0
7599-FKVXZ,Month-to-month,Fiber optic,106.15,4,Yes,97.0
3982-DQLUS,Month-to-month,Fiber optic,85.75,0,No,1.0
8610-ZIKJJ,One year,No,20.3,0,No,4.0
3756-VNWDH,One year,Fiber optic,100.75,0,No,1.0
7801-KICAO,Month-to-month,Fiber optic,74.15,0,No,8.0
7673-LPRNY,One year,DSL,78.55,0,No,1.0
8229-TNIQA,Month-to-month,DSL,45.3,0,Yes,58.0
6060-QBMGV,Two year,No,19.85,0,No,0.0
7339-POGZN,Month-to-month,DSL,50.7,0,No,26.0
2828-SLQPF,Month-to-month,DSL,45.0,0,No,5.0
4465-VDKIQ,Month-to-month,Fiber optic,77.8,0,No,13.0
2921-XWDJH,Month-to-month,Fiber optic,83.45,0,No,30.0
6221-AVQYL,Month-to-month,Fiber optic,73.25,0,Yes,87.0
2558-BUOZZ,One year,Fiber optic,94.8,0,No,0.0
9257-AZMTZ,Two year,No,20.1,0,No,0.0
0003-MKNFE,Month-to-month,DSL,59.9,0,No,15.0
0975-UYDTX,One year,DSL,90.1,0,No,0.0
7743-EXURX,Month-to-month,DSL,51.05,0,Yes,84.0
4682-BLBUC,One year,DSL,70.95,0,No,1.0
0975-VOOVL,Month-to-month,DSL,29.2,0,No,10.0
5968-VXZLG,Month-to-month,DSL,46.6,0,No,33.0
5569-KGJHX,Month-to-month,Fiber optic,85.35,0,Yes,67.0
4988-IQIGL,Month-to-month,Fiber optic,75.35,0,Yes,96.0
5201-FRKKS,Month-to-month,Fiber optic,74.3,0,No,11.0
9799-CAYJJ,Month-to-month,Fiber optic,69.3,0,No,24.0
7730-IUTDZ,Month-to-month,Fiber optic,75.2,0,Yes,77.0
0426-TIRNE,Month-to-month,No,20.9,0,Yes,87.0
5443-SCMKX,One year,Fiber optic,94.3,0,No,0.0
8295-KMENE,Two year,DSL,76.45,0,No,1.0
6738-ISCBM,One year,DSL,54.0,0,No,1.0
9821-BESNZ,One year,Fiber optic,104.25,0,No,2.0
3678-MNGZX,Two year,No,19.95,0,No,0.0
1335-NTIUC,Month-to-month,DSL,24.95,0,No,46.0
2916-BQZLN,Month-to-month,Fiber optic,84.75,0,No,9.0
4558-CGYCZ,Month-to-month,No,19.75,0,No,4.0
2368-GAKKQ,Two year,Fiber optic,113.65,0,No,0.0
8710-YGLWG,Month-to-month,DSL,44.9,0,No,36.0
3199-XGZCY,Month-to-month,Fiber optic,75.25,0,No,19.0
3785-KTYSH,Two year,No,24.6,0,No,0.0
6814-ZPWFQ,One year,No,25.0,0,No,2.0
4063-EIKNQ,Month-to-month,No,20.95,0,No,7.0
6993-YCOBK,Two year,Fiber optic,110.6,0,No,1.0
5206-HPJKM,Month-to-month,DSL,55.5,0,No,4.0
7587-RZNME,Month-to-month,DSL,43.3,0,Yes,88.0
0748-RDGGM,One year,Fiber optic,109.5,5,Yes,92.0
8393-JMVMB,Month-to-month,No,19.45,0,No,28.0
5019-GQVCR,Month-to-month,Fiber optic,84.85,0,No,21.0
6036-TTFYU,Month-to-month,No,19.6,0,No,4.0
2550-AEVRU,One year,DSL,53.45,0,No,1.0
0969-RGKCU,One year,No,19.8,0,No,0.0
0378-CJKPV,Two year,Fiber optic,112.1,0,No,0.0
4706-AXVKM,Month-to-month,Fiber optic,84.8,0,Yes,88.0
5889-JTMUL,Month-to-month,Fiber optic,95.05,4,Yes,92.0
9026-RNUJS,Month-to-month,DSL,50.35,0,Yes,84.0
3746-EUBYR,Month-to-month,Fiber optic,74.6,0,Yes,83.0
2332-EFBJY,Month-to-month,No,19.7,0,Yes,64.0
2880-FPNAE,Month-to-month,Fiber optic,74.2,0,No,66.0
1703-MGIAB,Month-to-month,DSL,69.0,0,No,14.0
4311-QTTAI,One year,No,19.35,0,No,1.0
9474-PHLYD,Month-to-month,DSL,59.45,1,Yes,92.0
4318-RAJVY,One year,No,19.8,0,No,0.0
2165-VOEGB,One year,Fiber optic,105.2,4,Yes,88.0
3612-YUNGG,Two year,Fiber optic,109.2,0,No,0.0
2254-DLXRI,Month-to-month,Fiber optic,79.15,0,No,30.0
5062-CJJKH,One year,DSL,53.65,0,No,2.0
9028-LIHRP,Two year,Fiber optic,100.2,0,No,0.0
2219-MVUSO,Month-to-month,DSL,45.15,0,Yes,79.0
1053-MXTTK,Two year,Fiber optic,108.65,0,No,0.0
1530-ZTDOZ,Month-to-month,DSL,40.65,0,No,1.0
1301-LOPVR,One year,DSL,55.35,0,No,0.0
0853-TWRVK,Two year,Fiber optic,105.6,0,No,0.0
8914-RBTSB,Month-to-month,Fiber optic,93.8,3,Yes,92.0
6212-ATMLK,Month-to-month,Fiber optic,95.7,0,No,3.0
8200-LGKSR,Two year,DSL,83.2,0,No,0.0
1568-BEKZM,Two year,DSL,90.05,0,No,0.0
0670-ANMUU,One year,Fiber optic,97.65,0,No,2.0
6897-RWMUB,Two year,DSL,68.05,0,No,0.0
0963-ZBDRN,Month-to-month,Fiber optic,96.2,3,Yes,90.0
7594-RQHXR,Month-to-month,Fiber optic,79.6,0,Yes,84.0
6999-CHVCF,Two year,Fiber optic,102.1,0,No,1.0
6134-KWTBV,Two year,No,23.4,0,No,0.0
1077-HUUJM,Month-to-month,Fiber optic,71.05,0,No,23.0
6331-EWIEB,Month-to-month,Fiber optic,85.25,0,Yes,73.0
0895-LNKRC,One year,No,19.45,0,No,1.0
2045-BMBTJ,Month-to-month,DSL,59.45,2,No,21.0
8417-GSODA,One year,Fiber optic,92.2,0,No,2.0
5171-EPLKN,Two year,No,19.85,0,No,0.0
4452-QIIEB,Month-to-month,DSL,43.9,0,No,7.0
5998-VVEJY,Month-to-month,Fiber optic,80.5,0,Yes,74.0
1624-NALOJ,Month-to-month,Fiber optic,89.8,0,Yes,86.0
6741-EGCBI,Month-to-month,Fiber optic,90.5,2,No,22.0
7820-ZYGNY,One year,Fiber optic,90.45,0,No,1.0
4317-VTEOA,Month-to-month,DSL,50.75,0,Yes,79.0
9677-AVKED,One year,DSL,84.6,0,No,0.0
1670-SVOWZ,Month-to-month,Fiber optic,89.65,0,Yes,62.0
2227-JRSJX,Month-to-month,Fiber optic,99.15,0,No,7.0
9847-HNVGP,One year,No,19.95,0,No,1.0
6696-YDAYZ,Two year,No,20.5,0,No,0.0
8980-WQFWL,Month-to-month,DSL,62.1,0,No,8.0
1730-ZMAME,Month-to-month,Fiber optic,79.5,0,No,14.0
6506-EYCNH,Month-to-month,No,19.55,0,No,25.0
4634-JLRJT,Month-to-month,No,20.35,0,No,61.07
9501-UKKNL,Month-to-month,DSL,51.7,0,No,1.0
2560-QTSBS,One year,No,23.3,0,No,0.0
7541-YLXCL,One year,DSL,65.4,3,Yes,85.0
4795-WRNVT,Month-to-month,DSL,65.1,0,No,7.0
6080-TCMYC,Month-to-month,Fiber optic,81.2,0,No,12.0
0260-ZDLGK,Month-to-month,DSL,72.9,0,Yes,75.0
7860-UXCRM,Two year,DSL,74.5,0,No,0.0
6357-JJPQT,Month-to-month,Fiber optic,80.5,0,No,34.0
2292-XQWSV,One year,DSL,60.3,0,No,1.0
9552-TGUZV,Month-to-month,Fiber optic,75.0,0,No,15.0
5913-INRQV,One year,Fiber optic,90.15,0,No,2.0
8722-NGNBH,Month-to-month,DSL,40.0,1,Yes,84.0
6210-KBBPI,Month-to-month,Fiber optic,99.45,0,Yes,79.0
9643-YBLUR,Month-to-month,DSL,69.05,0,No,9.0
8734-FNWVH,Month-to-month,DSL,59.7,0,No,1.0
9447-YPTBX,One year,No,19.85,0,No,1.0
0133-BMFZO,Month-to-month,Fiber optic,86.25,0,Yes,80.0
6128-CZOMY,Month-to-month,DSL,45.65,0,Yes,95.0
9540-JYROE,Month-to-month,Fiber optic,70.1,0,Yes,35.0
9026-LHEVG,Month-to-month,DSL,40.75,0,No,7.0
2260-USTRB,Month-to-month,Fiber optic,70.2,0,Yes,85.0
3656-TKRVZ,Month-to-month,DSL,55.35,1,Yes,91.0
7011-CVEUC,Month-to-month,Fiber optic,95.7,0,No,3.0
6185-TASNN,Month-to-month,DSL,46.3,0,No,26.0
7925-PNRGI,Month-to-month,DSL,81.3,0,No,3.0
8623-TMRBY,Month-to-month,Fiber optic,84.2,5,Yes,94.0
1552-CZCLL,Month-to-month,No,20.0,0,No,14.0
3038-PQIUY,Month-to-month,DSL,66.15,0,No,0.0
1501-SGHBW,Month-to-month,DSL,45.85,0,Yes,83.0
9313-CDOGY,Month-to-month,No,19.6,0,No,7.0
8148-BPLZQ,Month-to-month,DSL,49.8,0,No,1.0
2623-DRYAM,One year,Fiber optic,101.75,0,No,3.0
9987-LUTYD,One year,DSL,55.15,0,No,4.0
3208-YPIOE,Month-to-month,Fiber optic,75.25,0,Yes,35.0
4488-KQFDT,One year,Fiber optic,103.95,5,No,38.0
2612-RANWT,Month-to-month,Fiber optic,100.15,2,Yes,100.0
5693-PIPCS,Two year,Fiber optic,99.65,0,No,0.0
0491-KAPQG,Month-to-month,Fiber optic,73.7,0,No,14.0
1925-LFCZZ,One year,DSL,50.05,0,No,1.0
8039-EQPIM,Two year,DSL,60.25,0,No,0.0
6900-PXRMS,Month-to-month,Fiber optic,105.75,3,Yes,94.0
8707-RMEZH,One year,Fiber optic,87.3,0,No,2.0
3346-BRMIS,Month-to-month,DSL,48.35,0,Yes,22.0
3209-ZPKFI,Month-to-month,DSL,54.25,0,No,6.0
6479-VDGRK,Two year,DSL,85.3,0,No,0.0
9373-WSLOY,Month-to-month,DSL,50.0,0,No,0.0
2933-FILNV,Month-to-month,DSL,24.4,0,Yes,47.0
3569-JFODW,Two year,DSL,90.95,0,No,0.0
9819-FBNSV,Month-to-month,Fiber optic,72.25,0,No,19.0
9544-PYPSJ,Month-to-month,Fiber optic,96.1,0,No,0.0
1591-XWLGB,Two year,No,19.85,0,No,0.0
0396-UKGAI,Month-to-month,DSL,55.3,0,No,9.0
3243-ZHOHY,One year,No,20.1,0,No,0.0
5186-EJEGL,Month-to-month,DSL,69.5,0,No,10.0
7527-QNRUS,Two year,No,25.15,0,No,3.0
9986-BONCE,Month-to-month,No,20.95,0,Yes,69.0
2722-JMONI,Month-to-month,DSL,49.55,0,Yes,81.0
2203-GHNWN,Month-to-month,Fiber optic,79.65,0,No,7.0
3878-AVSOQ,Month-to-month,Fiber optic,71.25,0,No,35.0
3258-SYSWS,Two year,Fiber optic,113.8,0,No,0.0
5296-PSYVW,Two year,No,24.55,0,No,1.0
6319-QSUSR,Month-to-month,No,19.7,0,No,2.0
4083-EUGRJ,Month-to-month,No,20.25,0,Yes,71.0
7579-OOPEC,Month-to-month,DSL,50.15,0,Yes,76.0
0512-FLFDW,One year,Fiber optic,100.5,0,No,4.0
1771-OADNZ,Month-to-month,Fiber optic,95.9,2,Yes,97.0
0487-CRLZF,Two year,DSL,74.45,0,No,1.0
2107-FBPTK,Month-to-month,Fiber optic,104.1,0,No,1.0
9451-WLYRI,One year,No,19.05,0,No,1.0
8219-VYBVI,Two year,No,25.0,0,No,0.0
1991-VOPLL,Month-to-month,No,19.05,0,No,4.0
9738-QLWTP,One year,Fiber optic,81.9,0,No,2.0
1016-DJTSV,Month-to-month,Fiber optic,69.7,0,No,24.0
9419-IPPBE,One year,Fiber optic,90.15,0,No,4.0
0174-QRVVY,Two year,No,25.35,0,No,0.0
5699-BNCAS,Two year,No,24.65,0,No,0.0
2900-PHPLN,Two year,No,19.55,0,No,2.0
0612-RTZZA,Month-to-month,DSL,25.25,0,Yes,91.0
8106-GWQOK,Two year,DSL,60.0,0,No,1.0
8751-EDEKA,Month-to-month,Fiber optic,89.9,0,No,3.0
6878-GGDWG,Month-to-month,No,19.4,0,No,4.0
4039-PIMHX,Two year,DSL,49.8,0,No,1.0
8450-LUGUK,Two year,No,24.1,3,No,2.0
3604-WLABM,Month-to-month,DSL,54.25,0,No,22.0
0795-GMVQO,One year,Fiber optic,109.9,2,No,12.0
2259-OUUSZ,One year,DSL,35.5,0,No,11.0
1142-IHLOO,One year,Fiber optic,87.55,0,No,1.0
6410-LEFEN,Month-to-month,DSL,45.15,0,Yes,31.0
4633-MKHYU,Month-to-month,Fiber optic,88.4,0,No,22.0
6257-RJOHI,Month-to-month,DSL,50.8,0,No,13.0
1545-JFUML,Two year,Fiber optic,99.0,0,No,0.0
3194-ORPIK,Month-to-month,Fiber optic,84.4,0,Yes,29.0
7826-VVKWT,Two year,Fiber optic,96.55,0,No,3.0
1353-GHZOS,One year,DSL,59.75,0,No,17.0
2587-EKXTS,Month-to-month,Fiber optic,111.5,0,No,1.0
5442-BXVND,Month-to-month,No,24.25,0,No,10.0
8816-VXNZD,Month-to-month,Fiber optic,75.1,0,Yes,90.0
9378-FXTIZ,One year,DSL,70.15,3,Yes,75.0
1723-HKXJQ,Month-to-month,Fiber optic,101.75,6,Yes,100.0
7825-GKXMW,Month-to-month,DSL,45.8,0,Yes,94.0
9753-OYLBX,Month-to-month,No,20.5,0,No,14.0
2364-UFROM,One year,DSL,70.4,2,No,17.0
6656-JWRQX,Month-to-month,DSL,30.55,0,No,16.0
6473-ULUHT,Month-to-month,DSL,84.9,0,No,7.0
1240-KNSEZ,Month-to-month,No,20.1,0,Yes,74.0
0836-SEYLU,Month-to-month,DSL,40.65,0,Yes,80.0
4433-JCGCG,Month-to-month,Fiber optic,101.0,4,Yes,99.0
3716-BDVDB,Month-to-month,Fiber optic,69.1,0,Yes,100.0
7688-AWMDX,Two year,DSL,54.5,0,No,0.0
2842-BCQGE,Month-to-month,Fiber optic,75.35,0,No,16.0
7244-QWYHG,One year,DSL,44.45,0,No,1.0
5899-MQZZL,Month-to-month,Fiber optic,75.0,0,Yes,76.0
6849-OYAMU,One year,Fiber optic,100.0,0,Yes,66.0
5312-UXESG,Month-to-month,Fiber optic,98.05,0,No,5.0
9488-HGMJH,Month-to-month,Fiber optic,71.15,0,Yes,78.0
6038-GCYEC,Month-to-month,DSL,54.15,1,Yes,90.0
2150-WLKUW,One year,DSL,63.9,0,No,2.0
7159-FVYPK,Month-to-month,DSL,69.15,0,No,31.0
7032-LMBHI,One year,DSL,64.65,2,No,7.0
1150-WFARN,Two year,Fiber optic,108.75,6,Yes,89.0
6088-BXMRG,Month-to-month,Fiber optic,98.85,0,No,0.0
3144-AUDBS,Month-to-month,DSL,49.15,0,Yes,79.0
4821-SJHJV,Month-to-month,Fiber optic,89.6,0,No,4.0
7346-MEDWM,Month-to-month,Fiber optic,83.25,0,No,23.0
1137-DGOWI,One year,DSL,70.25,0,No,1.0
5616-PRTNT,Month-to-month,No,19.4,0,Yes,64.0
3812-LRZIR,Two year,No,24.5,0,No,5.0
4818-QIUFN,Month-to-month,Fiber optic,79.15,0,Yes,77.0
9483-GCPWE,One year,No,20.1,0,No,2.0
4227-OJHAL,One year,DSL,73.0,0,No,0.0
9220-CXRSC,Two year,DSL,61.4,0,No,0.0
4993-JCRGJ,Month-to-month,Fiber optic,84.3,0,No,7.0
9537-JALFH,Two year,No,19.9,0,No,0.0
6698-OXETB,Two year,No,20.4,0,No,0.0
2103-ZRXFN,Month-to-month,DSL,50.75,0,No,30.0
3724-BSCVH,One year,No,20.45,0,No,2.0
4877-TSOFF,One year,DSL,75.75,0,No,0.0
9209-NWPGU,One year,DSL,65.4,0,No,2.0
6961-VCPMC,Month-to-month,Fiber optic,80.4,0,Yes,78.0
7306-YDSOI,Two year,DSL,59.75,0,No,0.0
5288-AHOUP,Month-to-month,Fiber optic,78.5,0,No,24.0
6688-UZPWD,Month-to-month,Fiber optic,102.0,1,Yes,97.0
0655-YDGFJ,Month-to-month,DSL,48.95,0,No,1.0
8468-EHYJA,Month-to-month,Fiber optic,99.65,0,No,2.0
6823-SIDFQ,One year,No,18.25,0,No,0.0
1097-FSPVW,Month-to-month,DSL,54.55,0,No,1.0
2839-RFSQE,Month-to-month,No,20.65,0,Yes,5.0
8328-SKJNO,One year,DSL,40.65,1,No,6.0
7010-ZMVBF,Month-to-month,No,20.45,0,No,0.0
5201-CBWYG,One year,No,24.8,0,No,0.0
0968-GSIKN,Month-to-month,Fiber optic,70.8,0,Yes,80.0
1965-DDBWU,Month-to-month,Fiber optic,89.05,0,Yes,79.0
9057-SIHCH,Month-to-month,Fiber optic,96.6,1,Yes,100.0
6352-GIGGQ,One year,DSL,88.8,0,No,0.0
3635-QQRQD,Two year,No,20.05,0,No,0.0
6771-XWBDM,Month-to-month,Fiber optic,104.5,5,Yes,97.0
2897-DOVND,Month-to-month,Fiber optic,69.8,0,No,19.0
3082-YVEKW,Two year,DSL,77.15,0,No,7.0
0191-EQUUH,Two year,DSL,35.05,0,No,3.0
7134-HBPBS,Two year,Fiber optic,108.1,0,No,0.0
3489-HHPFY,Month-to-month,Fiber optic,84.05,0,No,25.0
2926-JEJJC,One year,No,20.2,0,No,6.0
8601-QACRS,Month-to-month,DSL,50.6,0,Yes,77.0
4950-BDEUX,Month-to-month,DSL,49.2,0,No,3.0
5789-LDFXO,One year,No,24.6,0,No,0.0
0508-OOLTO,Month-to-month,Fiber optic,71.65,0,No,19.0
2984-TBYKU,Two year,Fiber optic,104.9,0,No,0.0
9822-WMWVG,Month-to-month,Fiber optic,106.5,0,No,0.0
2391-SOORI,Month-to-month,DSL,49.35,0,Yes,71.0
9040-KZVWO,One year,Fiber optic,75.5,0,No,4.0
2645-QTLMB,Month-to-month,Fiber optic,94.25,0,Yes,91.0
4806-HIPDW,Month-to-month,Fiber optic,68.95,0,Yes,99.0
1548-ARAGG,Month-to-month,DSL,58.5,0,No,21.0
6339-RZCBJ,Two year,DSL,78.9,0,No,0.0
4424-TKOPW,Month-to-month,Fiber optic,93.85,0,Yes,79.0
4415-WNGVR,One year,DSL,79.2,0,No,0.0
2522-AHJXR,Month-to-month,Fiber optic,109.45,0,No,1.0
0412-UCCNP,Two year,DSL,59.2,0,No,1.0
1816-FLZDK,Month-to-month,DSL,29.15,0,No,31.0
7096-UCLNH,Month-to-month,No,20.05,0,No,11.0
8443-ZRDBZ,Month-to-month,Fiber optic,76.05,0,Yes,97.0
9136-ALYBR,Month-to-month,DSL,24.45,0,Yes,78.0
4615-PIVVU,Two year,DSL,66.5,0,No,6.0
8885-QSQBX,Month-to-month,DSL,49.55,0,No,9.0
7479-NITWS,Month-to-month,Fiber optic,89.35,0,Yes,92.0
8617-ENBDS,Month-to-month,Fiber optic,73.6,0,No,19.0
9385-NXKDA,Two year,DSL,82.65,0,No,0.0
0430-IHCDJ,Month-to-month,DSL,49.0,0,No,16.0
2959-MJHIC,Month-to-month,Fiber optic,80.35,0,Yes,92.0
6674-KVJHG,One year,No,25.2,0,No,1.0
1814-DKOLC,Month-to-month,No,25.45,0,No,20.0
4201-JMNGR,Month-to-month,DSL,55.8,0,Yes,85.0
9351-HXDMR,Two year,Fiber optic,110.9,6,No,10.0
3537-HPKQT,Month-to-month,Fiber optic,77.75,0,No,12.0
2129-ALKBS,Month-to-month,No,26.2,0,No,3.0
5821-MMEIL,Two year,No,19.9,0,No,0.0
5960-WPXQM,Month-to-month,Fiber optic,79.05,0,Yes,97.0
0684-AOSIH,Month-to-month,Fiber optic,95.0,0,Yes,85.0
8260-NGFNY,Month-to-month,DSL,25.2,0,Yes,40.0
1309-XGFSN,One year,DSL,80.85,0,No,1.0
1866-RZZQS,Month-to-month,Fiber optic,98.4,4,Yes,100.0
6968-URWQU,One year,DSL,56.35,0,No,6.0
4742-TXUEX,Two year,No,19.3,0,No,0.0
9631-XEYKE,Month-to-month,DSL,50.4,0,No,31.0
8631-NBHFZ,Two year,DSL,79.4,7,Yes,47.0
1335-MXCSE,Two year,DSL,55.25,0,No,2.0
8873-TMKGR,One year,No,19.1,0,No,0.0
8800-JOOCF,Month-to-month,Fiber optic,84.05,0,No,53.0
1469-LBJQJ,Month-to-month,Fiber optic,105.2,0,No,1.0
4958-XCBDQ,Month-to-month,Fiber optic,101.4,3,Yes,100.0
8337-UPOAQ,Month-to-month,Fiber optic,89.8,1,Yes,96.0
0064-YIJGF,Month-to-month,Fiber optic,75.75,2,No,23.0
2386-OWURY,Month-to-month,Fiber optic,95.3,0,No,3.0
1725-IQNIY,Two year,Fiber optic,109.75,4,Yes,75.0
0310-VQXAM,Month-to-month,No,19.85,0,No,9.0
6598-RFFVI,One year,No,19.3,0,Yes,64.0
3453-RTHJQ,Month-to-month,Fiber optic,69.1,0,No,20.0
6712-OAWRH,Month-to-month,Fiber optic,91.25,1,Yes,93.0
6278-FEPBZ,Month-to-month,No,20.25,0,No,1.0
4280-DLSHD,Month-to-month,DSL,54.75,0,No,26.0
1508-DFXCU,Month-to-month,Fiber optic,81.45,0,No,12.0
8614-VGMMV,Month-to-month,DSL,49.1,0,Yes,78.0
7868-BGSZA,One year,DSL,80.2,0,No,2.0
2800-QQUSO,Month-to-month,Fiber optic,100.3,0,No,2.0
2930-UOTMB,Month-to-month,DSL,65.25,3,Yes,51.0
7973-DZRKH,Two year,Fiber optic,90.95,0,No,0.0
5914-DVBWJ,Month-to-month,Fiber optic,85.45,0,Yes,47.0
7698-YFGEZ,Month-to-month,No,20.0,0,No,25.0
2533-QVMSK,Two year,Fiber optic,94.1,7,Yes,78.0
9773-PEQBZ,Month-to-month,Fiber optic,79.85,0,No,19.0
8644-XLFBW,Month-to-month,Fiber optic,71.65,0,Yes,36.0
0650-BWOZN,Month-to-month,Fiber optic,73.55,0,No,14.0
8625-AZYZY,Month-to-month,Fiber optic,104.65,2,Yes,95.0
7785-RDVIG,Month-to-month,No,19.3,0,No,9.0
9602-WCXPI,One year,No,20.15,0,No,2.0
2903-YYTBW,Month-to-month,DSL,44.55,0,No,24.0
3620-MWJNE,Month-to-month,DSL,54.45,0,No,16.0
8573-JGCZW,One year,No,19.65,0,No,1.0
6837-HAEVO,Two year,Fiber optic,105.0,0,No,1.0
6701-YVNQG,Two year,DSL,88.7,0,No,0.0
9306-CPCBC,Month-to-month,Fiber optic,74.25,0,Yes,75.0
4304-XUMGI,Two year,DSL,75.15,0,No,1.0
9504-YAZWB,Two year,No,20.25,0,No,1.0
8819-ZBYNA,Two year,Fiber optic,109.1,0,No,2.0
6174-NRBTZ,One year,DSL,30.75,0,No,1.0
9481-IEBZY,Month-to-month,Fiber optic,112.9,0,No,6.0
1833-VGRUM,Month-to-month,Fiber optic,74.2,0,Yes,88.0
6137-NICCO,Month-to-month,Fiber optic,94.05,0,No,23.0
9065-ZCPQX,Two year,DSL,78.85,0,No,1.0
6402-EJMWF,Month-to-month,DSL,55.3,0,No,10.0
3620-EHIMZ,Two year,No,19.35,0,No,0.0
3213-VVOLG,Two year,No,25.35,0,No,0.0
6870-ECSHE,One year,No,20.45,0,No,6.0
8747-UDCOI,Two year,No,19.35,0,No,2.0
8374-XGEJJ,Month-to-month,Fiber optic,101.0,5,Yes,96.0
2656-TABEH,Month-to-month,Fiber optic,100.2,0,Yes,93.0
6946-LMSQS,One year,Fiber optic,89.05,1,Yes,77.0
4626-OZDTJ,One year,DSL,78.65,0,No,1.0
9169-BSVIN,Month-to-month,DSL,74.75,0,No,9.0
2325-ZUSFD,One year,DSL,70.1,5,Yes,93.0
8194-PEEBY,One year,No,19.9,0,No,0.0
6872-HXFNF,One year,DSL,58.35,0,No,2.0
3932-CMDTD,One year,Fiber optic,105.65,1,Yes,74.0
7714-YXSMB,Month-to-month,Fiber optic,100.5,0,No,3.0
8387-UGUSU,Month-to-month,No,20.05,0,No,2.0
1080-BWSYE,Two year,No,25.65,0,No,0.0
4039-HEUNW,Month-to-month,Fiber optic,96.5,3,Yes,77.0
1194-HVAIF,Month-to-month,Fiber optic,95.0,0,No,4.0
0812-WUPTB,Month-to-month,Fiber optic,70.85,0,Yes,96.0
3594-UVONA,One year,DSL,85.95,2,Yes,41.0
0004-TLHLJ,Month-to-month,Fiber optic,73.9,0,Yes,83.0
1767-TGTKO,Month-to-month,DSL,45.45,0,No,17.0
8439-LTUGF,Month-to-month,No,20.0,0,No,1.0
8805-JNRAZ,Month-to-month,DSL,49.2,0,No,9.0
5089-IFSDP,Two year,Fiber optic,109.45,3,Yes,78.0
6418-HNFED,Two year,DSL,83.25,0,No,0.0
0206-OYVOC,Two year,No,19.25,0,No,0.0
7291-CDTMJ,Month-to-month,No,19.65,0,No,8.0
7128-GGCNO,Month-to-month,Fiber optic,72.8,0,No,8.0
0237-YFUTL,Month-to-month,Fiber optic,109.65,0,No,2.0
7691-KGKGP,Month-to-month,DSL,65.0,0,No,10.0
6710-HSJRD,Month-to-month,Fiber optic,114.1,0,No,10.0
3675-EQOZA,Month-to-month,No,20.65,0,No,7.0
0840-DCNZE,One year,DSL,86.95,0,No,0.0
1732-FEKLD,One year,Fiber optic,94.75,0,No,1.0
9862-KJTYK,Month-to-month,DSL,25.35,0,No,6.0
0479-HMSWA,Two year,Fiber optic,105.45,0,No,7.0
5854-KSRBJ,Two year,No,25.4,0,No,0.0
0365-BZUWY,Month-to-month,Fiber optic,102.55,1,No,30.0
4817-VYYWS,Month-to-month,Fiber optic,100.2,3,Yes,99.0
5701-SVCWR,Month-to-month,No,24.0,0,No,4.0
3129-AAQOU,Two year,No,25.6,0,No,0.0
4922-CVPDX,Two year,DSL,73.5,0,No,1.0
1396-QWFBJ,Month-to-month,Fiber optic,74.05,0,Yes,69.0
1357-BIJKI,One year,Fiber optic,98.25,0,No,1.0
1099-BTKWT,One year,DSL,54.4,0,No,1.0
5299-SJCZT,Month-to-month,Fiber optic,101.55,0,Yes,94.0
2018-PZKMU,Month-to-month,Fiber optic,103.1,0,No,42.0
7340-KEFQE,Two year,DSL,34.2,0,No,0.0
4570-QHXHL,Month-to-month,DSL,43.75,0,No,33.0
2403-BCASL,One year,Fiber optic,111.95,5,Yes,92.0
7392-YYPYJ,Month-to-month,Fiber optic,100.65,0,No,3.0
2898-LSJGD,One year,DSL,55.95,2,Yes,89.0
2223-GDSHL,Two year,Fiber optic,116.05,0,No,0.0
7359-PTSXY,Month-to-month,DSL,45.75,0,Yes,95.0
9470-RTWDV,One year,DSL,82.0,0,No,3.0
2176-OSJUV,Two year,DSL,65.15,0,No,2.0
9348-YVOMK,Month-to-month,DSL,44.8,0,No,16.0
8104-OSKWT,Month-to-month,Fiber optic,79.8,0,No,13.0
4521-YEEHE,Month-to-month,Fiber optic,88.85,0,No,26.0
4090-KPJIP,Month-to-month,Fiber optic,74.95,0,No,29.0
3786-WOVKF,One year,Fiber optic,106.85,0,No,2.0
4503-BDXBD,Month-to-month,Fiber optic,74.95,0,Yes,25.0
6086-ESGRL,Month-to-month,Fiber optic,80.15,0,Yes,94.0
2592-HODOV,One year,No,19.3,0,No,4.0
3886-CERTZ,One year,Fiber optic,109.25,6,Yes,85.0
7995-ZHHNZ,One year,DSL,56.1,0,No,1.0
3824-RHKVR,Month-to-month,No,19.7,0,No,11.0
5816-SCGFC,Month-to-month,DSL,51.3,0,No,8.0
5989-AXPUC,Two year,Fiber optic,118.6,0,No,2.0
4979-HPRFL,Two year,No,24.15,0,No,0.0
8590-OHDIW,One year,No,20.3,0,No,1.0
8015-IHCGW,Two year,Fiber optic,115.5,0,No,0.0
2332-TODQS,One year,No,25.05,0,No,1.0
9278-VZKCD,Month-to-month,Fiber optic,109.1,0,No,3.0
8008-OTEZX,One year,No,19.65,0,No,1.0
2773-OVBPK,Two year,Fiber optic,111.3,0,No,1.0
5999-LCXAO,Month-to-month,DSL,29.9,0,No,23.0
5206-XZZQI,Month-to-month,Fiber optic,80.6,0,No,9.0
4803-LBYPN,Month-to-month,No,20.8,0,No,2.0
5759-RCVCB,Month-to-month,DSL,35.2,0,Yes,39.0
6372-RFVNS,Month-to-month,Fiber optic,78.8,0,Yes,99.0
2139-FQHLM,Month-to-month,Fiber optic,89.95,0,No,20.0
8261-GWDBQ,Two year,Fiber optic,116.05,0,No,1.0
1093-YSWCA,Two year,No,19.55,1,No,6.0
8938-UMKPI,Month-to-month,Fiber optic,106.4,3,Yes,72.0
0991-BRRFB,Month-to-month,DSL,49.4,0,Yes,72.0
3882-IYOIJ,Two year,Fiber optic,115.25,0,No,0.0
8749-TZYEC,Two year,No,24.8,0,No,0.0
1755-FZQEC,One year,No,19.9,0,No,0.0
3115-JPJDD,One year,Fiber optic,81.25,0,No,0.0
5600-KTXFM,Month-to-month,Fiber optic,69.95,0,No,55.0
3871-IKPYH,Month-to-month,Fiber optic,69.1,0,Yes,94.0
6319-IEJWJ,Month-to-month,Fiber optic,90.2,3,Yes,94.0
9025-AOMKI,Month-to-month,Fiber optic,93.55,2,Yes,98.0
6339-TBELP,Two year,Fiber optic,86.4,0,No,1.0
7964-YESJC,Month-to-month,DSL,66.3,0,No,4.0
6173-GOLSU,Month-to-month,Fiber optic,94.65,0,No,5.0
5275-SQEIZ,Month-to-month,Fiber optic,80.85,0,Yes,91.0
7716-YTYHG,One year,Fiber optic,82.05,0,Yes,73.0
9938-ZREHM,One year,DSL,72.1,0,No,2.0
7950-XWOVN,Month-to-month,DSL,34.7,0,No,8.0
4390-KYULV,Month-to-month,No,20.55,0,Yes,64.0
4647-MUZON,Month-to-month,Fiber optic,95.95,0,No,7.0
9702-AIUJO,One year,DSL,44.8,0,No,8.0
8849-PRIQJ,One year,Fiber optic,109.4,0,No,0.0
8851-RAGOV,Month-to-month,DSL,71.05,0,No,1.0
1304-NECVQ,Month-to-month,Fiber optic,78.55,0,Yes,89.0
5396-IZEPB,Month-to-month,No,19.7,0,No,3.0
1729-VLAZJ,One year,DSL,40.25,0,No,0.0
8285-ABVLB,Two year,No,19.85,0,No,2.0
0701-TJSEF,Month-to-month,DSL,68.25,0,No,11.0
5712-VBOXD,Month-to-month,No,20.15,0,No,4.0
6629-LADHQ,Month-to-month,DSL,50.95,0,No,11.0
8945-GRKHX,Month-to-month,Fiber optic,78.65,0,Yes,95.0
1559-DTODC,Month-to-month,DSL,25.15,0,No,3.0
4797-MIWUM,Month-to-month,No,20.25,0,No,8.0
6959-UWKHF,Month-to-month,DSL,42.9,0,Yes,71.0
8720-RQSBJ,Month-to-month,DSL,44.0,0,No,13.0
4537-CIBHB,One year,No,20.25,0,No,3.0
3815-SLMEF,Month-to-month,DSL,34.25,0,Yes,16.0
5154-VEKBL,Month-to-month,DSL,58.5,1,Yes,89.0
4324-AHJKS,Month-to-month,DSL,55.8,0,No,7.0
4355-CVPVS,One year,Fiber optic,88.9,0,No,9.0
4495-LHSSK,Month-to-month,DSL,57.65,0,No,9.0
5655-JSMZM,Month-to-month,Fiber optic,96.2,4,Yes,99.0
5915-ANOEI,Two year,DSL,79.15,0,No,0.0
9861-PDSZP,Two year,Fiber optic,108.05,0,No,0.0
4505-EXZHB,Month-to-month,Fiber optic,74.4,0,Yes,75.0
7225-CBZPL,Month-to-month,Fiber optic,94.8,1,No,89.0
6704-UTUKK,Month-to-month,DSL,45.9,0,No,10.0
4587-VVTOX,Month-to-month,Fiber optic,105.3,0,Yes,86.0
2019-HDCZY,Two year,Fiber optic,102.6,0,No,0.0
4652-NNHNY,Month-to-month,Fiber optic,73.85,1,Yes,82.0
8788-DOXSU,One year,DSL,61.35,0,No,1.0
7404-JLKQG,Month-to-month,DSL,57.55,0,No,43.0
7421-ZLUPA,Month-to-month,DSL,29.25,0,No,17.0
8972-HJWNV,Month-to-month,Fiber optic,84.55,0,Yes,94.0
3274-NSDWE,Two year,No,19.6,0,No,0.0
2632-IVXVF,Two year,Fiber optic,111.75,0,No,0.0
3692-JHONH,One year,Fiber optic,106.5,0,No,1.0
8915-NNTRC,Two year,Fiber optic,107.7,0,No,0.0
5914-GXMDA,One year,No,19.3,0,No,0.0
7463-IFMQU,Two year,No,20.05,0,No,0.0
2920-RNCEZ,Month-to-month,Fiber optic,69.95,0,No,28.0
2541-YGPKE,One year,DSL,63.7,0,No,2.0
8515-OCTJS,Two year,No,24.75,0,Yes,66.0
5382-TEMLV,Month-to-month,DSL,50.9,1,No,13.0
3441-CGZJH,One year,DSL,60.4,3,No,56.0
9592-ERDKV,One year,DSL,79.25,0,No,2.0
2860-RANUS,Month-to-month,Fiber optic,85.8,0,Yes,84.0
5261-QSHQM,Month-to-month,DSL,24.45,0,Yes,81.0
4778-IZARL,Two year,Fiber optic,110.1,0,No,0.0
0432-CAJZV,Month-to-month,Fiber optic,90.7,0,No,17.0
7008-LZVOZ,Two year,No,25.3,0,No,1.0
8868-WOZGU,Month-to-month,Fiber optic,105.7,2,Yes,98.0
1200-TUZHR,Month-to-month,Fiber optic,85.2,0,No,29.0
9365-CSLBQ,Two year,No,24.35,0,No,0.0
1334-FJSVR,Month-to-month,DSL,24.25,0,Yes,75.0
5884-FBCTL,Two year,No,25.1,0,No,0.0
7130-CTCUS,Month-to-month,DSL,54.55,0,No,7.0
6242-FEGFD,Two year,Fiber optic,96.6,0,No,0.0
7625-XCQRH,Month-to-month,Fiber optic,76.5,0,Yes,85.0
6194-HBGQN,One year,DSL,81.15,0,No,0.0
7634-WSWDB,Month-to-month,DSL,38.5,0,No,9.0
6986-IXNDM,Month-to-month,Fiber optic,92.9,0,No,18.0
1731-TVIUK,Month-to-month,Fiber optic,93.5,0,Yes,87.0
2987-BJXIK,Two year,DSL,84.7,0,No,0.0
9769-TSBZE,Two year,DSL,66.0,0,No,2.0
0406-BPDVR,One year,Fiber optic,101.5,5,Yes,95.0
0618-XWMSS,Month-to-month,Fiber optic,74.9,0,Yes,66.0
1395-WSWXR,Two year,No,20.75,0,No,1.0
6023-GSSXW,Two year,DSL,61.45,0,No,1.0
6752-APNJL,Month-to-month,DSL,54.5,0,No,3.0
5276-KQWHG,Month-to-month,Fiber optic,69.6,0,Yes,80.0
0420-HLGXF,Month-to-month,Fiber optic,99.75,0,No,1.0
7446-KQISO,Two year,Fiber optic,109.75,0,No,1.0
9823-EALYC,Two year,DSL,80.85,3,No,7.0
0582-AVCLN,Two year,No,20.3,0,No,0.0
5803-NQJZO,Two year,DSL,67.8,0,No,0.0
2565-JSLRY,Month-to-month,No,24.05,0,Yes,64.0
2607-DHDAK,Two year,No,19.8,0,No,0.0
1073-XXCZD,Two year,No,25.7,0,No,2.0
0743-HRVFF,One year,DSL,56.15,0,No,0.0
4006-HKYHO,Two year,DSL,86.7,0,No,0.0
3727-JEZTU,Month-to-month,No,20.4,0,No,17.5
8143-ETQTI,Two year,No,19.65,0,No,0.0
6689-KXGBO,Month-to-month,DSL,50.55,0,Yes,79.0
9667-TKTVZ,Month-to-month,DSL,54.35,0,No,52.0
3657-COGMW,Month-to-month,Fiber optic,108.1,0,No,0.0
8570-KLJYJ,One year,DSL,54.45,0,No,0.0
7754-IXRMC,Month-to-month,DSL,45.35,0,No,34.0
9473-CBZOP,One year,DSL,59.0,0,No,2.0
2969-WGHQO,One year,DSL,69.45,0,No,6.0
6615-NGGZJ,Month-to-month,Fiber optic,100.55,1,Yes,94.0
4334-HOWRP,Two year,DSL,64.95,2,No,3.0
4255-DDUOU,Month-to-month,No,20.5,0,Yes,78.0
5863-OOKCL,Month-to-month,No,18.85,0,No,7.0
1686-STUHN,One year,No,19.8,0,No,0.0
1329-VHWNP,Month-to-month,DSL,25.05,0,No,16.0
2984-MIIZL,Month-to-month,Fiber optic,74.8,0,Yes,83.0
0266-GMEAO,Two year,Fiber optic,114.3,0,No,0.0
5590-YRFJT,Month-to-month,DSL,24.45,0,Yes,74.0
5574-NXZIU,Two year,Fiber optic,109.2,0,No,2.0
0019-GFNTW,Two year,DSL,45.05,0,No,0.0
4256-ZWTZI,Month-to-month,DSL,51.0,0,No,16.0
8309-PPCED,Two year,Fiber optic,110.45,0,No,0.0
4098-NAUKP,Month-to-month,Fiber optic,84.65,0,No,11.0
5196-WPYOW,One year,DSL,60.05,0,No,2.0
4608-LCIMN,Month-to-month,DSL,44.65,0,No,11.0
1485-YDHMM,Month-to-month,Fiber optic,93.25,0,No,2.0
4054-CUMIA,Month-to-month,No,20.25,0,No,6.0
0603-TPMIB,Two year,No,25.45,0,No,0.0
2525-GVKQU,Two year,No,20.6,1,No,4.0
8161-QYMTT,Month-to-month,Fiber optic,94.1,0,No,94.0
9581-GVBXT,One year,DSL,34.8,0,No,2.0
5862-BRIXZ,Two year,DSL,60.75,0,No,1.0
5404-GGUKR,Month-to-month,DSL,51.35,0,No,14.0
3308-JSGML,Two year,DSL,64.05,0,No,0.0
2126-GSEGL,Two year,DSL,84.8,5,No,9.0
3677-TNKIO,Month-to-month,Fiber optic,71.0,0,Yes,74.0
0440-QEXBZ,Month-to-month,DSL,50.15,0,No,5.0
2434-EEVDB,Two year,Fiber optic,94.6,0,No,2.0
6762-QVYJO,Two year,DSL,59.75,0,No,0.0
6199-IWKGC,One year,Fiber optic,100.25,0,No,3.0
2675-DHUTR,Month-to-month,Fiber optic,98.9,0,No,1.0
8152-VETUR,Two year,Fiber optic,97.7,0,No,1.0
9667-EQRXU,Month-to-month,DSL,40.3,1,Yes,91.0
7446-YPODE,Month-to-month,DSL,60.25,0,No,3.0
9522-BNTHX,Month-to-month,DSL,56.25,0,No,8.0
4676-WLUHT,Two year,DSL,46.2,0,No,3.0
3329-WDIOK,Month-to-month,DSL,50.6,0,Yes,79.0
7980-MHFLQ,Two year,No,24.9,0,No,0.0
2873-ZLIWT,Month-to-month,Fiber optic,84.85,0,Yes,82.0
3415-TAILE,Month-to-month,DSL,65.7,0,Yes,47.0
0757-WCUUZ,Two year,DSL,63.35,0,No,0.0
1629-DQQVB,Month-to-month,DSL,50.1,0,No,9.0
1915-IOFGU,Month-to-month,Fiber optic,70.5,0,Yes,91.0
3045-XETSH,Month-to-month,Fiber optic,94.85,1,Yes,96.0
0374-AACSZ,Month-to-month,DSL,50.15,0,No,9.0
7239-HZZCX,Month-to-month,No,19.75,0,Yes,48.67
4872-VXRIL,One year,DSL,64.65,0,No,0.0
9140-CZQZZ,Two year,DSL,79.6,1,No,4.0
3423-HHXAO,One year,No,19.5,0,No,2.0
9938-TKDGL,Two year,Fiber optic,99.55,0,No,0.0
0531-ZZJWQ,Month-to-month,Fiber optic,74.0,2,No,20.0
6537-QLGEX,Month-to-month,DSL,38.9,0,No,12.0
2688-BHGOG,Month-to-month,Fiber optic,79.55,0,No,33.0
7683-CBDKJ,Month-to-month,DSL,65.45,1,Yes,88.0
0946-CLJTI,Month-to-month,Fiber optic,98.7,5,Yes,97.0
3160-TYXLT,Month-to-month,DSL,46.3,0,No,2.0
1325-USMEC,Two year,Fiber optic,99.35,0,No,0.0
0916-QOFDP,Month-to-month,Fiber optic,95.8,0,No,26.0
0628-CNQRM,One year,DSL,67.5,0,Yes,70.0
5606-AMZBO,Month-to-month,Fiber optic,78.15,0,No,16.0
6199-IPCAO,Two year,No,26.1,0,No,0.0
7665-TOALD,Month-to-month,Fiber optic,69.6,0,Yes,100.0
0112-QWPNC,One year,DSL,84.35,2,Yes,67.0
0324-BRPCJ,Month-to-month,Fiber optic,100.2,7,Yes,89.0
2777-PHDEI,Month-to-month,Fiber optic,78.05,0,Yes,100.0
5640-CAXOA,One year,DSL,40.35,0,No,5.0
2235-EZAIK,Two year,DSL,79.2,0,No,0.0
3847-BAERP,Month-to-month,No,20.9,0,No,0.0
1196-AMORA,Month-to-month,Fiber optic,73.6,0,Yes,84.0
4282-YMKNA,Month-to-month,Fiber optic,74.75,0,Yes,82.0
1453-RZFON,Month-to-month,DSL,49.9,0,No,17.0
8263-OKETD,Month-to-month,DSL,68.9,0,No,7.0
0670-KDOMA,Month-to-month,No,20.25,0,No,54.27
2476-YGEFM,Month-to-month,Fiber optic,76.0,0,No,20.0
8687-BAFGU,Month-to-month,Fiber optic,74.0,0,No,20.0
0641-EVBOJ,Month-to-month,Fiber optic,82.3,0,No,18.0
0829-XXPLX,Month-to-month,Fiber optic,89.4,0,No,11.0
9974-JFBHQ,Month-to-month,Fiber optic,99.15,0,No,1.0
5356-RHIPP,Month-to-month,No,20.2,0,Yes,85.92
6624-JDRDS,Month-to-month,DSL,29.45,0,No,8.0
0608-JDVEC,Two year,No,19.8,0,No,0.0
9780-FKVVF,Month-to-month,DSL,59.15,0,No,11.0
1919-RTPQD,Month-to-month,DSL,44.75,0,No,17.0
5214-NLTIT,Two year,Fiber optic,90.8,0,No,1.0
3345-PBBFH,Month-to-month,DSL,49.55,0,No,8.0
5055-BRMNE,Two year,Fiber optic,106.7,0,No,1.0
9189-JWSHV,Month-to-month,Fiber optic,93.55,2,Yes,97.0
2190-PHBHR,Two year,Fiber optic,94.45,0,No,0.0
2650-GYRYL,One year,No,19.45,0,No,0.0
0746-JTRFU,Month-to-month,DSL,25.05,0,Yes,97.0
5208-FVQKB,Two year,DSL,67.95,0,No,0.0
7184-LRUUR,One year,DSL,65.25,0,No,1.0
6627-CFOSN,Month-to-month,Fiber optic,99.45,0,No,1.0
3982-JGSFD,One year,No,20.35,0,No,1.0
1574-DYCWE,Two year,No,19.95,0,No,0.0
7247-XOZPB,One year,DSL,77.4,0,No,1.0
2466-FCCPT,One year,No,19.7,0,No,2.0
6211-WWLTF,Two year,Fiber optic,99.7,6,No,23.0
4826-TZEVA,Month-to-month,Fiber optic,74.8,0,No,17.0
6016-NXBNJ,One year,No,19.15,0,No,0.0
9138-EFSMO,One year,Fiber optic,78.95,0,No,5.0
0576-WNXXC,Month-to-month,Fiber optic,95.55,3,Yes,95.0
4632-XJMEX,One year,DSL,62.85,0,No,1.0
8910-LEDAG,Month-to-month,Fiber optic,71.55,0,No,13.0
3452-GWUIN,Month-to-month,Fiber optic,94.95,0,No,7.0
2716-GFZOR,Month-to-month,Fiber optic,86.1,0,No,2.0
3724-UCSHY,Month-to-month,No,19.55,0,No,6.0
8626-XHBIE,Two year,No,24.8,4,No,2.0
4628-CTTLA,Month-to-month,DSL,39.3,4,Yes,96.0
3192-LNKRK,Month-to-month,Fiber optic,84.05,0,No,16.0
4439-YRNVD,Month-to-month,DSL,36.25,0,No,7.0
2876-VBBBL,Month-to-month,No,20.25,0,Yes,54.27
6834-NXDCA,Month-to-month,DSL,23.9,0,Yes,80.0
2208-UGTGR,Month-to-month,Fiber optic,98.6,0,No,1.0
3005-TYFRD,Month-to-month,Fiber optic,103.65,0,No,2.0
8670-MEFCP,Two year,DSL,92.9,0,No,0.0
3079-BCHLN,One year,No,19.9,0,No,1.0
7777-UNYHB,Month-to-month,No,20.1,0,No,1.0
5597-GLBUC,Month-to-month,Fiber optic,85.45,0,Yes,96.0
7278-CKDNC,Month-to-month,Fiber optic,80.5,0,No,40.0
2748-MYRVK,One year,Fiber optic,99.9,6,Yes,72.0
8450-UYIBU,Month-to-month,DSL,39.85,0,No,15.0
2969-VAPYH,One year,DSL,60.5,0,No,0.0
4822-YCXMX,Month-to-month,Fiber optic,84.8,0,Yes,75.0
7181-OQCUT,Month-to-month,Fiber optic,103.85,0,No,24.0
8474-UMLNT,Month-to-month,DSL,67.8,0,No,3.0
9821-POOTN,Month-to-month,Fiber optic,75.2,0,Yes,74.0
3836-FZSDJ,Two year,No,24.85,0,No,0.0
9142-XMYJH,Month-to-month,No,19.35,0,No,0.0
6559-ILWKJ,Two year,DSL,49.35,7,Yes,58.0
0187-QSXOE,Month-to-month,Fiber optic,89.0,0,No,16.0
7733-UDMTP,Month-to-month,DSL,55.0,0,No,2.0
2649-HWLYB,Two year,DSL,76.15,0,No,0.0
5214-CHIWJ,One year,No,20.3,0,No,0.0
4229-CZMLL,Month-to-month,Fiber optic,74.9,0,Yes,77.0
6904-JLBGY,Two year,Fiber optic,117.35,0,No,0.0
2465-BLLEU,Month-to-month,No,19.75,0,No,15.33
1685-VAYJF,Month-to-month,DSL,45.2,0,No,48.0
8874-EJNSR,Two year,No,25.2,0,No,0.0
6917-YACBP,Month-to-month,Fiber optic,89.75,0,No,1.0
5049-MUBWG,One year,DSL,75.0,0,No,1.0
4223-WOZCM,Month-to-month,DSL,49.95,0,No,31.0
0769-MURVM,Two year,DSL,65.7,0,No,0.0
9253-VIFJQ,One year,DSL,67.05,1,No,2.0
7030-FZTFM,Two year,Fiber optic,110.9,0,No,0.0
9741-YLNTD,Month-to-month,Fiber optic,87.95,0,No,34.0
5917-RYRMG,One year,No,19.8,0,No,0.0
5120-ZBLAI,One year,DSL,75.7,0,No,0.0
1194-BHJYC,Two year,DSL,62.15,0,No,0.0
3663-MITLP,Month-to-month,Fiber optic,101.25,0,Yes,74.0
0906-QVPMS,Two year,Fiber optic,115.15,0,No,1.0
9025-ZRPVR,Month-to-month,No,18.95,0,Yes,68.0
1905-OEILC,Month-to-month,No,19.5,0,No,21.0
7858-GTZSP,Month-to-month,Fiber optic,86.55,0,No,62.0
3285-UCQVC,Month-to-month,DSL,28.6,0,Yes,75.0
6248-BSHKG,One year,No,20.4,0,No,0.0
4685-TFLLS,One year,No,19.8,0,No,2.0
3470-BTGQO,Month-to-month,DSL,45.65,0,No,3.0
1209-VFFOC,Two year,DSL,56.4,0,No,0.0
8224-DWCKX,Month-to-month,Fiber optic,73.3,0,No,19.0
5482-PLVPE,Month-to-month,DSL,24.35,0,Yes,88.0
4553-DVPZG,Month-to-month,Fiber optic,101.35,0,No,3.0
4902-OHLSK,Month-to-month,Fiber optic,98.65,3,Yes,90.0
6917-IAYHD,Month-to-month,DSL,33.6,0,No,15.0
0495-ZBNGW,Month-to-month,Fiber optic,79.9,0,Yes,95.0
8620-RJPZN,Month-to-month,No,20.7,0,No,17.0
7572-KPVKK,Two year,Fiber optic,104.05,0,No,2.0
2642-MAWLJ,Two year,No,20.25,0,No,0.0
2357-COQEK,Month-to-month,Fiber optic,103.3,2,Yes,96.0
7103-ZGVNT,One year,DSL,73.7,0,No,2.0
3737-GCSPV,Month-to-month,Fiber optic,96.2,1,Yes,91.0
2027-WKXMW,Month-to-month,Fiber optic,108.75,0,No,2.0
7137-NAXML,One year,No,20.15,0,No,9.0
2428-ZMCTB,Month-to-month,No,19.75,0,No,1.0
2961-VNFKL,Two year,No,25.95,0,No,0.0
1768-HNVGJ,Month-to-month,DSL,70.05,0,No,4.0
6963-KQYQB,Two year,No,24.05,0,No,0.0
5934-RMPOV,Month-to-month,Fiber optic,84.75,0,No,17.0
1207-BLKSA,Two year,No,23.05,0,No,0.0
4088-YLDSU,One year,Fiber optic,104.15,3,Yes,88.0
8316-BBQAY,Two year,DSL,59.95,0,No,0.0
1166-PQLGG,Two year,No,19.55,0,No,0.0
3146-JTQHR,One year,No,19.6,0,No,2.0
4291-YZODP,One year,No,20.05,0,No,0.0
4395-PZMSN,Month-to-month,Fiber optic,85.55,0,No,22.0
6427-FEFIG,Two year,DSL,78.6,0,No,1.0
0017-IUDMW,Two year,Fiber optic,116.8,0,No,0.0
8706-HRADD,Month-to-month,DSL,43.55,1,No,20.0
9955-QOPOY,One year,DSL,60.8,0,No,0.0
4385-ZKVNW,Month-to-month,DSL,54.9,0,No,7.0
5446-DKWYW,One year,DSL,65.2,0,No,2.0
2034-CGRHZ,Month-to-month,Fiber optic,102.95,2,Yes,97.0
5797-APWZC,Month-to-month,Fiber optic,90.6,0,Yes,98.0
3683-QKIUE,Month-to-month,DSL,50.8,0,Yes,87.0
4228-ZGYUW,Month-to-month,Fiber optic,90.05,1,Yes,97.0
9031-ZVQPT,Two year,Fiber optic,108.2,0,No,0.0
2990-IAJSV,Two year,DSL,92.0,0,No,0.0
8107-KNCIM,Month-to-month,Fiber optic,75.1,0,No,20.0
9027-YFHQJ,Month-to-month,No,25.05,0,No,12.0
5176-LDKUH,One year,Fiber optic,75.15,0,No,1.0
4644-OBGFZ,One year,No,19.5,0,No,0.0
7926-IJOOU,Month-to-month,No,19.3,0,No,13.0
6480-YAGIY,One year,Fiber optic,112.2,0,No,4.0
4029-HPFVY,Month-to-month,Fiber optic,70.3,0,No,11.0
7602-DBTOU,Two year,No,19.6,0,No,0.0
5345-BMKWB,Month-to-month,No,20.25,0,No,13.0
3519-ZKXGG,Month-to-month,Fiber optic,75.85,0,Yes,91.0
5457-COLHT,Two year,DSL,80.65,0,No,0.0
6416-TVAIH,Month-to-month,Fiber optic,68.5,0,Yes,95.0
5451-YHYPW,Two year,Fiber optic,115.75,0,No,0.0
5108-ADXWO,Month-to-month,Fiber optic,73.5,0,Yes,68.0
7998-WNZEM,Two year,DSL,80.6,0,No,0.0
3066-RRJIO,Month-to-month,Fiber optic,69.95,0,Yes,97.0
4664-NJCMS,Two year,DSL,59.55,0,No,0.0
0307-BCOPK,One year,No,19.05,0,No,1.0
7629-WFGLW,One year,Fiber optic,95.65,0,No,3.0
2542-HYGIQ,Month-to-month,No,19.95,0,No,26.17
6715-OFDBP,Month-to-month,DSL,70.05,0,Yes,77.0
5016-LIPDW,One year,No,19.4,5,No,2.0
6481-LXPWL,One year,DSL,36.1,0,No,6.0
1567-DSCIC,Month-to-month,Fiber optic,94.0,1,Yes,98.0
2150-UWTFY,Month-to-month,DSL,61.15,3,Yes,90.0
6124-ACRHJ,Month-to-month,No,19.75,0,No,4.0
9362-MWODR,Month-to-month,DSL,64.1,0,No,1.0
9975-GPKZU,Two year,No,19.75,0,No,1.0
9625-RZFUK,Two year,No,19.7,0,No,0.0
5153-LXKDT,Two year,Fiber optic,110.2,0,No,0.0
5161-UBZXI,Two year,Fiber optic,106.35,0,No,0.0
1020-JPQOW,Month-to-month,Fiber optic,90.55,0,No,2.0
7919-ZODZZ,One year,DSL,65.9,0,No,7.0
0565-JUPYD,One year,Fiber optic,104.5,0,No,1.0
6867-ACCZI,Two year,DSL,52.5,0,No,1.0
5939-XAIXZ,Month-to-month,DSL,56.1,0,No,2.0
9054-FOWNV,Month-to-month,Fiber optic,88.75,0,No,17.0
2683-BPJSO,Month-to-month,Fiber optic,84.45,2,Yes,89.0
2157-MXBJS,One year,DSL,75.3,1,Yes,87.0
8207-VVMYB,Two year,No,26.0,0,No,0.0
9732-EQMWY,Month-to-month,Fiber optic,99.4,0,No,8.0
9360-AHGNL,One year,Fiber optic,109.55,3,Yes,85.0
1087-UDSIH,Month-to-month,No,19.6,0,Yes,75.0
5269-NRGDP,One year,DSL,73.15,0,No,1.0
6195-MELTI,One year,DSL,54.65,0,No,1.0
5485-WUYWF,Month-to-month,DSL,66.4,0,Yes,76.0
2121-JAFOM,Two year,Fiber optic,115.55,0,No,0.0
8818-DOPVL,Month-to-month,Fiber optic,104.45,0,No,2.0
2632-UCGVD,Month-to-month,Fiber optic,100.05,5,Yes,95.0
5445-PZWGX,One year,Fiber optic,102.0,4,Yes,82.0
1227-UDMZR,Two year,DSL,91.15,0,No,0.0
5198-HQAEN,One year,Fiber optic,89.7,0,No,1.0
9170-CCKOU,Month-to-month,Fiber optic,90.2,0,Yes,73.0
2167-FQSTQ,Two year,DSL,92.4,0,No,0.0
2819-GWENI,One year,No,19.9,0,No,0.0
1043-YCUTE,Two year,No,25.15,0,Yes,59.0
3814-MLAXC,Month-to-month,Fiber optic,79.85,0,Yes,73.0
3572-UUHRS,One year,No,18.85,0,No,3.0
2692-PFYTJ,Month-to-month,No,25.75,0,No,28.0
1226-UDFZR,Month-to-month,DSL,49.6,0,Yes,72.0
5955-EPOAZ,Month-to-month,No,20.95,0,No,5.0
6821-JPCDC,One year,Fiber optic,97.05,0,No,0.0
8815-LMFLX,Month-to-month,No,25.4,0,No,2.0
9135-HSWOC,Two year,No,19.7,0,No,0.0
8582-KRHPJ,Month-to-month,DSL,35.0,0,No,0.0
5811-IWXYM,One year,Fiber optic,101.25,0,No,0.0
7044-YAACC,Month-to-month,Fiber optic,70.2,0,No,22.0
8189-XRIKE,Month-to-month,Fiber optic,90.95,0,No,2.0
1506-YJTYT,Two year,DSL,73.85,0,No,0.0
4123-DVHPH,Month-to-month,Fiber optic,88.05,0,No,15.0
6425-YQLLO,One year,Fiber optic,105.95,6,Yes,92.0
5442-UTCVD,Month-to-month,Fiber optic,91.85,0,Yes,65.0
2228-BZDEE,Two year,No,20.1,0,No,0.0
7734-DBOAI,Month-to-month,DSL,40.1,0,Yes,51.0
2789-CZANW,Two year,Fiber optic,110.3,0,No,2.0
2091-RFFBA,Month-to-month,Fiber optic,73.9,0,Yes,80.0
2114-MGINA,Month-to-month,Fiber optic,89.8,2,Yes,98.0
7596-LDUXP,One year,Fiber optic,85.15,0,No,8.0
3740-RLMVT,One year,DSL,60.95,0,No,0.0
4489-SNOJF,Month-to-month,DSL,72.25,3,Yes,63.0
2192-OZITF,Two year,DSL,73.55,0,No,0.0
5651-CPDND,Month-to-month,DSL,46.0,0,No,20.0
2186-QZEYA,Month-to-month,DSL,58.55,0,No,9.0
1131-ALZWV,One year,No,24.6,0,No,3.0
7729-XBTWX,Two year,No,19.75,0,No,0.0
9134-WYRVP,One year,Fiber optic,86.35,0,No,3.0
3284-SVCRO,Two year,No,25.5,0,No,1.0
9732-OUYRN,One year,No,19.0,1,No,1.0
0559-CKHUS,Two year,No,19.55,0,No,0.0
2931-SVLTV,Month-to-month,Fiber optic,110.1,0,No,1.0
6899-PPEEA,Month-to-month,Fiber optic,96.55,3,Yes,98.0
7504-UWHNB,Month-to-month,Fiber optic,69.75,0,No,12.0
2582-FFFZR,Month-to-month,DSL,50.6,0,No,3.0
8908-NMQTX,Two year,DSL,65.6,0,No,0.0
2187-LZGPL,Month-to-month,DSL,40.1,1,Yes,90.0
1431-AIDJQ,Two year,DSL,82.1,0,No,3.0
6288-LBEAR,Month-to-month,Fiber optic,79.1,1,No,13.0
4597-NUCQV,Month-to-month,Fiber optic,101.25,2,Yes,99.0
9019-QVLZD,Month-to-month,Fiber optic,79.55,0,Yes,100.0
8413-YNHNV,Two year,DSL,90.65,0,No,1.0
5808-TOTXO,One year,No,20.55,0,No,1.0
4369-NYSCF,One year,DSL,75.75,0,No,0.0
6333-YDVLT,One year,Fiber optic,110.0,0,No,1.0
5324-KTGCG,One year,No,20.85,0,No,2.0
5599-HVLTW,Month-to-month,Fiber optic,80.35,0,No,19.0
7394-LWLYN,Month-to-month,Fiber optic,70.15,0,No,20.0
3707-LRWZD,One year,Fiber optic,84.05,0,Yes,70.0
6873-UDNLD,Month-to-month,DSL,67.45,0,No,1.0
2700-LUEVA,Month-to-month,No,20.75,0,No,6.0
1455-ESIQH,Month-to-month,Fiber optic,89.1,0,Yes,86.0
0958-YHXGP,Month-to-month,Fiber optic,69.9,0,No,17.0
1101-SSWAG,Month-to-month,DSL,51.1,0,No,11.0
2979-SXESE,Month-to-month,Fiber optic,94.4,1,Yes,91.0
4013-TLDHQ,Month-to-month,Fiber optic,78.25,1,Yes,89.0
5743-KHMNA,Two year,No,25.55,0,No,0.0
4194-FJARJ,Two year,DSL,60.0,0,No,0.0
5325-UWTWJ,Month-to-month,Fiber optic,90.55,0,No,8.0
3969-GYXEL,Month-to-month,Fiber optic,76.4,0,No,31.0
9208-OLGAQ,Month-to-month,Fiber optic,84.95,0,No,30.0
3244-CQPHU,Two year,Fiber optic,110.1,0,No,0.0
2674-MLXMN,Month-to-month,Fiber optic,99.65,6,No,25.0
9708-HPXWZ,Month-to-month,DSL,45.4,0,No,16.0
6992-TKNYO,One year,DSL,69.0,0,No,3.0
4468-YDOVK,Month-to-month,DSL,48.65,0,No,24.0
3754-DXMRT,Month-to-month,DSL,44.15,0,Yes,76.0
5792-JALQC,Two year,DSL,59.85,0,No,1.0
7130-VTEWQ,Month-to-month,Fiber optic,75.75,0,Yes,58.0
2200-DSAAL,Two year,DSL,80.65,0,No,2.0
4302-ZYFEL,One year,No,20.55,0,No,0.0
9351-LZYGF,Month-to-month,DSL,66.4,0,No,1.0
4366-CTOUZ,Two year,Fiber optic,100.2,0,No,0.0
6121-VZNQB,Month-to-month,No,19.1,0,Yes,71.0
7903-CMPEY,Month-to-month,Fiber optic,80.3,0,Yes,96.0
1518-OMDIK,Month-to-month,DSL,44.55,0,No,14.0
6671-NGWON,Month-to-month,No,20.35,0,No,1.0
0595-ITUDF,Month-to-month,Fiber optic,91.8,0,No,1.0
6996-KNSML,Month-to-month,Fiber optic,74.9,0,Yes,96.0
1955-IBMMB,Two year,No,20.2,0,No,0.0
0096-BXERS,Month-to-month,DSL,50.35,0,No,37.0
3806-YAZOV,Month-to-month,No,18.8,0,No,3.0
7998-ZLXWN,Month-to-month,No,20.45,0,No,7.0
6253-WRFHY,One year,DSL,64.75,0,No,11.0
9133-AYJZG,Month-to-month,Fiber optic,98.7,0,No,10.0
2675-OTVVJ,Month-to-month,Fiber optic,89.45,0,No,4.0
8680-CGLTP,One year,DSL,58.75,0,No,0.0
8430-TWCBX,One year,No,20.7,0,No,10.0
5018-GWURO,Month-to-month,Fiber optic,85.6,0,No,10.0
6741-QRLUP,Two year,DSL,80.3,0,No,0.0
4737-HOBAX,Two year,DSL,79.8,0,No,0.0
0537-QYZZN,Month-to-month,Fiber optic,79.85,2,No,22.0
3340-QBBFM,One year,DSL,54.1,0,No,3.0
1704-NRWYE,Month-to-month,Fiber optic,80.85,0,Yes,85.0
2592-SEIFQ,Month-to-month,DSL,24.75,0,Yes,85.0
8200-KLNYW,One year,DSL,80.9,0,No,0.0
3372-CDXFJ,One year,No,24.5,0,No,6.0
4781-ZXYGU,Month-to-month,No,20.15,0,No,21.0
7632-YUTXB,One year,No,20.05,1,No,0.0
2718-YSKCS,Two year,No,19.6,0,No,0.0
9896-UYMIE,One year,Fiber optic,114.3,0,No,1.0
0853-NWIFK,One year,Fiber optic,100.3,0,No,3.0
8212-CRQXP,Month-to-month,Fiber optic,80.0,0,No,14.0
6980-CDGFC,One year,No,20.85,0,No,9.0
7691-XVTZH,Two year,Fiber optic,89.95,0,No,2.0
2520-SGTTA,Two year,No,20.0,0,No,2.0
7481-ATQQS,Month-to-month,Fiber optic,90.85,3,Yes,86.0
2277-VWCNI,Month-to-month,DSL,48.75,0,No,68.0
1088-CNNKB,One year,DSL,80.0,0,No,0.0
8642-GVWRF,Month-to-month,Fiber optic,79.7,0,Yes,90.0
1930-BZLHI,One year,No,20.35,0,No,0.0
3400-ESFUW,Two year,DSL,57.55,5,Yes,76.0
5868-YTYKS,Month-to-month,No,20.25,0,No,32.58
3525-DVKFN,Two year,No,19.4,0,No,0.0
1482-OXZSY,Month-to-month,Fiber optic,100.4,0,No,1.0
0377-JBKKT,Month-to-month,DSL,57.95,0,No,6.0
5778-BVOFB,Month-to-month,DSL,59.5,0,No,13.0
3373-YZZYM,Month-to-month,No,19.2,0,No,11.0
2057-ZBLPD,Month-to-month,Fiber optic,86.5,0,Yes,76.0
0228-MAUWC,Month-to-month,DSL,59.55,1,No,11.0
5502-RLUYV,Month-to-month,Fiber optic,103.95,4,Yes,68.0
0023-HGHWL,Month-to-month,DSL,25.1,0,Yes,96.0
7663-YJHSN,Two year,Fiber optic,103.95,1,No,5.0
4915-BFSXL,Two year,DSL,68.95,0,No,0.0
3086-RUCRN,Month-to-month,Fiber optic,103.1,0,No,3.0
5215-LNLDJ,Month-to-month,DSL,24.7,0,No,12.0
7576-JMYWV,Month-to-month,Fiber optic,110.2,0,No,9.0
9039-RBEEE,Month-to-month,DSL,48.95,3,Yes,77.0
0257-KXZGU,Month-to-month,DSL,62.45,0,No,0.0
1307-ATKGB,Month-to-month,Fiber optic,89.55,0,No,2.0
8417-FMLZI,Month-to-month,Fiber optic,83.55,0,Yes,81.0
3714-XPXBW,Month-to-month,DSL,78.9,0,No,1.0
1850-AKQEP,Month-to-month,No,20.35,0,No,2.0
2824-DXNKN,Two year,DSL,71.45,0,No,0.0
5227-JSCFE,Two year,DSL,46.35,0,No,0.0
0848-ZGQIJ,Month-to-month,Fiber optic,94.65,0,No,5.0
3621-CHYVB,Month-to-month,DSL,49.9,0,No,8.0
8042-RNLKO,One year,No,25.45,0,No,5.0
1792-UXAFY,Month-to-month,Fiber optic,89.15,1,Yes,95.0
5372-FBKBN,Month-to-month,No,20.75,0,No,0.0
0420-TXVSG,Two year,DSL,66.1,0,No,0.0
6217-TOWGS,Month-to-month,DSL,75.4,0,No,8.0
0515-YPMCW,Month-to-month,Fiber optic,70.45,0,Yes,89.0
0378-XSZPU,One year,DSL,60.3,5,Yes,80.0
1045-LTCYT,Month-to-month,No,21.05,0,No,6.0
1544-JJMYL,One year,DSL,69.35,0,No,1.0
4636-JGAAI,Month-to-month,Fiber optic,88.85,0,No,7.0
6874-SGLHU,One year,Fiber optic,97.0,0,No,1.0
5951-AOFIH,Month-to-month,DSL,66.4,0,No,3.0
4729-XKASR,Month-to-month,DSL,24.75,0,Yes,42.0
3059-NGMXB,Month-to-month,DSL,69.2,0,No,3.0
8652-YHIYU,One year,Fiber optic,79.5,0,No,4.0
5278-PNYOX,Two year,Fiber optic,100.65,0,No,0.0
5449-FIBXJ,Month-to-month,Fiber optic,103.3,0,Yes,68.0
3486-HOOGQ,Two year,DSL,79.7,0,No,0.0
5061-PBXFW,Month-to-month,DSL,61.4,0,No,1.0
8630-FJLIB,Month-to-month,Fiber optic,69.8,0,No,6.0
3891-NLXJB,Two year,DSL,40.55,0,No,1.0
4749-OJKQU,Month-to-month,Fiber optic,75.65,0,No,31.0
0577-WHMEV,Month-to-month,Fiber optic,90.7,0,No,10.0
5453-AXEPF,Month-to-month,Fiber optic,80.5,0,No,16.0
3639-XJHKQ,Month-to-month,DSL,60.6,0,No,3.0
3716-LRGXK,Two year,Fiber optic,101.15,0,No,1.0
2263-SFSQZ,Two year,No,24.95,0,No,2.0
9950-MTGYX,Two year,No,20.3,2,No,0.0
3397-AVTKU,Two year,DSL,60.0,0,No,3.0
4825-FUREZ,Two year,No,20.25,2,No,2.0
9837-BMCLM,Month-to-month,Fiber optic,78.5,0,Yes,89.0
2672-OJQZP,Month-to-month,DSL,44.75,0,No,13.0
0137-UDEUO,Month-to-month,No,19.85,0,Yes,75.0
3134-DSHVC,Two year,Fiber optic,98.0,0,No,0.0
6161-UUUTA,Month-to-month,Fiber optic,79.9,0,Yes,63.0
7821-DPRQE,Month-to-month,Fiber optic,107.7,0,No,3.0
6543-XRMYR,Month-to-month,Fiber optic,99.7,3,Yes,99.0
2001-EWBQU,Two year,Fiber optic,104.7,0,No,0.0
4925-LMHOK,Month-to-month,DSL,58.6,0,Yes,68.0
1608-GMEWB,Month-to-month,Fiber optic,93.9,0,No,3.0
6695-AMZUF,Two year,DSL,86.45,0,No,0.0
1455-UGQVH,Month-to-month,Fiber optic,98.5,3,Yes,98.0
8410-BGQXN,Month-to-month,No,19.4,0,No,1.0
8280-MQRQN,Month-to-month,DSL,50.45,0,Yes,98.0
1619-YWUBB,Two year,No,24.95,0,No,0.0
7611-YKYTC,Month-to-month,Fiber optic,75.0,0,No,7.0
2037-SGXHH,Month-to-month,Fiber optic,94.65,2,Yes,78.0
3178-FESZO,Month-to-month,Fiber optic,100.25,0,Yes,97.0
0365-GXEZS,Month-to-month,Fiber optic,78.2,0,No,7.0
0082-OQIQY,Month-to-month,Fiber optic,94.2,0,No,1.0
6087-MVHJH,Month-to-month,Fiber optic,88.45,0,Yes,37.0
4603-JANFB,Month-to-month,Fiber optic,69.85,0,Yes,91.62
3018-TFTSU,Month-to-month,Fiber optic,81.7,2,Yes,67.0
3606-SBKRY,One year,DSL,50.05,0,No,2.0
4806-KEXQR,Month-to-month,Fiber optic,79.9,0,Yes,51.0
0667-NSRGI,One year,DSL,69.55,0,No,3.0
7083-YNSKY,Month-to-month,No,25.4,0,Yes,68.0
6893-ODYYE,One year,Fiber optic,90.1,0,No,0.0
8242-JSVBO,Month-to-month,DSL,44.65,0,No,17.0
2479-BRAMR,Month-to-month,Fiber optic,83.75,4,Yes,62.0
9541-ZPSEA,Two year,Fiber optic,80.35,0,No,2.0
2665-NPTGL,Month-to-month,Fiber optic,98.1,0,No,4.0
1139-WUOAH,Two year,DSL,53.35,0,No,0.0
4693-VWVBO,Month-to-month,No,19.55,0,No,15.0
7434-SHXLS,Month-to-month,No,20.9,0,Yes,87.0
6937-GCDGQ,One year,DSL,48.95,0,No,4.0
0988-JRWWP,Month-to-month,DSL,54.2,0,No,10.0
5075-JSDKI,Two year,No,24.45,0,No,0.0
7908-QCBCA,Month-to-month,Fiber optic,69.4,0,Yes,100.0
8644-XYTSV,Month-to-month,DSL,40.15,0,No,3.0
6711-FLDFB,Month-to-month,Fiber optic,74.9,0,Yes,73.0
3873-WOSBC,Two year,No,25.6,5,No,2.0
7465-ZZRVX,Month-to-month,Fiber optic,70.35,0,No,30.0
7975-JMZNT,Two year,DSL,91.7,0,No,0.0
7251-XFOIL,Month-to-month,Fiber optic,89.2,0,No,2.0
4116-IQRFR,One year,No,24.1,0,No,4.0
3714-JTVOV,Month-to-month,Fiber optic,74.15,0,Yes,65.0
8259-DZLIZ,One year,DSL,53.85,0,No,1.0
0442-ZXKVS,One year,Fiber optic,115.6,0,No,2.0
7853-WNZSY,Month-to-month,No,19.75,0,No,10.0
3120-FAZKD,Two year,No,24.05,3,No,0.0
8606-OEGQZ,Two year,No,25.3,0,No,3.0
0225-ZORZP,Month-to-month,Fiber optic,84.3,0,No,15.0
4702-IOQDC,Month-to-month,Fiber optic,70.1,0,Yes,88.5
9489-JMTTN,Two year,DSL,89.75,0,No,0.0
0575-CUQOV,One year,Fiber optic,97.95,0,No,1.0
0967-BMLBD,One year,No,20.0,0,No,11.0
6178-KFNHS,Month-to-month,Fiber optic,78.3,0,Yes,66.0
2830-LEWOA,One year,Fiber optic,103.9,0,No,2.0
5006-MXVRN,Two year,No,20.7,0,No,0.0
1264-BYWMS,Month-to-month,Fiber optic,96.8,4,Yes,94.0
9658-WYUFB,Month-to-month,Fiber optic,94.4,2,Yes,91.0
8327-WKMIE,One year,No,20.15,0,No,0.0
6917-FIJHC,Two year,No,26.0,0,No,0.0
5329-KRDTM,Two year,DSL,77.35,0,No,0.0
7797-EJMDP,Month-to-month,DSL,66.05,0,No,17.0
3530-VWVGU,Month-to-month,No,19.9,0,No,1.0
2013-SGDXK,Month-to-month,Fiber optic,84.3,0,Yes,89.0
6368-NWMCE,Month-to-month,DSL,68.15,0,No,8.0
3633-CDBUW,One year,DSL,80.85,0,No,3.0
0707-HOVVN,Two year,DSL,75.5,2,No,10.0
8580-QVLOC,Two year,DSL,92.45,8,Yes,34.0
3956-MGXOG,Month-to-month,Fiber optic,80.6,0,No,15.0
9274-UARKJ,Month-to-month,Fiber optic,83.2,0,No,15.0
4077-HWUYD,Two year,DSL,87.55,0,No,0.0
2012-NWRPA,Month-to-month,Fiber optic,99.55,1,Yes,100.0
8808-ELEHO,Month-to-month,Fiber optic,81.25,0,Yes,77.0
0103-CSITQ,One year,Fiber optic,109.4,0,No,2.0
3506-LCJDC,Month-to-month,No,19.95,0,Yes,79.0
8671-KKKOS,Month-to-month,DSL,45.55,0,No,2.0
7305-ZWMAJ,One year,No,20.7,0,No,0.0
9518-XXBXE,Month-to-month,Fiber optic,75.3,0,No,11.0
3934-HXCFZ,Month-to-month,Fiber optic,99.25,2,Yes,93.0
6578-KRMAW,Month-to-month,Fiber optic,93.4,0,No,2.0
4860-IJUDE,Month-to-month,Fiber optic,73.75,0,No,15.0
7666-WKRON,Two year,Fiber optic,80.45,1,Yes,21.0
9688-YGXVR,Month-to-month,Fiber optic,88.15,0,No,9.0
0423-UDIJQ,Month-to-month,DSL,49.2,0,No,17.0
1945-XISKS,Two year,No,19.65,0,No,0.0
4910-AQFFX,Month-to-month,Fiber optic,79.35,0,Yes,91.0
2154-KVJFF,Month-to-month,Fiber optic,79.75,0,Yes,82.0
5360-LJCNJ,Two year,Fiber optic,105.15,0,No,1.0
2607-FBDFF,Month-to-month,DSL,49.0,0,No,14.0
9647-ERGBE,Month-to-month,Fiber optic,100.05,3,Yes,96.0
3428-XZMAZ,Month-to-month,Fiber optic,69.35,0,Yes,100.0
1100-DDVRV,Month-to-month,DSL,49.8,0,No,26.0
0378-TOVMS,Month-to-month,Fiber optic,85.8,0,Yes,85.0
4355-HBJHH,Two year,DSL,79.7,7,Yes,81.0
6728-WYQBC,Month-to-month,No,20.95,0,No,18.0
9058-CBREO,Month-to-month,DSL,50.55,0,Yes,86.0
9029-FEGVJ,Month-to-month,Fiber optic,79.3,0,No,6.0
7216-KAOID,One year,No,19.5,1,No,0.0
0318-QUUOB,Month-to-month,Fiber optic,80.55,0,Yes,85.0
6145-NNPNO,Month-to-month,DSL,44.15,0,No,16.0
5520-FVEWJ,Month-to-month,Fiber optic,84.5,1,Yes,92.0
5339-TJFEK,Month-to-month,Fiber optic,105.5,0,No,2.0
5572-ZDXHY,Month-to-month,Fiber optic,84.3,2,Yes,96.0
2074-GUHPQ,Month-to-month,Fiber optic,92.7,0,No,11.0
4625-XMOYM,Two year,No,26.25,0,No,0.0
5827-MWCZK,Month-to-month,Fiber optic,96.95,0,No,3.0
1385-TQOZW,Month-to-month,No,20.45,0,No,2.0
5914-XRFQB,Two year,Fiber optic,115.8,0,No,0.0
4329-YPDDQ,Month-to-month,Fiber optic,108.2,0,No,5.0
4804-NCPET,Two year,No,20.2,0,No,0.0
3750-CKVKH,Month-to-month,Fiber optic,67.75,0,Yes,90.0
5944-UGLLK,One year,DSL,54.9,4,No,13.0
8063-GBATB,Month-to-month,Fiber optic,85.25,0,Yes,45.0
7787-BNTZM,Month-to-month,No,20.15,0,No,7.0
2252-ISRNH,One year,Fiber optic,90.35,0,No,7.0
9415-TPKRV,Month-to-month,DSL,55.75,0,No,2.0
5322-TEUJK,Two year,Fiber optic,114.6,0,No,0.0
4547-KQRTM,Month-to-month,Fiber optic,80.05,0,Yes,88.0
4877-EVATK,Month-to-month,No,20.0,0,Yes,25.0
1866-DIOQZ,One year,DSL,66.8,0,No,0.0
8375-KVTHK,One year,Fiber optic,100.3,0,No,2.0
2697-NQBPF,Month-to-month,Fiber optic,105.35,0,No,2.0
3709-OIJEA,One year,Fiber optic,85.2,0,No,2.0
7639-SUPCW,Month-to-month,DSL,48.8,0,Yes,74.0
1386-ZIKUV,Month-to-month,No,18.95,0,No,16.0
0599-XNYDO,Month-to-month,Fiber optic,69.8,0,No,20.0
6377-WHAOX,Month-to-month,Fiber optic,106.15,0,No,1.0
6855-VLGOS,Two year,No,20.55,0,No,0.0
8999-XXGNS,One year,Fiber optic,105.75,3,No,10.0
8746-OQQRW,Month-to-month,No,25.25,0,No,9.0
3181-MIZBN,Month-to-month,No,19.75,0,No,3.0
0471-ARVMX,One year,Fiber optic,104.85,0,No,2.0
7766-CLTIC,Month-to-month,DSL,60.95,0,No,9.0
5650-YLIBA,Month-to-month,Fiber optic,81.15,0,No,16.0
0825-CPPQH,Two year,No,19.1,0,No,0.0
9084-OAYKL,Two year,No,20.8,0,No,1.0
6122-LJADA,Two year,DSL,90.15,0,No,0.0
2400-XIWIO,Two year,DSL,90.1,0,No,0.0
7524-VRLPL,Two year,DSL,74.1,0,No,0.0
1069-XAIEM,Month-to-month,Fiber optic,85.05,0,Yes,98.0
7569-NMZYQ,Two year,Fiber optic,118.75,0,No,3.0
5201-USSQZ,Month-to-month,Fiber optic,85.9,0,No,9.0
2105-PHWON,Month-to-month,Fiber optic,95.0,0,No,4.0
1494-EJZDW,Two year,No,20.15,0,No,1.0
4884-TVUQF,Two year,Fiber optic,101.3,0,No,2.0
8003-EWNDZ,Month-to-month,No,21.2,0,No,1.0
1897-RCFUM,One year,No,24.2,0,No,1.0
9256-JTBNZ,Month-to-month,No,20.3,0,No,5.0
4658-HCOHW,Month-to-month,Fiber optic,102.8,4,Yes,89.0
2211-RMNHO,Two year,DSL,85.3,2,No,3.0
2432-TFSMK,One year,Fiber optic,89.6,0,No,3.0
3440-JPSCL,Month-to-month,Fiber optic,99.95,0,Yes,79.0
4929-ROART,Month-to-month,DSL,56.25,0,No,11.0
1834-ABKHQ,One year,DSL,50.95,0,No,1.0
1741-WTPON,Two year,Fiber optic,115.85,0,No,1.0
3932-IJWDZ,Month-to-month,Fiber optic,103.65,0,No,4.0
1240-HCBOH,Two year,No,26.1,0,No,1.0
3594-KADLU,Month-to-month,DSL,35.1,0,No,11.0
8065-BVEPF,Month-to-month,Fiber optic,99.1,0,No,1.0
3796-ENZGF,Two year,DSL,67.25,0,No,0.0
1734-ZMNTZ,Two year,No,25.0,0,No,0.0
2853-CWQFQ,Month-to-month,DSL,59.55,0,No,16.0
0813-TAXXS,Two year,DSL,77.8,0,No,3.0
2519-TWKFS,One year,DSL,55.1,0,No,2.0
2889-FPWRM,One year,Fiber optic,117.8,7,Yes,66.0
0626-QXNGV,Two year,No,24.15,5,No,0.0
6723-CEGQI,Two year,DSL,45.25,0,No,0.0
6987-XQSJT,Month-to-month,Fiber optic,79.5,0,Yes,75.0
4732-RRJZC,Month-to-month,No,20.25,0,No,1.0
9499-XPZXM,Two year,DSL,64.75,0,No,0.0
4338-EYCER,Month-to-month,DSL,54.6,0,No,8.0
3007-FDPEA,Month-to-month,No,20.7,0,No,6.0
6350-XFYGW,Month-to-month,Fiber optic,94.75,0,No,21.0
4290-BSXUX,Month-to-month,Fiber optic,79.65,0,Yes,72.0
8513-OLYGY,Two year,Fiber optic,115.8,0,No,1.0
0311-QYWSS,Month-to-month,DSL,49.45,0,No,12.0
8705-DWKTI,Month-to-month,Fiber optic,83.8,1,No,50.0
8755-IWJHN,Month-to-month,Fiber optic,95.35,0,No,1.0
0325-XBFAC,Month-to-month,Fiber optic,94.7,0,Yes,80.0
4480-QQRHC,Month-to-month,Fiber optic,74.05,0,No,17.0
0929-PECLO,Month-to-month,Fiber optic,89.6,2,No,54.0
3680-CTHUH,One year,Fiber optic,116.6,0,No,1.0
1202-KKGFU,Month-to-month,DSL,54.2,0,No,23.0
6112-KTHFQ,Month-to-month,No,19.3,0,No,7.0
1852-XEMDW,Month-to-month,DSL,65.05,0,No,3.0
2462-XIIJB,Month-to-month,Fiber optic,92.5,1,Yes,97.0
4760-XOHVN,Month-to-month,No,19.45,0,Yes,72.0
1820-DJFPH,Two year,No,24.05,0,No,0.0
9426-SXNHE,Month-to-month,No,18.75,0,No,19.0
9068-FHQHD,Two year,No,20.15,0,No,1.0
1269-FOYWN,One year,No,20.0,0,No,0.0
9470-YFUYI,One year,DSL,71.0,0,No,1.0
7817-BOQPW,Month-to-month,Fiber optic,75.55,0,Yes,85.0
7402-EYFXX,Month-to-month,Fiber optic,93.6,0,No,5.0
1853-UDXBW,Month-to-month,Fiber optic,70.0,0,Yes,65.83
9895-VFOXH,Month-to-month,DSL,24.4,0,No,29.0
5458-CQJTA,Two year,DSL,74.8,6,Yes,73.0
1230-QAJDW,Month-to-month,DSL,65.25,0,No,14.0
5701-ZIKJE,Month-to-month,DSL,50.55,0,No,8.0
5219-YIPTK,Month-to-month,Fiber optic,104.4,3,Yes,91.0
5032-MIYKT,Month-to-month,Fiber optic,70.7,0,No,28.0
7396-VJUZB,Month-to-month,DSL,45.25,0,No,16.0
9717-QEBGU,Month-to-month,Fiber optic,70.3,0,No,14.0
5172-RKOCB,Two year,Fiber optic,108.95,5,No,6.0
6509-TSGWN,Month-to-month,No,26.45,0,No,3.0
3540-RZJYU,Month-to-month,Fiber optic,86.2,1,Yes,95.0
3178-CIFOT,One year,No,19.65,1,No,3.0
2091-MJTFX,Month-to-month,DSL,51.2,4,Yes,52.0
4530-NDRKU,One year,No,19.05,0,No,0.0
5985-TBABQ,One year,DSL,74.75,0,No,1.0
9800-ONTFE,Month-to-month,Fiber optic,75.8,0,No,51.0
6743-HHQPF,Month-to-month,DSL,25.1,0,No,11.0
8455-HIRAQ,Month-to-month,DSL,44.45,0,No,4.0
6616-AALSR,Two year,Fiber optic,104.3,0,No,1.0
0883-EIBTI,Month-to-month,No,19.5,0,Yes,2.0
9415-ZNBSX,Two year,DSL,89.0,0,No,0.0
4018-KJYUY,Month-to-month,No,20.15,0,No,1.0
0722-TROQR,Month-to-month,Fiber optic,74.9,0,Yes,94.0
7571-YXDAD,Month-to-month,Fiber optic,74.9,0,Yes,79.0
3884-UEBXB,Two year,DSL,36.15,0,No,0.0
8780-RSYYU,Month-to-month,No,19.2,0,No,3.0
5537-UXXVS,Month-to-month,No,19.25,0,No,6.0
1791-PQHBB,Month-to-month,DSL,61.2,0,No,8.0
8701-DGLVH,Two year,No,20.45,0,No,0.0
8741-LQOBK,Month-to-month,DSL,35.05,0,No,3.0
3393-FMZPV,Month-to-month,Fiber optic,100.25,2,Yes,99.0
8082-GHXOP,Month-to-month,DSL,44.0,0,No,20.0
6402-ZFPPI,Month-to-month,Fiber optic,102.8,3,Yes,96.0
0980-FEXWF,One year,DSL,50.35,0,No,3.0
7486-KSRVI,One year,Fiber optic,100.0,4,Yes,91.0
3011-WQKSZ,Month-to-month,No,20.0,0,No,14.0
8443-WVPSS,Month-to-month,Fiber optic,99.85,3,Yes,95.0
3006-XIMLN,Month-to-month,Fiber optic,94.2,0,Yes,100.0
8218-FFJDS,Two year,DSL,86.4,0,No,0.0
1986-PHGZF,Month-to-month,DSL,58.4,0,No,5.0
9965-YOKZB,Month-to-month,Fiber optic,83.85,0,Yes,98.0
0504-HHAPI,Month-to-month,Fiber optic,88.3,2,Yes,90.0
9360-OMDZZ,Month-to-month,Fiber optic,94.1,0,No,0.0
6305-YLBMM,One year,Fiber optic,104.05,4,Yes,89.0
0345-XMMUG,Two year,Fiber optic,108.9,0,No,2.0
8024-XNAFQ,Two year,Fiber optic,107.4,4,No,7.0
3647-GMGDH,Month-to-month,Fiber optic,94.7,2,Yes,96.0
2988-GBIVW,Month-to-month,Fiber optic,90.85,5,No,19.0
2832-SCUCO,Month-to-month,No,19.9,0,No,25.0
7036-ZZKBD,Month-to-month,DSL,66.4,0,No,0.0
3791-LGQCY,Month-to-month,Fiber optic,100.65,7,Yes,97.0
0265-PSUAE,Month-to-month,Fiber optic,100.7,0,No,6.0
0463-TXOAK,Two year,No,25.6,0,No,5.0
0594-UFTUL,Month-to-month,No,19.85,0,No,3.0
9509-MPYOD,One year,No,20.75,0,No,0.0
9128-CPXKI,Two year,Fiber optic,95.8,0,No,4.0
0129-KPTWJ,Month-to-month,Fiber optic,94.65,0,No,1.0
8166-ZZTFS,Two year,DSL,80.55,6,Yes,48.0
5855-EIBDE,Two year,Fiber optic,106.65,0,No,0.0
5365-LLFYV,Month-to-month,DSL,45.85,0,No,14.0
5956-YHHRX,Month-to-month,Fiber optic,104.35,0,No,5.0
6008-NAIXK,One year,DSL,55.45,0,No,1.0
2956-GGUCQ,Month-to-month,Fiber optic,78.85,0,Yes,87.0
1928-BXYIV,Month-to-month,DSL,61.15,0,No,19.0
5760-FXFVO,Month-to-month,Fiber optic,78.95,0,No,9.0
6595-COKXZ,Month-to-month,DSL,44.45,0,Yes,74.0
0961-ZWLVI,One year,Fiber optic,109.2,0,No,3.0
5181-OABFK,Two year,DSL,61.3,0,No,0.0
4007-NHVHI,Month-to-month,Fiber optic,96.85,0,No,2.0
7816-VGHTO,Two year,DSL,40.55,0,No,7.0
5871-DGTXZ,One year,No,19.8,0,No,0.0
7550-WIQVA,One year,Fiber optic,108.25,2,No,20.0
7544-ZVIKX,One year,Fiber optic,105.05,0,No,2.0
0016-QLJIS,Two year,DSL,90.45,0,No,0.0
7508-DQAKK,Two year,DSL,86.4,0,No,0.0
5176-OLSKT,Two year,DSL,66.9,0,No,0.0
9356-AXGMP,One year,Fiber optic,110.7,0,No,1.0
3556-BVQGL,One year,No,20.0,0,No,0.0
0362-ZBZWJ,Month-to-month,Fiber optic,84.9,0,Yes,83.0
8979-CAMGB,One year,Fiber optic,102.1,0,No,0.0
4211-MMAZN,Month-to-month,No,20.25,0,Yes,45.03
7581-EBBOU,One year,DSL,70.15,0,No,0.0
4274-OWWYO,Month-to-month,Fiber optic,74.35,0,Yes,92.0
5073-RZGBK,One year,DSL,80.05,0,No,0.0
1541-ETJZO,Month-to-month,DSL,62.05,0,Yes,71.0
2192-CKRLV,Two year,DSL,49.2,0,No,0.0
3154-HMWUU,Two year,No,20.5,0,No,0.0
6119-SPUDB,Two year,DSL,38.25,0,No,0.0
6522-OIQSX,Two year,DSL,54.95,0,No,1.0
7813-ZGGAW,Month-to-month,Fiber optic,96.6,0,No,6.0
8748-HFWBO,One year,No,19.9,0,No,0.0
1052-QJIBV,Two year,No,19.9,0,No,0.0
1319-YLZJG,Month-to-month,Fiber optic,84.6,0,No,10.0
4106-HADHQ,One year,DSL,80.0,4,Yes,85.0
0723-FDLAY,One year,DSL,85.25,0,No,0.0
3050-RLLXC,Two year,DSL,81.25,0,No,0.0
9298-WGMRW,Two year,Fiber optic,115.5,0,No,0.0
2369-UAPKZ,Month-to-month,Fiber optic,104.1,0,Yes,31.0
3088-LHEFH,Month-to-month,Fiber optic,79.0,0,No,31.0
2778-OCLGR,Month-to-month,DSL,39.1,1,Yes,87.0
6583-KQJLK,Month-to-month,Fiber optic,94.65,0,No,15.0
8544-JNBOX,Two year,No,20.8,0,No,1.0
6681-ZSEXG,Two year,DSL,59.5,0,No,0.0
6139-ZZRBQ,Two year,No,20.05,0,No,0.0
6116-RFVHN,Month-to-month,Fiber optic,100.45,0,No,2.0
0637-KVDLV,Month-to-month,Fiber optic,76.5,0,Yes,82.0
8884-FEEWR,One year,No,20.6,0,No,1.0
3125-RAHBV,One year,No,20.3,0,No,0.0
6633-MPWBS,Month-to-month,DSL,49.2,0,Yes,73.0
0373-AIVNJ,One year,DSL,39.55,0,No,0.0
8785-EPNCG,Month-to-month,No,23.15,0,Yes,66.0
1682-VCOIO,One year,No,20.45,0,No,0.0
5729-KLZAR,Month-to-month,Fiber optic,80.85,0,Yes,87.0
2072-ZVJJX,Two year,No,25.25,0,No,0.0
8849-AYPTR,Month-to-month,Fiber optic,91.25,0,No,8.0
9518-IMLHK,Month-to-month,DSL,72.45,0,No,1.0
1582-RAFML,Month-to-month,DSL,60.1,0,Yes,77.0
3646-ITDGM,Two year,No,19.7,0,No,15.0
8740-CRYFY,Month-to-month,Fiber optic,78.95,0,Yes,97.0
3569-VLDHH,One year,DSL,75.1,0,No,0.0
8224-KDLKN,Two year,No,25.0,0,No,0.0
7594-LZNWR,Month-to-month,Fiber optic,69.15,0,No,2.0
4001-TSBTV,Month-to-month,Fiber optic,91.55,5,No,84.0
2962-XPMCQ,Month-to-month,DSL,45.15,0,Yes,88.0
8727-XDPUD,Two year,DSL,35.8,0,No,5.0
1043-UXOVO,Two year,Fiber optic,113.15,0,No,0.0
1064-FBXNK,One year,No,19.85,0,No,9.0
3996-ZNWYK,Two year,No,19.8,0,No,0.0
2878-DHMIN,One year,No,19.9,0,No,0.0
7762-ONLJY,One year,No,19.7,0,No,3.0
1678-FYZOW,Month-to-month,Fiber optic,79.4,0,Yes,94.0
5795-BKOYE,One year,DSL,59.1,0,No,1.0
8627-EHGIP,One year,DSL,53.95,4,Yes,86.0
7402-PWYJJ,One year,Fiber optic,91.15,3,No,45.0
5480-TBGPH,Month-to-month,Fiber optic,99.3,1,Yes,92.0
0018-NYROU,Month-to-month,Fiber optic,68.95,0,No,46.0
7501-VTYLJ,Month-to-month,DSL,51.55,0,No,12.0
7608-RGIRO,Two year,No,24.4,0,No,0.0
0480-BIXDE,Month-to-month,Fiber optic,96.8,1,No,30.0
5895-QSXOD,Month-to-month,Fiber optic,70.05,0,No,12.0
9814-AOUDH,Two year,No,19.5,0,No,7.0
6175-IRFIT,Month-to-month,Fiber optic,78.75,0,No,56.0
8760-ZRHKE,One year,DSL,69.2,0,No,2.0
1622-HSHSF,Month-to-month,No,19.55,0,No,16.0
8854-CCVSQ,Month-to-month,Fiber optic,80.65,0,Yes,76.0
6749-UTDVX,Two year,Fiber optic,103.65,0,No,0.0
5542-DHSXL,Month-to-month,DSL,54.7,0,No,30.0
9102-OXKFY,Two year,DSL,54.15,0,No,2.0
0511-JTEOY,Month-to-month,Fiber optic,71.1,0,Yes,37.0
5216-WASFJ,Month-to-month,Fiber optic,84.85,0,No,29.0
7808-DVWEP,Month-to-month,No,20.0,0,No,21.0
7067-KSAZT,One year,Fiber optic,106.25,8,Yes,86.0
2284-VFLKH,One year,Fiber optic,99.25,0,No,0.0
0366-NQSHS,Month-to-month,No,19.35,0,No,3.33
6532-YLWSI,One year,No,20.8,0,Yes,67.0
3807-BPOMJ,One year,Fiber optic,94.75,0,No,3.0
3892-NXAZG,Two year,Fiber optic,114.05,0,No,0.0
4948-WBBKL,Month-to-month,Fiber optic,74.9,0,No,24.0
4182-BGSIQ,Month-to-month,No,19.8,0,No,1.0
9300-AGZNL,Month-to-month,Fiber optic,94.0,0,Yes,99.0
0988-AADSA,Two year,DSL,80.85,0,No,0.0
9972-NKTFD,Month-to-month,DSL,54.65,0,No,2.0
3717-LNXKW,Month-to-month,Fiber optic,91.7,0,No,2.0
5734-EJKXG,One year,Fiber optic,118.6,0,No,2.0
2207-RYYRL,Two year,No,24.55,0,No,3.0
6729-FZWSY,One year,No,19.45,0,No,6.0
9695-IDRZR,Two year,Fiber optic,116.15,0,No,1.0
8144-DGHXP,Two year,DSL,80.6,0,No,0.0
7814-LEEVE,Month-to-month,No,20.3,0,No,16.0
1112-CUNAO,Month-to-month,Fiber optic,89.85,1,Yes,84.0
5175-AOBHI,Month-to-month,DSL,46.0,0,Yes,71.0
5174-RNGBH,Month-to-month,DSL,66.25,1,Yes,80.0
8631-WUXGY,Month-to-month,Fiber optic,99.8,0,No,4.0
7270-BDIOA,Month-to-month,Fiber optic,90.0,0,Yes,82.0
9565-JSNFM,One year,Fiber optic,70.45,0,Yes,65.0
5906-DVAPM,One year,DSL,75.0,0,No,0.0
6654-QGBZZ,Month-to-month,No,19.9,0,No,18.53
8348-JLBUG,One year,Fiber optic,80.3,0,No,1.0
0607-DAAHE,Two year,No,19.75,0,Yes,62.0
5641-DMBFJ,Two year,DSL,84.3,0,No,0.0
9200-NLNPD,One year,DSL,54.05,0,No,0.0
2664-XJZNO,Two year,Fiber optic,104.9,0,No,1.0
9732-KPKBW,Month-to-month,DSL,53.95,0,Yes,74.0
3339-EAQNV,One year,Fiber optic,97.25,0,No,4.0
0921-OHLVP,Month-to-month,Fiber optic,83.05,0,No,11.0
3389-YGYAI,Month-to-month,Fiber optic,105.5,0,Yes,91.0
9560-ARGQJ,Month-to-month,Fiber optic,81.0,0,Yes,79.0
8350-NYMVI,Month-to-month,DSL,41.1,0,No,10.0
1600-DILPE,Month-to-month,DSL,45.0,0,No,15.0
0536-ESJEP,Two year,DSL,74.55,0,No,1.0
4654-GGUII,One year,DSL,40.2,0,No,2.0
6478-HRRCZ,One year,DSL,70.5,0,No,1.0
8510-BBWMU,One year,No,19.75,0,No,1.0
6857-TKDJV,Two year,No,24.65,0,No,0.0
2360-RDGRO,Month-to-month,Fiber optic,104.25,1,No,12.0
0584-BJQGZ,Month-to-month,DSL,78.35,0,No,2.0
5134-IKDAY,Month-to-month,Fiber optic,69.8,0,Yes,88.5
1360-XFJMR,One year,Fiber optic,109.7,0,No,4.0
3070-DVEYC,Month-to-month,Fiber optic,73.75,0,Yes,80.0
5730-RIITO,Month-to-month,DSL,33.45,0,No,3.0
9058-MJLZC,Month-to-month,Fiber optic,94.6,2,No,37.0
5707-ORNDZ,Month-to-month,DSL,54.55,0,Yes,22.0
0902-XKXPN,Two year,No,20.2,0,No,0.0
5177-RVZNU,One year,No,20.3,0,No,2.0
0056-EPFBG,Two year,DSL,39.4,0,No,2.0
8993-IZEUX,Month-to-month,Fiber optic,69.15,0,No,13.0
8696-JKZNU,Month-to-month,Fiber optic,76.25,0,Yes,84.0
5380-AFSSK,Month-to-month,Fiber optic,93.9,0,Yes,97.0
8190-ZTQFB,One year,DSL,51.35,0,No,1.0
0931-MHTEM,One year,Fiber optic,100.05,0,No,0.0
2055-PDADH,Month-to-month,Fiber optic,70.4,0,Yes,84.0
7515-LODFU,Two year,No,20.3,0,No,0.0
0440-UEDAI,One year,Fiber optic,94.45,0,No,1.0
1337-BOZWO,One year,DSL,46.4,0,No,3.0
0868-VJRDR,Two year,Fiber optic,104.05,0,No,0.0
8714-EUHJO,Month-to-month,Fiber optic,91.15,3,Yes,94.0
6344-SFJVH,Month-to-month,DSL,24.9,0,No,15.0
3950-VPYJB,One year,DSL,59.6,0,No,0.0
8041-TMEID,Two year,Fiber optic,108.5,2,No,9.0
7321-ZNSLA,Two year,DSL,40.55,0,No,0.0
6941-KXRRV,One year,DSL,58.95,0,No,0.0
3721-CNEYS,Month-to-month,Fiber optic,70.95,0,Yes,59.0
8727-JQFHV,Two year,No,20.75,0,No,0.0
9475-NNDGC,One year,Fiber optic,113.15,0,No,2.0
1355-KUSBG,Month-to-month,DSL,48.8,0,No,31.0
3688-FTHLT,Month-to-month,DSL,63.05,0,No,14.0
0899-LIIBW,Month-to-month,Fiber optic,100.85,0,No,2.0
2568-OIADY,Month-to-month,Fiber optic,99.5,3,Yes,97.0
1384-RCUXW,Month-to-month,Fiber optic,80.55,0,No,15.0
5825-XJOCM,One year,DSL,64.4,0,No,0.0
6848-YLDFR,One year,DSL,75.2,0,No,1.0
8125-QPFJD,Two year,DSL,84.9,0,No,0.0
2320-YKQBO,Month-to-month,No,19.3,0,No,9.0
1193-RTSLK,Month-to-month,Fiber optic,83.9,4,Yes,91.0
2302-ANTDP,Month-to-month,Fiber optic,117.45,6,Yes,91.0
5923-GXUOC,Month-to-month,Fiber optic,104.4,0,Yes,81.0
4973-RLZVI,One year,DSL,74.65,0,No,1.0
7869-ZYDST,Month-to-month,DSL,59.05,0,No,6.0
4501-UYKBC,One year,DSL,69.1,0,No,1.0
1215-EXRMO,Two year,No,20.55,0,No,0.0
2305-MRGLV,Month-to-month,Fiber optic,76.55,0,No,9.0
8404-VIOMB,Two year,DSL,62.5,0,No,0.0
5233-GEEAX,Month-to-month,DSL,29.4,0,Yes,78.0
2359-KLTEK,Month-to-month,Fiber optic,94.9,0,No,0.0
5304-EFJLP,Two year,Fiber optic,111.65,2,No,10.0
2673-ZALNP,One year,No,19.9,0,No,1.0
9184-GALIL,Month-to-month,No,20.45,0,No,1.0
4393-RYCRE,One year,Fiber optic,106.05,0,No,1.0
9746-MDMBK,One year,Fiber optic,113.45,0,No,0.0
3162-ZJZFU,Month-to-month,Fiber optic,92.55,0,No,2.0
8404-GFGCZ,Month-to-month,DSL,65.6,0,No,16.0
8875-AKBYH,Month-to-month,Fiber optic,84.35,0,No,18.0
4432-ADRLB,Month-to-month,DSL,44.65,0,Yes,84.0
0533-UCAAU,One year,DSL,71.1,0,No,1.0
1394-SUIUH,Month-to-month,Fiber optic,85.15,0,No,4.0
3521-MNKLV,Month-to-month,DSL,49.7,0,No,5.0
2533-TIBIX,Month-to-month,DSL,30.2,0,No,5.0
8993-PHFWD,Month-to-month,DSL,25.25,0,Yes,83.0
1565-RHDJD,Month-to-month,Fiber optic,84.05,0,Yes,91.0
7137-RYLPP,Month-to-month,Fiber optic,85.7,0,Yes,44.0
3765-JXVKY,Month-to-month,Fiber optic,74.7,0,Yes,95.0
5092-STPKP,Month-to-month,DSL,56.35,0,No,4.0
7330-WZLNC,Month-to-month,Fiber optic,90.8,0,Yes,97.0
0114-PEGZZ,Month-to-month,Fiber optic,107.55,0,No,4.0
3359-DSRKA,Two year,No,19.85,0,No,1.0
8639-NHQEI,Two year,Fiber optic,95.9,0,No,0.0
7161-DFHUF,Two year,No,23.85,0,No,0.0
3957-LXOLK,Month-to-month,Fiber optic,106.15,3,Yes,99.0
3720-DBRWL,Two year,DSL,83.85,0,No,0.0
6635-MYYYZ,One year,DSL,85.35,4,Yes,94.0
8565-WUXZU,Two year,Fiber optic,84.8,0,No,0.0
5281-BUZGT,Month-to-month,Fiber optic,90.85,3,Yes,90.0
4994-OBRSZ,Two year,DSL,76.1,0,No,4.0
0562-FGDCR,Two year,DSL,74.55,0,No,0.0
2436-QBZFP,Month-to-month,DSL,39.2,0,No,6.0
3420-YJLQT,Month-to-month,Fiber optic,79.55,0,No,19.0
6040-CGACY,Month-to-month,No,19.6,0,No,2.0
6582-PLFUU,Two year,No,19.55,0,No,1.0
8242-PDSGJ,Two year,DSL,39.15,0,No,0.0
0264-CNITK,Two year,No,20.1,0,No,0.0
0089-IIQKO,Month-to-month,Fiber optic,99.95,0,No,1.0
7839-NUIAA,Month-to-month,DSL,59.8,0,No,1.0
6075-QMNRR,Month-to-month,DSL,49.75,0,No,2.0
5378-IKEEG,Month-to-month,DSL,35.75,0,Yes,96.0
5966-EMAZU,One year,Fiber optic,108.5,0,No,1.0
0440-EKDCF,Two year,DSL,60.15,0,No,1.0
4774-HHGGS,Two year,No,19.05,0,No,0.0
2718-GAXQD,Month-to-month,DSL,46.0,0,Yes,81.0
2055-BFOCC,One year,DSL,84.0,0,No,0.0
8180-AKMJV,Month-to-month,DSL,44.55,0,No,79.0
4298-OYIFC,Month-to-month,Fiber optic,103.45,0,No,16.0
5566-SOEZD,One year,Fiber optic,80.65,0,No,3.0
9842-EFSYY,Month-to-month,DSL,57.2,0,No,9.0
2272-WUSPA,Two year,Fiber optic,110.75,0,No,0.0
4584-LBNMK,One year,No,24.7,0,No,2.0
3898-GUYTS,Month-to-month,Fiber optic,97.05,0,No,10.0
0930-EHUZA,One year,DSL,76.35,0,No,0.0
6413-XKKPU,Month-to-month,Fiber optic,89.4,1,Yes,93.0
9975-SKRNR,Month-to-month,No,18.9,0,No,15.33
3703-KBKZP,Month-to-month,Fiber optic,74.45,0,No,20.0
1449-XQEMT,Month-to-month,No,19.8,0,Yes,73.0
2626-URJFX,Month-to-month,DSL,50.9,0,Yes,84.0
4973-MGTON,Two year,DSL,84.4,0,No,0.0
3682-YEUWS,Month-to-month,No,24.4,0,No,5.0
1223-UNPKS,Two year,No,20.05,0,No,0.0
2612-RRIDN,Month-to-month,Fiber optic,81.0,0,Yes,91.0
4735-ASGMA,Month-to-month,Fiber optic,98.35,2,Yes,99.0
3446-QDSZF,Month-to-month,DSL,55.5,0,No,20.0
3669-LVWZB,Month-to-month,DSL,51.0,0,Yes,81.0
6892-EZDTG,Month-to-month,Fiber optic,91.65,0,Yes,81.0
5117-IFGPS,Month-to-month,Fiber optic,84.3,0,No,57.0
7379-FNIUJ,Month-to-month,Fiber optic,100.2,0,No,12.0
1627-AFWVJ,Two year,No,19.4,0,No,0.0
9725-SCPZG,Month-to-month,Fiber optic,90.85,0,Yes,87.0
5884-GCYMI,Month-to-month,Fiber optic,69.4,0,Yes,94.0
3217-FZDMN,Month-to-month,Fiber optic,94.45,0,Yes,87.0
4486-EFAEB,Month-to-month,No,20.4,0,No,3.0
0060-FUALY,Month-to-month,Fiber optic,94.75,0,No,2.0
7853-GVUDZ,Month-to-month,No,20.15,0,Yes,37.0
7480-QNVZJ,Month-to-month,Fiber optic,95.7,3,Yes,95.0
6954-OOYZZ,Month-to-month,DSL,44.35,0,No,3.0
7088-FBAWU,Month-to-month,DSL,74.55,0,No,4.0
8313-AFGBW,Two year,DSL,73.6,0,No,1.0
3943-KDREE,Month-to-month,Fiber optic,74.95,0,Yes,79.0
9239-ZBZZV,Month-to-month,DSL,47.95,0,Yes,80.0
3097-IDVPU,Month-to-month,DSL,50.1,0,No,5.0
4398-HSCJH,Month-to-month,DSL,63.6,0,Yes,71.0
2197-OMWGI,Two year,DSL,53.0,0,No,1.0
2303-PJYHN,Month-to-month,No,19.85,0,No,9.0
9795-VOWON,One year,DSL,24.35,0,No,41.0
1237-WIYYZ,Month-to-month,No,19.55,0,No,7.0
1987-AUELQ,Two year,No,25.05,0,No,0.0
7852-LECYP,Month-to-month,Fiber optic,93.8,0,No,17.0
4430-UZIPO,Month-to-month,DSL,36.85,0,Yes,77.0
4822-LPTYJ,Two year,Fiber optic,103.75,0,No,0.0
8165-CBKXO,Two year,DSL,56.75,0,No,1.0
6527-PZFPV,One year,No,20.8,0,No,2.0
4855-SNKMY,Month-to-month,DSL,44.1,0,Yes,77.0
9593-CVZKR,Two year,No,24.45,0,No,5.0
8595-SIZNC,One year,No,25.6,0,No,3.0
8008-HAWED,Month-to-month,DSL,50.75,1,Yes,86.0
7124-UGSUR,One year,Fiber optic,104.4,6,Yes,91.0
1862-SKORY,Month-to-month,DSL,39.3,3,Yes,90.0
5236-XMZJY,Month-to-month,DSL,59.65,0,No,1.0
4827-DPADN,Two year,DSL,83.3,0,No,0.0
2694-CIUMO,Month-to-month,Fiber optic,79.55,0,No,19.0
5846-ABOBJ,Two year,No,24.45,0,No,0.0
1439-LCGVL,One year,No,19.2,0,No,0.0
0909-SDHNU,Month-to-month,DSL,29.8,0,No,10.0
4647-XXZAM,Month-to-month,DSL,45.5,0,No,10.0
1502-XFCVR,One year,Fiber optic,106.45,6,Yes,88.0
7740-KKCXF,Month-to-month,DSL,30.05,0,No,8.0
5360-XGYAZ,Two year,DSL,65.65,0,No,0.0
9692-TUSXH,Month-to-month,Fiber optic,96.05,1,Yes,94.0
7912-SYRQT,Month-to-month,Fiber optic,75.1,0,Yes,33.0
3557-HTYWR,Two year,DSL,74.05,0,No,2.0
4816-JBHOV,Month-to-month,DSL,44.7,0,Yes,86.0
8920-NAVAY,One year,Fiber optic,110.75,0,No,1.0
1699-TLDLZ,Two year,No,19.7,0,No,0.0
5600-PDUJF,Month-to-month,DSL,49.5,0,No,21.0
8292-TYSPY,Month-to-month,DSL,55.0,0,Yes,4.0
0567-XRHCU,Two year,DSL,43.95,0,No,0.0
1867-BDVFH,Month-to-month,Fiber optic,74.35,0,Yes,88.0
2067-QYTCF,Month-to-month,Fiber optic,111.15,4,No,29.0
2359-QWQUL,One year,Fiber optic,104.7,3,Yes,83.0
9103-TCIHJ,Month-to-month,DSL,55.7,0,Yes,12.0
7407-SUJIZ,Month-to-month,No,20.6,0,No,0.0
9150-KPBJQ,Two year,No,19.65,0,No,7.0
0052-DCKON,One year,Fiber optic,115.8,0,No,1.0
3654-ARMGP,Two year,DSL,88.65,0,No,1.0
9699-UBQFS,Month-to-month,Fiber optic,94.5,0,No,4.0
9367-TCUYN,Month-to-month,No,20.1,0,No,0.0
1261-FWTTE,Month-to-month,DSL,34.65,0,No,23.0
3528-HFRIQ,Month-to-month,DSL,52.3,0,No,3.0
0708-SJDIS,Month-to-month,DSL,65.0,2,No,17.0
4140-WJAWW,Month-to-month,No,19.85,0,Yes,69.0
2073-QBVBI,One year,DSL,35.45,0,No,2.0
6928-ONTRW,Two year,No,19.7,0,No,0.0
3320-VEOYC,Month-to-month,Fiber optic,95.6,0,No,33.0
5231-FIQPA,Two year,No,19.85,0,No,0.0
6617-WLBQC,One year,Fiber optic,81.85,0,No,3.0
2599-CIPQE,Two year,Fiber optic,109.3,0,No,0.0
6653-CBBOM,Month-to-month,Fiber optic,70.3,0,Yes,94.0
8774-GSBUN,Two year,No,25.4,0,No,0.0
7326-RIGQZ,Month-to-month,Fiber optic,69.8,0,No,27.0
1401-FTHFQ,One year,No,20.0,0,No,0.0
3247-ZVOUO,Month-to-month,Fiber optic,85.55,0,Yes,82.0
0254-FNMCI,Two year,Fiber optic,109.9,0,No,1.0
1848-LBZHY,Month-to-month,DSL,50.3,0,No,8.0
6101-IMRMM,Month-to-month,Fiber optic,94.5,0,Yes,84.0
8118-TJAFG,Month-to-month,Fiber optic,101.5,0,No,19.0
5429-LWCMV,Month-to-month,Fiber optic,89.15,0,No,21.0
7298-IZWLY,Month-to-month,No,19.4,0,No,10.0
9758-MFWGD,One year,DSL,29.9,0,No,4.0
3955-JBZZM,Month-to-month,Fiber optic,78.8,0,No,13.0
1268-ASBGA,Month-to-month,Fiber optic,85.35,0,Yes,83.0
8943-URTMR,Month-to-month,Fiber optic,79.65,0,Yes,76.0
4815-TUMEQ,One year,No,19.3,0,No,2.0
4713-LZDRV,Month-to-month,Fiber optic,79.6,0,Yes,89.0
9909-IDLEK,Month-to-month,Fiber optic,96.8,1,No,20.0
4092-OFQZS,One year,No,20.65,0,No,0.0
1561-BWHIN,One year,No,19.8,0,No,1.0
4325-NFSKC,Month-to-month,Fiber optic,90.6,2,Yes,90.0
9927-DSWDF,Month-to-month,Fiber optic,104.6,0,No,9.0
9500-LTVBP,Month-to-month,Fiber optic,80.05,0,No,54.0
7252-NTGSS,Month-to-month,DSL,45.15,0,No,56.0
8149-AIQCG,Month-to-month,Fiber optic,73.15,0,No,13.0
1360-JYXKQ,One year,Fiber optic,99.1,0,No,6.0
2955-PSXOE,Month-to-month,No,20.2,0,Yes,78.67
7762-URZQH,Two year,Fiber optic,106.05,5,Yes,87.0
0899-WZRSD,Month-to-month,Fiber optic,105.35,0,No,5.0
3255-GRXMG,Month-to-month,DSL,45.65,0,No,14.0
4828-FAZPK,Month-to-month,Fiber optic,79.95,0,No,15.0
6094-ZIVKX,One year,DSL,54.45,0,No,0.0
6925-BAYGL,Two year,No,25.1,0,No,3.0
3262-EIDHV,Two year,DSL,84.7,0,No,0.0
7354-OIJLX,Month-to-month,Fiber optic,75.85,0,No,55.0
1376-HHBDV,Month-to-month,DSL,48.8,0,No,6.0
6907-NZZIJ,Month-to-month,Fiber optic,99.15,3,Yes,96.0
6133-OZILE,Month-to-month,DSL,35.2,0,No,27.0
4135-FRWKJ,One year,DSL,76.25,0,No,7.0
2911-UREFD,Month-to-month,DSL,55.9,3,Yes,92.0
3744-ZRRDZ,Month-to-month,Fiber optic,82.35,0,Yes,84.0
5673-TIYIB,Month-to-month,DSL,40.4,0,Yes,58.0
6551-ZCOTS,One year,No,24.9,0,No,2.0
7191-ADRGF,Two year,DSL,54.3,0,No,1.0
5018-LXQQG,Month-to-month,DSL,66.3,0,No,3.0
6892-BOGQE,Two year,No,20.9,0,No,0.0
1602-IJQQE,Month-to-month,Fiber optic,75.35,0,Yes,85.0
4628-WQCQQ,One year,Fiber optic,85.15,2,Yes,65.0
1746-TGTWV,Month-to-month,Fiber optic,75.35,0,No,33.0
5995-SNNEW,Month-to-month,Fiber optic,104.45,0,No,6.0
8050-WYBND,One year,DSL,49.45,0,No,9.0
2821-WARNZ,One year,No,19.45,0,No,1.0
4879-GZLFH,Month-to-month,Fiber optic,92.15,0,No,5.0
1644-IRKSF,One year,Fiber optic,93.8,3,Yes,94.0
8314-HTWVE,Two year,No,19.85,0,No,0.0
9402-ROUMJ,One year,Fiber optic,100.25,0,No,4.0
2507-QZPQS,Month-to-month,Fiber optic,95.7,0,No,13.0
7159-NOKYQ,Two year,Fiber optic,93.15,0,No,0.0
5707-ZMDJP,Two year,DSL,69.7,0,No,2.0
8779-YIQQA,One year,No,19.8,0,No,1.0
7136-IHZJA,Month-to-month,DSL,71.35,0,No,1.0
8966-OIQHG,One year,No,20.75,0,No,2.0
7074-STDCN,Month-to-month,DSL,40.6,0,No,1.0
3705-PSNGL,One year,No,20.4,0,Yes,76.0
8739-QOTTN,Month-to-month,No,20.35,0,No,1.25
1399-OUPJN,Two year,No,19.75,0,No,0.0
0277-BKSQP,Month-to-month,DSL,54.4,0,No,11.0
6502-HCJTI,Month-to-month,Fiber optic,94.7,0,Yes,80.0
2606-RMDHZ,Month-to-month,DSL,30.5,0,Yes,71.0
5774-XZTQC,Month-to-month,No,20.45,0,No,6.0
2676-SSLTO,Two year,DSL,66.15,0,No,0.0
6266-QHOJZ,One year,Fiber optic,89.85,0,No,2.0
7269-JISCY,One year,DSL,45.05,0,No,3.0
0363-SVHYR,Two year,DSL,86.85,0,No,0.0
8547-NSBBO,Month-to-month,Fiber optic,96.75,0,No,2.0
8258-GSTJK,Month-to-month,Fiber optic,77.0,0,Yes,98.0
6861-OKBCE,Month-to-month,No,20.1,0,Yes,3.0
9940-RHLFB,Month-to-month,Fiber optic,75.3,0,Yes,88.0
6591-QGOYB,Month-to-month,Fiber optic,106.65,0,No,5.0
9070-BCKQP,Two year,Fiber optic,110.15,0,No,0.0
6421-SZVEM,One year,Fiber optic,82.85,0,No,6.0
1328-EUZHC,Two year,No,20.1,0,No,0.0
2995-UPRYS,One year,Fiber optic,99.2,4,Yes,69.0
8878-RYUKI,Month-to-month,DSL,59.45,0,No,6.0
9633-DENPU,Month-to-month,DSL,58.6,0,No,6.0
7811-JIVPF,Month-to-month,DSL,49.7,0,No,3.0
7113-HIPFI,Two year,DSL,65.85,0,No,0.0
8541-QVFKM,Month-to-month,Fiber optic,73.5,0,No,24.0
6686-YPGHK,Month-to-month,Fiber optic,85.5,3,Yes,89.0
1383-EZRWL,Month-to-month,No,20.05,0,Yes,15.0
9258-CNWAC,Two year,Fiber optic,113.65,0,No,1.0
5371-VYLSX,Month-to-month,Fiber optic,83.4,0,No,5.0
6374-AFWOX,Two year,DSL,65.65,1,No,7.0
4759-TRPLW,Month-to-month,Fiber optic,70.4,0,Yes,92.0
5317-FLPJF,Two year,DSL,61.35,3,No,9.0
7621-VPNET,Month-to-month,Fiber optic,85.9,0,No,14.0
6034-YMTOB,Month-to-month,Fiber optic,75.65,0,No,22.0
8563-IIOXK,One year,DSL,49.75,0,Yes,12.0
4903-CNOZC,One year,DSL,70.9,0,No,0.0
4353-HYOJD,Month-to-month,DSL,49.85,0,No,3.0
8020-BWHYL,Month-to-month,Fiber optic,75.3,0,Yes,49.0
7267-FRMJW,Two year,No,20.1,0,No,0.0
2982-VPSGI,Month-to-month,Fiber optic,94.0,1,Yes,98.0
4188-FRABG,Month-to-month,Fiber optic,103.05,0,No,2.0
8199-ZLLSA,One year,Fiber optic,118.35,7,Yes,90.0
4128-ETESU,Month-to-month,Fiber optic,99.7,0,No,6.0
0620-DLSLK,Month-to-month,Fiber optic,81.9,0,No,11.0
4625-EWPTF,Month-to-month,DSL,30.45,0,Yes,34.0
5980-NOPLP,Month-to-month,Fiber optic,96.1,2,Yes,92.0
3850-OKINF,One year,DSL,66.2,2,No,8.0
6892-XPFPU,Month-to-month,Fiber optic,104.25,2,Yes,96.0
8010-EZLOU,Month-to-month,Fiber optic,80.2,0,Yes,85.0
1156-ZFYDO,Month-to-month,No,19.75,0,No,8.0
3295-YVUSR,Month-to-month,Fiber optic,72.6,0,No,15.0
8016-NCFVO,Month-to-month,Fiber optic,116.5,3,No,70.0
4119-ZYPZY,Two year,Fiber optic,106.8,0,No,0.0
5549-ZGHFB,Two year,No,24.95,0,No,0.0
7577-SWIFR,Month-to-month,Fiber optic,89.25,0,No,34.0
0303-WMMRN,Month-to-month,No,19.25,0,No,14.0
6408-OTUBZ,One year,Fiber optic,104.55,0,No,0.0
5204-HMGYF,One year,DSL,87.2,0,No,3.0
1078-TDCRN,Month-to-month,DSL,30.75,0,No,27.0
3727-OVPRY,One year,No,25.7,0,No,0.0
3797-FKOGQ,Month-to-month,Fiber optic,86.2,0,No,13.0
7622-NXQZR,Month-to-month,DSL,30.1,0,No,2.0
6196-HBOBZ,Two year,Fiber optic,99.35,0,No,0.0
3970-XGJDU,Two year,No,19.2,5,No,4.0
7017-VFULY,Month-to-month,No,20.1,0,No,8.0
5562-YJQGT,Month-to-month,No,20.35,0,No,11.0
8807-OPMBM,Two year,No,25.65,0,No,0.0
5439-WIKXB,Month-to-month,Fiber optic,94.55,3,No,35.0
9874-QLCLH,Month-to-month,Fiber optic,104.2,1,Yes,75.0
8294-UIMBA,One year,Fiber optic,94.4,0,No,4.0
8109-YUOHE,One year,DSL,56.1,0,No,1.0
5840-NVDCG,Two year,DSL,68.25,0,No,2.0
8092-NLTGF,Two year,No,24.75,0,No,3.0
5928-QLDHB,Month-to-month,Fiber optic,76.25,0,No,65.0
9840-EFJQB,Month-to-month,Fiber optic,74.35,0,No,35.0
0696-UKTOX,Month-to-month,DSL,54.15,0,No,4.0
4801-KFYKL,Month-to-month,No,19.45,0,No,2.0
3472-OAOOR,Month-to-month,DSL,34.95,0,No,8.0
6135-OZQVA,Month-to-month,DSL,53.65,0,No,5.0
8062-YBDOE,Month-to-month,Fiber optic,69.65,0,Yes,99.0
2252-JHJGE,One year,Fiber optic,104.0,0,No,0.0
4188-PCPIG,Two year,DSL,70.35,0,No,2.0
6000-APYLU,Month-to-month,Fiber optic,80.8,0,Yes,90.0
7105-BENQF,One year,DSL,64.85,0,No,2.0
7721-DVEKZ,Month-to-month,No,19.65,0,No,5.67
3566-VVORZ,Month-to-month,DSL,45.9,0,No,9.0
9507-HSMMZ,Two year,No,20.0,0,No,0.0
2480-SQIOB,Month-to-month,DSL,44.8,0,No,11.0
0947-IDHRQ,Month-to-month,Fiber optic,80.3,0,Yes,81.0
7813-TKCVO,One year,No,20.35,0,No,0.0
0128-MKWSG,Month-to-month,DSL,45.8,0,No,5.0
3672-YITQD,Month-to-month,Fiber optic,84.1,0,Yes,96.0
4350-ZTLPI,One year,Fiber optic,108.95,3,No,24.0
9048-JVYVF,Month-to-month,DSL,69.35,0,Yes,71.0
0361-HJRDX,Two year,DSL,64.35,0,No,0.0
5727-MYATE,Two year,DSL,90.8,0,No,0.0
3823-KYNQY,One year,No,24.95,0,No,4.0
8988-ECPJR,Month-to-month,Fiber optic,79.6,0,Yes,76.0
7570-WELNY,Two year,Fiber optic,84.7,0,No,0.0
3021-VLNRJ,One year,DSL,70.8,0,No,0.0
3776-EKTKM,Month-to-month,DSL,36.45,0,Yes,96.0
2080-CAZNM,Month-to-month,Fiber optic,104.4,0,No,4.0
1028-FFNJK,Month-to-month,Fiber optic,101.5,0,No,1.0
6907-FLBER,Month-to-month,DSL,54.3,0,No,27.0
3001-UNBTL,Month-to-month,Fiber optic,103.95,0,No,14.0
5982-PSMKW,Two year,DSL,91.1,0,No,0.0
3507-GASNP,Two year,No,19.95,0,No,0.0
7096-ZNBZI,Two year,No,26.45,0,No,0.0
1902-XBTFB,Month-to-month,Fiber optic,89.4,3,Yes,92.0
1676-MQAOA,Two year,DSL,75.1,0,No,0.0
0786-IVLAW,One year,Fiber optic,108.1,0,No,3.0
7566-DSRLQ,Two year,Fiber optic,110.15,0,No,0.0
0643-OKLRP,Month-to-month,Fiber optic,80.35,4,Yes,52.0
7245-JMTTQ,One year,Fiber optic,111.5,0,No,0.0
6050-IJRHS,One year,Fiber optic,106.5,4,No,16.0
6202-JVYEU,One year,No,19.9,0,No,0.0
8591-TKMZH,Two year,Fiber optic,111.1,4,No,17.0
0734-OXWBT,Month-to-month,DSL,70.7,0,No,11.0
4282-ACRXS,Month-to-month,DSL,24.85,0,No,13.0
0365-TRTPY,Month-to-month,Fiber optic,91.2,0,No,6.0
7349-ALMUX,Two year,DSL,65.6,0,No,0.0
9381-NDKME,Month-to-month,DSL,40.65,2,Yes,92.0
6502-KUGLL,Month-to-month,DSL,59.45,0,No,3.0
1841-YSJGV,Two year,Fiber optic,109.95,0,No,0.0
2794-XIMMO,One year,DSL,60.45,5,Yes,59.0
8382-SHQEH,Month-to-month,Fiber optic,84.9,0,Yes,81.0
3511-BFTJW,Two year,DSL,38.5,0,No,0.0
7668-XCFYV,Month-to-month,Fiber optic,92.55,0,No,8.0
2983-ZANRP,Month-to-month,Fiber optic,73.55,0,Yes,84.0
7845-URHJN,Month-to-month,No,20.15,0,Yes,71.0
3034-ZBEQN,One year,DSL,34.7,3,Yes,82.0
5018-HEKFO,Month-to-month,No,24.5,0,No,3.0
2923-ARZLG,One year,No,19.7,0,No,2.0
3976-NLDEZ,Month-to-month,No,20.6,0,No,18.0
2282-YGNOR,One year,DSL,58.0,0,No,0.0
5336-UFNZP,One year,Fiber optic,107.45,0,No,0.0
6854-EXGSF,Month-to-month,DSL,65.5,0,No,5.0
1241-EZFMJ,Two year,No,25.45,0,No,0.0
9233-PSYHO,One year,Fiber optic,100.15,0,No,1.0
5376-PCKNB,One year,Fiber optic,104.45,0,No,0.0
8044-BGWPI,Month-to-month,No,21.15,0,No,5.0
4060-LDNLU,Month-to-month,Fiber optic,96.2,0,No,83.0
3589-PPVKW,Month-to-month,DSL,44.4,0,No,14.0
8327-LZKAS,One year,Fiber optic,107.55,4,Yes,88.0
5887-IKKYO,Two year,Fiber optic,94.35,5,No,19.0
1075-BGWOH,Month-to-month,Fiber optic,98.75,1,Yes,96.0
1755-RMCXH,Month-to-month,No,20.3,0,No,8.0
0302-JOIVN,Month-to-month,Fiber optic,101.15,0,Yes,86.0
3858-XHYJO,One year,Fiber optic,105.75,0,No,1.0
4299-SIMNS,Month-to-month,Fiber optic,81.15,0,No,10.0
7025-IWFHT,One year,Fiber optic,89.55,0,No,0.0
6261-LHRTG,Month-to-month,DSL,54.75,0,No,1.0
7841-FCRQD,One year,DSL,53.75,0,No,6.0
2056-EVGZL,One year,Fiber optic,105.75,0,No,2.0
8777-MBMTS,Two year,Fiber optic,105.85,0,No,0.0
7753-USQYQ,One year,DSL,64.2,0,No,0.0
5366-IJEQJ,Month-to-month,Fiber optic,88.7,2,Yes,95.0
7661-CPURM,One year,Fiber optic,87.7,0,No,8.0
6233-HXJMX,Month-to-month,Fiber optic,89.3,0,No,1.0
5902-WBLSE,Two year,No,20.15,0,No,0.0
1981-INRFU,Month-to-month,Fiber optic,79.75,0,Yes,92.0
4971-PUYQO,Month-to-month,Fiber optic,94.55,2,Yes,97.0
3239-TPHPZ,Two year,No,20.05,0,No,0.0
5115-GZDEL,Two year,DSL,67.2,0,No,0.0
3338-CVVEH,Month-to-month,Fiber optic,94.55,0,No,23.0
8485-GJCDN,Month-to-month,Fiber optic,69.05,0,Yes,44.0
2615-YVMYX,Month-to-month,Fiber optic,107.5,0,No,0.0
2851-STERV,One year,DSL,73.0,0,No,3.0
4393-GEADV,Two year,Fiber optic,114.75,0,No,2.0
8486-AYEQH,Month-to-month,Fiber optic,76.05,0,No,36.0
1527-SXDPN,Two year,Fiber optic,96.25,5,Yes,78.0
6029-WTIPC,Month-to-month,Fiber optic,101.1,2,Yes,99.0
8634-CILSZ,One year,Fiber optic,104.7,6,Yes,95.0
5419-JKZNQ,Month-to-month,Fiber optic,77.9,0,No,10.0
2495-KZNFB,Month-to-month,Fiber optic,90.65,0,No,13.0
1409-PHXTF,Two year,Fiber optic,110.45,0,No,2.0
4560-WQAQW,One year,DSL,68.7,0,No,0.0
9591-YVTEB,Month-to-month,DSL,44.85,0,No,2.0
9309-BZGNT,One year,DSL,29.8,0,No,1.0
4274-DRSQT,One year,Fiber optic,88.9,0,No,1.0
2027-DNKIV,One year,DSL,58.75,0,No,0.0
8075-GXIUB,One year,No,19.85,0,No,9.0
2885-HIJDH,Two year,DSL,86.9,0,No,0.0
5424-RLQLC,Month-to-month,DSL,59.65,0,No,6.0
6682-QJDGB,Month-to-month,DSL,55.25,4,Yes,94.0
6507-DTJZV,Month-to-month,DSL,66.4,0,No,25.0
8780-IXSTS,Month-to-month,Fiber optic,90.1,0,Yes,74.0
7673-BQGKU,Two year,No,20.15,0,No,0.0
6723-WSNTY,One year,Fiber optic,108.1,0,No,1.0
9530-EHPOH,Month-to-month,DSL,53.75,0,Yes,39.0
2725-IWWBA,One year,DSL,56.9,0,No,0.0
0345-HKJVM,Month-to-month,Fiber optic,89.3,1,Yes,97.0
1061-PNTHC,Month-to-month,Fiber optic,109.6,0,No,2.0
0394-YONDK,Two year,No,25.15,0,No,0.0
6574-MCOEH,One year,DSL,79.15,0,No,0.0
7399-QHBJS,Two year,DSL,66.75,0,No,0.0
3049-SOLAY,Month-to-month,Fiber optic,95.2,1,Yes,97.0
0997-YTLNY,Month-to-month,DSL,48.8,1,No,30.0
3317-HRTNN,Month-to-month,DSL,45.7,0,Yes,80.0
9479-HYNYL,Two year,DSL,80.7,5,No,2.0
3235-ETOOB,Month-to-month,Fiber optic,74.5,0,Yes,82.0
9708-KFDBY,Month-to-month,No,20.55,0,No,13.0
8058-INTPH,Month-to-month,Fiber optic,79.65,0,Yes,99.0
3642-GKTCT,One year,Fiber optic,115.1,0,No,0.0
0774-RMNUW,Two year,DSL,59.7,0,No,0.0
1334-PDUKM,One year,Fiber optic,86.45,0,No,2.0
0756-MPZRL,One year,DSL,33.7,0,No,0.0
2242-MFOTG,One year,Fiber optic,80.1,0,No,6.0
2927-CVULT,Two year,Fiber optic,104.05,0,No,1.0
2144-BFDSO,Month-to-month,Fiber optic,108.75,0,No,1.0
8745-PVESG,One year,DSL,41.1,0,No,0.0
7647-GYYKX,Two year,No,20.35,3,No,0.0
5647-FXOTP,Month-to-month,Fiber optic,105.9,0,No,1.0
5569-OUICF,Month-to-month,Fiber optic,101.3,3,Yes,97.0
8821-XNHVZ,Month-to-month,Fiber optic,80.05,0,Yes,89.0
2082-OJVTK,Month-to-month,Fiber optic,89.2,3,Yes,98.0
9700-ISPUP,Month-to-month,DSL,65.5,0,No,8.0
9839-ETQOE,Month-to-month,DSL,40.45,0,No,1.0
6078-VESFR,Month-to-month,Fiber optic,70.45,0,No,35.0
9027-TMATR,Two year,DSL,78.8,0,No,0.0
5940-NFXKV,Month-to-month,Fiber optic,83.65,0,Yes,43.0
1941-HOSAM,Month-to-month,Fiber optic,90.1,0,No,30.0
9110-HSGTV,Two year,DSL,82.45,0,No,0.0
0704-VCUMB,Two year,No,20.25,0,No,1.0
6171-ZTVYB,Month-to-month,DSL,66.25,0,No,2.0
8053-WWDRO,Month-to-month,No,19.5,0,Yes,78.0
9564-KCLHR,Month-to-month,DSL,51.25,0,Yes,72.0
1935-IMVBB,Month-to-month,Fiber optic,89.7,3,No,70.0
2535-PBCGC,Two year,DSL,64.55,0,No,0.0
2082-CEFLT,Month-to-month,DSL,45.6,0,Yes,95.0
1470-PSXNM,One year,Fiber optic,93.65,0,No,3.0
1213-NGCUN,Month-to-month,DSL,49.65,0,Yes,88.0
2498-XLDZR,Two year,DSL,73.6,0,No,1.0
9866-OCCKE,Two year,Fiber optic,109.75,0,No,0.0
5338-YHWYT,Two year,DSL,61.45,0,No,0.0
7718-UPSKJ,One year,Fiber optic,106.4,0,No,1.0
8731-WBBMB,Month-to-month,DSL,81.9,0,No,1.0
1448-CYWKC,One year,Fiber optic,105.2,0,No,2.0
7901-IIDQV,One year,DSL,54.6,0,No,2.0
2690-DVRVK,One year,No,20.55,0,No,0.0
5688-KZTSN,Month-to-month,No,20.0,0,Yes,59.0
1270-XKUCC,Two year,No,19.7,0,No,0.0
0334-ZFJSR,One year,DSL,66.05,0,No,1.0
2894-QOJRX,Month-to-month,DSL,34.0,0,Yes,76.0
5747-PMBSQ,Month-to-month,Fiber optic,92.5,1,Yes,91.0
5583-EJXRD,Two year,DSL,54.05,0,No,1.0
4565-EVZMJ,One year,DSL,58.9,0,No,0.0
3143-JQEGI,Month-to-month,Fiber optic,88.35,1,Yes,81.0
6386-SZZKH,Two year,Fiber optic,107.95,5,Yes,82.0
3327-YBAKM,One year,Fiber optic,96.9,0,No,1.0
9441-QHEVC,Month-to-month,No,19.1,0,No,6.33
6705-LNMDD,Month-to-month,DSL,50.0,0,No,22.0
2580-ASVVY,Two year,DSL,45.4,0,No,0.0
3370-GQEAL,Month-to-month,Fiber optic,85.45,0,No,21.0
5032-USPKF,One year,DSL,84.1,0,No,0.0
2982-IHMFT,Month-to-month,Fiber optic,74.45,0,Yes,88.0
3521-SYVOR,Month-to-month,DSL,64.75,4,Yes,96.0
4254-QPEDE,Two year,DSL,66.25,0,No,0.0
6283-GITPX,Two year,DSL,76.9,0,No,0.0
9526-JAWYF,Month-to-month,Fiber optic,89.8,2,Yes,93.0
0771-CHWSK,Two year,DSL,74.6,0,No,1.0
9788-HNGUT,Two year,Fiber optic,116.95,0,No,0.0
9495-REDIY,One year,DSL,40.65,0,No,3.0
5375-XLDOF,Two year,Fiber optic,114.35,0,No,0.0
1172-VIYBP,Two year,DSL,69.7,0,No,1.0
5649-VUKMC,One year,Fiber optic,95.5,1,Yes,68.0
6559-PDZLR,Month-to-month,Fiber optic,98.65,0,No,2.0
8992-OBVDG,Month-to-month,DSL,61.65,0,No,3.0
4273-MBHYA,Month-to-month,Fiber optic,89.35,0,No,66.0
4724-WXVWF,Month-to-month,Fiber optic,95.4,0,No,5.0
5701-GUXDC,One year,DSL,35.4,0,No,0.0
1460-UZPRJ,Two year,No,19.95,0,No,0.0
6082-GLJIX,Month-to-month,No,19.25,0,No,5.0
5143-EGQFK,Month-to-month,DSL,29.65,0,Yes,80.0
4919-IKATY,Month-to-month,Fiber optic,84.5,1,Yes,94.0
2495-TTHBQ,One year,No,20.4,0,No,0.0
0485-ZBSLN,Two year,No,24.75,0,No,0.0
3810-PJUHR,Two year,No,25.35,0,No,1.0
9050-QLROH,Month-to-month,Fiber optic,90.7,1,Yes,75.0
0847-HGRML,Two year,No,20.0,0,No,2.0
8232-CTLKO,Two year,DSL,59.75,0,No,0.0
9227-YBAXE,Two year,DSL,82.5,0,No,0.0
6168-WFVVF,Month-to-month,Fiber optic,70.3,0,Yes,91.0
9860-LISIZ,Month-to-month,No,20.35,0,No,1.0
0112-QAWRZ,Month-to-month,Fiber optic,90.8,0,No,10.0
0877-SDMBN,One year,Fiber optic,103.95,5,Yes,97.0
2786-GCDPI,Month-to-month,Fiber optic,104.95,0,No,0.0
4043-MKDTV,Two year,Fiber optic,105.25,0,No,0.0
8065-YKXKD,Month-to-month,Fiber optic,74.75,0,Yes,84.0
9637-EIHEQ,Month-to-month,DSL,50.8,0,Yes,73.0
9229-RQABD,One year,No,23.75,1,No,1.0
8313-KTIHG,Month-to-month,DSL,61.3,0,No,9.0
5320-BRKGK,Two year,DSL,75.8,0,No,1.0
6284-KMNUF,One year,Fiber optic,98.0,0,No,4.0
9689-PTNPG,Month-to-month,Fiber optic,80.25,0,Yes,84.0
9465-RWMXL,Month-to-month,Fiber optic,78.9,2,Yes,65.0
6229-UOLQL,One year,DSL,52.0,0,No,1.0
2362-IBOOY,Month-to-month,Fiber optic,84.75,0,Yes,88.0
3137-LUPIX,Month-to-month,DSL,64.4,0,No,12.0
0843-WTBXE,Month-to-month,Fiber optic,85.45,0,Yes,68.0
6143-JQKEA,Month-to-month,DSL,45.8,0,No,24.0
8676-OOQEJ,Month-to-month,DSL,30.5,0,No,10.0
5515-IDEJJ,Month-to-month,No,19.9,0,Yes,76.0
9701-CDXHR,Month-to-month,Fiber optic,69.15,0,No,12.0
7450-NWRTR,Month-to-month,Fiber optic,99.45,1,Yes,100.0
8124-NZVGJ,One year,DSL,49.25,0,No,35.0
2162-FRZAA,Two year,DSL,39.35,0,No,0.0
5376-DEQCP,Month-to-month,Fiber optic,70.6,0,Yes,90.0
5118-MUEYH,Month-to-month,Fiber optic,105.1,0,No,1.0
9095-HFAFX,Month-to-month,Fiber optic,81.0,0,Yes,90.0
5627-TVBPP,One year,No,20.1,0,No,0.0
2379-ENZGV,Month-to-month,Fiber optic,84.85,0,Yes,78.0
3936-QQFLL,Month-to-month,No,19.75,0,No,7.33
2589-AYCRP,One year,No,19.75,2,No,1.0
4067-HLYQI,Month-to-month,Fiber optic,70.4,0,No,53.0
5124-EOGYE,Two year,No,20.45,2,No,4.0
5057-RKGLH,Two year,No,20.35,0,No,0.0
0292-WEGCH,Month-to-month,DSL,86.2,0,No,5.0
8910-ICHIU,One year,Fiber optic,95.65,0,No,4.0
4097-YODCF,One year,Fiber optic,103.8,0,No,1.0
9715-WZCLW,Two year,Fiber optic,97.2,0,No,0.0
9786-YWNHU,Two year,DSL,63.55,0,No,0.0
6407-GSJNL,Two year,No,24.95,0,No,1.0
6005-OBZPH,Month-to-month,Fiber optic,89.15,2,Yes,96.0
4049-ZPALD,Two year,Fiber optic,99.0,0,No,1.0
7932-WPTDS,Month-to-month,DSL,24.8,0,Yes,96.0
3733-UOCWF,One year,Fiber optic,85.55,0,No,3.0
6833-JMZYP,Month-to-month,Fiber optic,94.0,0,No,9.0
2722-VOJQL,One year,Fiber optic,105.65,6,Yes,89.0
1310-QRITU,Month-to-month,DSL,50.3,0,No,6.0
8961-QDZZJ,One year,Fiber optic,95.0,0,No,2.0
9715-SBVSU,Two year,DSL,61.4,0,No,0.0
8490-BXHEO,Month-to-month,Fiber optic,80.55,0,No,11.0
7173-TETGO,Two year,Fiber optic,78.5,0,No,6.0
7929-SKFGK,Two year,Fiber optic,114.3,4,No,37.0
2300-RQGOI,Two year,No,20.05,0,No,1.0
3563-SVYLG,Two year,DSL,62.65,0,No,0.0
5228-EXCET,Month-to-month,Fiber optic,80.85,0,Yes,75.0
6435-VWCCY,Two year,Fiber optic,92.7,0,No,0.0
4998-IKFSE,Month-to-month,Fiber optic,100.45,0,No,1.0
8630-QSGXK,Two year,DSL,75.2,0,No,0.0
2455-USLMV,Month-to-month,Fiber optic,84.75,0,No,3.0
7394-FKDNK,Month-to-month,Fiber optic,89.45,0,Yes,77.0
9488-FVZCC,Two year,DSL,79.5,0,No,0.0
6331-LWDTQ,Month-to-month,DSL,72.15,1,Yes,88.0
5995-WWKKG,One year,No,19.8,0,No,0.0
1597-FZREH,Month-to-month,DSL,76.4,0,Yes,78.0
7879-CGSFV,One year,Fiber optic,100.9,0,No,3.0
9921-EZKBY,Month-to-month,Fiber optic,95.3,0,No,4.0
7432-FFVAR,One year,Fiber optic,90.95,0,No,1.0
7246-ZGQDF,Month-to-month,DSL,54.5,0,No,15.0
7000-WCEVQ,Month-to-month,DSL,61.6,0,Yes,13.0
0727-IWKVK,Month-to-month,Fiber optic,79.9,0,Yes,87.0
5959-BELXA,Month-to-month,Fiber optic,96.15,3,Yes,97.0
4456-RHSNB,Month-to-month,DSL,49.6,0,No,5.0
3512-IZIKN,Two year,DSL,65.3,6,Yes,72.0
2481-SBOYW,Two year,No,25.0,0,No,0.0
7109-MFBYV,Month-to-month,DSL,45.45,0,No,3.0
1833-TCXKK,Month-to-month,Fiber optic,107.75,0,No,1.0
1832-PEUTS,Two year,Fiber optic,89.1,0,No,1.0
6141-OOXUQ,Month-to-month,No,19.65,0,Yes,68.17
8660-BUETV,Month-to-month,DSL,44.75,0,No,11.0
0580-PIQHM,One year,Fiber optic,101.6,0,No,0.0
5696-CEIQJ,Two year,Fiber optic,103.15,0,No,0.0
7503-ZGUZJ,Month-to-month,Fiber optic,84.65,0,Yes,89.0
1696-HXOWK,One year,Fiber optic,95.65,0,No,0.0
3026-ATZYV,One year,DSL,75.1,0,No,2.0
4012-YCFAI,Two year,DSL,61.35,0,No,0.0
2506-TNFCO,Month-to-month,Fiber optic,69.55,0,Yes,99.0
9970-QBCDA,Month-to-month,No,19.7,0,No,12.0
8718-PTMEZ,Month-to-month,DSL,31.05,0,Yes,73.0
9496-IVVRP,Month-to-month,DSL,51.0,0,No,5.0
2207-OBZNX,Month-to-month,DSL,51.0,0,Yes,9.0
2657-VPXTA,Month-to-month,Fiber optic,88.85,0,No,15.0
6551-VLJMV,Two year,No,20.05,0,No,0.0
1221-GHZEP,Two year,DSL,65.1,0,No,0.0
9289-LBQVU,One year,DSL,70.15,0,No,3.0
6142-VSJQO,Month-to-month,DSL,44.35,0,Yes,79.0
3458-IDMFK,Two year,No,20.75,0,No,1.0
6933-FHBZC,One year,DSL,56.05,0,No,2.0
0221-NAUXK,One year,No,19.95,0,No,3.0
9770-KXGQU,One year,Fiber optic,98.6,0,No,2.0
6437-UKHMV,Month-to-month,Fiber optic,79.7,0,Yes,84.0
6538-POCHL,Month-to-month,Fiber optic,79.0,0,No,27.0
6726-NNFWD,Two year,Fiber optic,89.45,0,No,1.0
3002-WQZWT,Month-to-month,Fiber optic,74.2,0,No,11.0
4277-UDIEF,Month-to-month,DSL,81.0,0,No,4.0
1208-NBVFH,Month-to-month,DSL,49.6,0,No,25.0
4912-PIGUY,Month-to-month,Fiber optic,84.6,0,No,31.0
1114-CENIM,Month-to-month,DSL,55.0,5,Yes,92.0
6060-DRTNL,Month-to-month,Fiber optic,84.85,0,Yes,53.0
2725-TTRIQ,Two year,DSL,84.2,0,No,0.0
3374-TTZTK,Two year,Fiber optic,106.3,5,No,56.0
8990-ZXLSU,Month-to-month,Fiber optic,69.05,0,No,10.0
2275-RBYQS,Month-to-month,DSL,45.4,0,No,90.0
8473-VUVJN,Month-to-month,Fiber optic,73.65,0,Yes,88.0
6289-CPNLD,One year,DSL,73.9,5,Yes,90.0
5536-SLHPM,Month-to-month,Fiber optic,77.75,0,Yes,73.0
4419-UJMUS,Two year,Fiber optic,99.35,0,No,0.0
7794-JASDG,Month-to-month,DSL,50.75,0,No,5.0
7609-YBPXG,Two year,DSL,87.1,0,No,0.0
5519-TEEUH,One year,No,20.15,0,No,1.0
7856-GANIL,One year,Fiber optic,98.7,0,No,0.0
0804-XBFBV,Month-to-month,DSL,25.2,0,No,42.0
2676-OXPPQ,Month-to-month,DSL,55.7,0,No,4.0
3703-TTEPD,Month-to-month,DSL,65.35,0,No,4.0
2799-TSLAG,Two year,No,25.3,0,No,0.0
0196-VULGZ,Month-to-month,Fiber optic,84.35,0,Yes,97.0
8837-VVWLQ,Month-to-month,Fiber optic,84.95,0,Yes,82.0
2696-NARTR,Month-to-month,Fiber optic,73.85,0,Yes,34.0
2208-NKVVH,Two year,No,24.25,0,No,2.0
7614-QVWQL,One year,DSL,51.8,6,Yes,95.0
1976-CFOCS,Month-to-month,DSL,46.0,0,Yes,83.0
4631-OACRM,Month-to-month,Fiber optic,79.4,0,Yes,82.0
7139-JZFVG,Two year,DSL,60.5,0,No,0.0
4987-GQWPO,Month-to-month,DSL,25.1,0,No,7.0
3755-JBMNH,Month-to-month,Fiber optic,71.8,0,Yes,83.0
1757-TCATG,One year,No,20.05,0,No,0.0
6345-ULYRW,One year,Fiber optic,88.4,4,Yes,88.0
4776-XSKYQ,One year,DSL,30.25,0,No,6.0
8048-DSDFQ,Month-to-month,No,20.2,0,No,32.2
5753-QQWPW,One year,DSL,59.9,0,No,2.0
6010-DDPPW,Two year,No,25.15,0,No,0.0
1809-DMJHQ,Month-to-month,DSL,46.0,0,Yes,78.0
6693-FRIRW,Month-to-month,Fiber optic,101.3,0,No,7.0
6586-MYGKD,Two year,DSL,76.95,0,No,0.0
3173-NVMPX,Month-to-month,DSL,55.3,0,No,6.0
0248-PGHBZ,Two year,Fiber optic,92.45,0,No,0.0
0623-GDISB,Month-to-month,DSL,48.45,0,No,14.0
2892-GESUL,Two year,No,19.35,0,No,1.0
6923-EFPNL,Month-to-month,DSL,51.75,0,Yes,56.0
7472-EQOAV,One year,Fiber optic,86.7,0,No,2.0
9574-RKJIF,Month-to-month,Fiber optic,94.4,4,Yes,92.0
2043-WVTQJ,Month-to-month,DSL,55.7,0,No,8.0
8034-RYTVV,One year,Fiber optic,84.25,0,No,1.0
3863-QSTYI,Month-to-month,DSL,64.65,0,No,5.0
2619-WFQWU,Month-to-month,Fiber optic,70.15,0,Yes,94.0
5044-LRQAQ,Month-to-month,Fiber optic,69.2,0,No,38.0
1716-LSAMB,Two year,DSL,54.65,0,No,1.0
1333-PBMXB,One year,No,24.75,0,No,4.0
6546-OPBBH,One year,No,23.95,0,No,0.0
5985-BEHZK,One year,Fiber optic,105.0,0,No,0.0
9127-QRZMH,One year,DSL,59.85,0,No,0.0
5919-VCZYM,Month-to-month,No,20.05,0,No,1.0
9644-KVCNC,One year,Fiber optic,92.15,0,No,2.0
2137-DQMEV,One year,DSL,44.8,0,No,1.0
8174-LNWMW,Two year,No,20.9,0,No,2.0
9279-CJEOJ,Month-to-month,Fiber optic,95.4,0,No,20.0
7964-VEXDG,Month-to-month,Fiber optic,80.35,0,No,9.0
2404-JIBFC,Two year,DSL,85.1,0,No,0.0
0778-NELLA,Month-to-month,DSL,34.7,0,Yes,76.0
8029-XYPWT,Two year,Fiber optic,115.05,3,No,6.0
4614-NUVZD,Month-to-month,Fiber optic,81.1,0,Yes,98.0
4632-PAOYU,One year,No,19.95,0,No,0.0
3803-KMQFW,Month-to-month,No,20.55,0,Yes,86.0
6804-GDMOI,Two year,Fiber optic,106.6,6,Yes,88.0
2990-OGYTD,Two year,DSL,86.15,0,No,0.0
6646-JPPHA,Month-to-month,Fiber optic,78.85,0,No,6.0
9572-MTILT,Month-to-month,Fiber optic,106.75,5,Yes,90.0
7658-UYUQS,Month-to-month,Fiber optic,86.55,0,No,4.0
7880-XSOJX,Month-to-month,DSL,42.4,0,No,13.0
9611-CTWIH,Month-to-month,Fiber optic,89.45,0,Yes,58.0
4589-IUAJB,Two year,No,24.25,0,No,0.0
0329-GTIAJ,Month-to-month,Fiber optic,97.9,2,Yes,93.0
8746-BFOAJ,One year,No,20.5,0,No,1.0
8457-XIGKN,Month-to-month,No,19.6,0,No,7.0
6072-NUQCB,One year,No,20.25,0,No,0.0
6629-CZTTH,Month-to-month,DSL,55.7,0,Yes,74.0
8838-GPHZP,Two year,No,20.6,0,No,0.0
8750-QWZAJ,Two year,No,19.8,0,No,0.0
5364-EVNIB,Month-to-month,Fiber optic,79.8,2,Yes,91.0
6918-UMQCG,Month-to-month,Fiber optic,80.2,0,No,27.0
0675-NCDYU,Two year,Fiber optic,116.4,0,No,0.0
6339-DKLMK,Month-to-month,DSL,31.65,0,No,49.0
1346-PJWTK,Month-to-month,Fiber optic,94.15,0,No,1.0
5088-QZLRL,Month-to-month,No,20.65,0,No,13.0
8023-QHAIO,Month-to-month,Fiber optic,76.85,0,No,9.0
4397-FRLTA,Month-to-month,No,20.15,0,No,5.0
3057-VJJQE,Two year,DSL,55.25,0,No,1.0
5087-SUURX,Month-to-month,DSL,39.05,2,Yes,94.0
2302-OUZXB,Two year,DSL,82.15,0,No,0.0
8133-ANHHJ,One year,Fiber optic,103.0,0,No,2.0
2270-CHBFN,Month-to-month,Fiber optic,95.1,0,No,1.0
0013-EXCHZ,Month-to-month,Fiber optic,83.9,0,Yes,81.0
5982-FPVQN,Month-to-month,Fiber optic,95.15,0,No,0.0
9107-UKCKY,One year,DSL,79.8,0,No,4.0
4654-ULTTN,Two year,DSL,74.8,0,No,0.0
5550-VFRLC,Month-to-month,Fiber optic,69.85,0,Yes,99.5
5546-BYZSM,Month-to-month,No,20.45,0,No,3.0
1492-KGETH,One year,DSL,78.35,2,No,7.0
4929-BSTRX,Month-to-month,DSL,53.55,0,Yes,85.0
4163-HFTUK,One year,No,19.1,1,No,2.0
8215-NGSPE,Two year,No,20.0,0,No,0.0
2225-ZRGSG,Two year,Fiber optic,93.9,7,Yes,72.0
8859-YSTWS,One year,No,19.95,0,No,1.0
5271-YNWVR,Two year,Fiber optic,113.15,8,Yes,82.0
7601-DHFWZ,Two year,No,24.0,3,No,0.0
2657-ALMWY,Month-to-month,Fiber optic,84.95,4,Yes,95.0
6330-JKLPC,Month-to-month,Fiber optic,80.5,0,Yes,87.0
4667-OHGKG,Month-to-month,No,19.3,0,Yes,82.0
1998-VHJHK,One year,No,19.15,0,No,0.0
1707-HABPF,One year,Fiber optic,91.3,0,No,3.0
1660-HSOOQ,Month-to-month,DSL,49.65,0,Yes,91.0
7253-UVNDW,Two year,DSL,54.35,0,Yes,56.0
0487-VVUVK,Month-to-month,No,19.15,0,No,7.0
7228-OMTPN,Month-to-month,Fiber optic,88.45,1,Yes,94.0
5063-IUOKK,Two year,No,19.75,0,No,0.0
4508-OEBEY,One year,DSL,75.5,0,No,0.0
0027-KWYKW,Month-to-month,Fiber optic,83.75,0,No,22.0
2308-STERM,Month-to-month,No,19.4,0,No,16.0
5982-XMDEX,Two year,No,26.5,0,No,0.0
6284-AHOOQ,Month-to-month,Fiber optic,90.5,1,Yes,71.0
6051-PTVNS,One year,No,19.15,0,No,0.0
2344-JMOGN,Month-to-month,Fiber optic,94.85,0,Yes,77.0
3799-ISUZQ,Month-to-month,Fiber optic,69.95,0,Yes,87.0
2877-VDUER,One year,DSL,40.9,0,No,2.0
9152-AMKAK,Two year,DSL,80.25,0,No,5.0
1794-HBQTJ,Month-to-month,DSL,48.6,0,Yes,24.0
9432-VOFYX,Month-to-month,Fiber optic,70.8,0,No,21.0
8049-WJCLQ,Month-to-month,DSL,60.2,0,No,26.0
6586-PSJOX,One year,DSL,55.2,0,No,4.0
2460-FPSYH,Month-to-month,DSL,55.8,4,Yes,89.0
9705-ZJBCG,One year,DSL,54.15,0,No,5.0
4818-DRBQT,Month-to-month,Fiber optic,80.15,0,Yes,78.0
1320-HTRDR,Month-to-month,Fiber optic,75.5,0,Yes,83.0
6847-KJLTS,Month-to-month,Fiber optic,100.4,0,No,5.0
9670-BPNXF,One year,DSL,62.55,0,No,3.0
3913-FCUUW,Two year,DSL,70.45,0,No,0.0
3301-VKTGC,One year,Fiber optic,85.5,0,No,1.0
1493-AMTIE,Month-to-month,No,20.2,0,Yes,77.92
9555-SAHUZ,Month-to-month,DSL,54.5,0,No,1.0
0816-TSPHQ,Month-to-month,No,20.75,0,No,2.0
9932-WBWIK,Month-to-month,No,20.35,0,No,2.0
4619-EVPHY,One year,Fiber optic,91.0,0,No,4.0
5286-YHCVC,Two year,Fiber optic,104.8,0,No,1.0
6424-ELEYH,Month-to-month,Fiber optic,74.75,0,Yes,99.0
4391-RESHN,Month-to-month,Fiber optic,104.05,3,Yes,97.0
9115-YQHGA,Month-to-month,DSL,51.1,0,No,1.0
4462-CYWMH,Month-to-month,Fiber optic,89.8,0,No,0.0
8963-MQVYN,Month-to-month,No,20.55,0,No,4.0
2458-EOMRE,Month-to-month,DSL,64.05,0,No,1.0
9334-GWGOW,Month-to-month,Fiber optic,74.85,0,No,21.0
6821-BUXUX,Month-to-month,Fiber optic,96.65,0,Yes,73.0
5028-HTLJB,Month-to-month,No,20.05,0,Yes,71.0
9801-GDWGV,Month-to-month,Fiber optic,103.45,2,Yes,95.0
6542-LWGXJ,Month-to-month,DSL,25.0,0,No,53.0
5567-GZKQY,Two year,No,20.3,1,No,0.0
1222-LRYKO,Month-to-month,No,26.35,0,No,3.0
2320-JRSDE,Month-to-month,No,19.9,0,Yes,79.0
2087-QAREY,Month-to-month,DSL,54.7,0,No,2.0
0601-WZHJF,Month-to-month,DSL,46.35,0,Yes,21.0
4423-JWZJN,One year,Fiber optic,90.25,0,No,2.0
5143-WMWOG,Month-to-month,No,19.95,0,Yes,79.0
6490-FGZAT,Month-to-month,No,20.65,0,No,0.0
5393-RXQSZ,Month-to-month,Fiber optic,79.6,0,Yes,78.0
7452-FOLON,One year,No,25.45,0,No,1.0
2320-TZRRH,One year,No,19.5,0,No,0.0
0231-LXVAP,Month-to-month,Fiber optic,75.9,0,Yes,88.0
9444-JTXHZ,Month-to-month,Fiber optic,76.2,0,Yes,90.0
4942-VZZOM,One year,DSL,66.15,0,No,0.0
5510-BOIUJ,Month-to-month,No,19.25,0,Yes,65.0
7502-BNYGS,Month-to-month,DSL,69.1,0,No,13.0
4291-HYEBC,One year,DSL,39.1,0,No,13.0
6147-CBCRA,Month-to-month,No,20.05,0,No,0.0
6047-SUHPR,One year,DSL,59.8,0,No,3.0
4471-KXAUH,Month-to-month,Fiber optic,84.3,0,Yes,76.0
9752-ZNQUT,Month-to-month,DSL,48.6,0,No,12.0
7638-QVMVY,Month-to-month,Fiber optic,79.0,0,Yes,84.0
1576-PFZIW,Two year,Fiber optic,105.35,0,No,1.0
5666-MBJPT,Two year,No,25.1,0,No,0.0
7312-XSBAT,Month-to-month,DSL,49.75,0,No,13.0
3096-GKWEB,Month-to-month,Fiber optic,94.75,0,No,18.0
2371-JQHZZ,Month-to-month,Fiber optic,93.0,0,No,7.0
0674-GCDXG,Two year,DSL,71.9,0,No,0.0
1121-QSIVB,One year,DSL,77.55,3,No,23.0
4396-KLSEH,Month-to-month,No,19.85,0,No,9.0
3244-DCJWY,Month-to-month,Fiber optic,70.25,0,Yes,84.5
2824-MYYBN,Month-to-month,Fiber optic,95.25,0,No,2.0
0875-CABNR,Month-to-month,Fiber optic,84.6,1,Yes,94.0
6345-HOVES,Month-to-month,DSL,25.05,0,No,8.0
8318-LCNBW,One year,DSL,53.15,0,No,1.0
6469-QJKZW,Month-to-month,No,20.15,0,No,3.0
0147-ESWWR,Month-to-month,Fiber optic,101.25,0,No,1.0
1217-VASWC,One year,Fiber optic,100.55,0,No,0.0
7812-FZHPE,Month-to-month,No,24.1,0,Yes,62.0
6370-ZVHDV,Two year,No,25.3,0,No,1.0
5915-DGNVC,One year,DSL,71.8,4,No,32.0
6260-XLACS,One year,No,19.7,0,No,1.0
3566-CAAYU,Two year,DSL,49.85,0,No,0.0
4983-CCWMC,Month-to-month,Fiber optic,69.6,0,No,20.0
9103-CXVOK,Month-to-month,No,19.75,0,No,46.0
2896-TBNBE,One year,Fiber optic,80.8,0,No,1.0
4797-AXPXK,Month-to-month,DSL,60.0,0,Yes,38.0
5229-PRWKT,Month-to-month,Fiber optic,86.55,0,Yes,94.0
6982-UQZLY,Month-to-month,No,20.85,0,Yes,81.0
2522-WLNSF,One year,DSL,64.2,0,No,2.0
3841-CONLJ,Month-to-month,DSL,35.0,0,No,90.0
5057-LCOUI,Month-to-month,DSL,50.75,3,Yes,93.0
0193-ESZXP,One year,Fiber optic,105.5,5,Yes,83.0
4475-NVTLU,Two year,No,19.2,0,No,0.0
4369-HTUIF,Month-to-month,Fiber optic,85.15,0,Yes,73.0
9386-LDCZR,One year,Fiber optic,90.65,0,No,0.0
9585-KKMFD,Two year,No,20.0,0,No,0.0
5399-ZIMKF,Month-to-month,Fiber optic,74.65,0,No,22.0
0336-KXKFK,Two year,DSL,61.2,0,No,0.0
5619-XZZKR,One year,No,19.95,0,No,0.0
3948-FVVRP,Month-to-month,DSL,54.8,0,No,6.0
5327-XOKKY,Two year,DSL,73.45,0,No,5.0
0983-TATYJ,One year,DSL,51.45,0,No,0.0
1813-JYWTO,Two year,Fiber optic,80.45,0,No,1.0
0156-FVPTA,Month-to-month,DSL,54.2,0,Yes,70.0
1984-FCOWB,One year,Fiber optic,109.5,7,Yes,92.0
0654-HMSHN,Month-to-month,Fiber optic,104.4,3,Yes,87.0
6719-OXYBR,Month-to-month,Fiber optic,85.3,0,No,6.0
3312-ZWLGF,Month-to-month,Fiber optic,79.3,0,No,12.0
6476-YHMGA,Month-to-month,DSL,76.5,0,No,12.0
5287-QWLKY,Month-to-month,Fiber optic,105.1,8,Yes,55.0
0795-XCCTE,Two year,No,25.4,0,No,0.0
0168-XZKBB,Month-to-month,Fiber optic,86.85,0,No,17.0
3785-NRHYR,Month-to-month,No,19.65,0,No,68.17
5196-SGOAK,Month-to-month,Fiber optic,75.7,0,Yes,97.0
4537-DKTAL,Month-to-month,DSL,45.55,0,No,32.0
7072-MBHEV,Month-to-month,Fiber optic,78.1,0,No,16.0
5602-BVFMK,One year,No,19.3,0,No,0.0
6297-NOOPG,Two year,Fiber optic,110.5,0,No,1.0
1891-UAWWU,Month-to-month,Fiber optic,90.8,2,Yes,76.0
8204-TIFGJ,Month-to-month,No,20.3,2,No,1.0
8050-DVOJX,Two year,DSL,81.35,0,No,0.0
6108-OQZDQ,Month-to-month,Fiber optic,97.95,0,Yes,96.0
0363-QJVFX,Month-to-month,Fiber optic,108.15,3,Yes,93.0
8903-XEBGX,Month-to-month,DSL,55.3,0,No,17.0
8169-SAEJD,Two year,DSL,56.55,0,No,0.0
9840-DVNDC,Month-to-month,Fiber optic,80.5,0,Yes,87.0
1089-XZWHH,Two year,No,19.7,1,No,1.0
2325-WINES,One year,Fiber optic,104.05,0,No,3.0
6064-ZATLR,Two year,DSL,52.85,1,No,5.0
3096-JRDSO,Month-to-month,Fiber optic,104.3,0,Yes,59.0
7824-PANSQ,Month-to-month,Fiber optic,80.65,0,No,7.0
8042-JVNFH,Month-to-month,Fiber optic,71.35,0,Yes,70.0
9648-BCHKM,Two year,No,24.65,0,No,3.0
2888-ADFAO,Two year,No,21.3,0,No,1.0
8707-HOEDG,Two year,Fiber optic,110.2,0,No,0.0
3374-LXDEV,Month-to-month,Fiber optic,89.4,1,Yes,89.0
4072-IPYLT,Month-to-month,DSL,51.05,2,No,14.0
7167-PCEYD,Two year,No,19.8,0,No,0.0
4936-YPJNK,Month-to-month,No,19.9,0,No,4.0
1580-BMCMR,Month-to-month,Fiber optic,87.3,0,No,14.0
4817-KEQSP,Two year,No,19.85,0,No,2.0
6408-WHTEF,Two year,DSL,89.4,0,No,0.0
9251-AWQGT,Two year,No,20.0,0,No,0.0
8749-CLJXC,Month-to-month,No,20.05,0,No,11.0
7989-VCQOH,Month-to-month,DSL,83.25,0,No,5.0
5049-GLYVG,Month-to-month,No,20.6,0,Yes,18.0
4199-QHJNM,Two year,Fiber optic,102.9,0,No,1.0
8882-TLVRW,Two year,DSL,39.1,0,No,0.0
5883-GTGVD,Month-to-month,Fiber optic,99.95,1,Yes,93.0
5135-GRQJV,Two year,Fiber optic,114.5,0,No,0.0
2384-OVPSA,Two year,No,20.2,0,No,1.0
1371-WEPDS,One year,DSL,55.8,0,No,6.0
3580-GICBM,Two year,No,24.2,0,No,0.0
4817-QRJSX,Month-to-month,Fiber optic,81.0,0,Yes,85.0
9730-DRTMJ,One year,DSL,72.8,0,No,0.0
4686-UXDML,Month-to-month,Fiber optic,99.85,0,No,19.0
3349-ANQNH,One year,Fiber optic,99.5,4,No,69.0
2398-YPMUR,Month-to-month,Fiber optic,70.15,0,Yes,77.0
0932-YIXYU,Two year,No,20.25,0,No,0.0
7480-SPLEF,Two year,No,26.0,0,No,0.0
7636-XUHWW,Month-to-month,No,19.9,0,No,22.0
1431-CYWMH,Month-to-month,No,19.05,0,No,5.0
5937-EORGB,Month-to-month,Fiber optic,96.5,0,No,10.0
6349-JDHQP,Two year,No,19.85,0,No,4.0
5539-HIVAK,Month-to-month,No,25.7,0,No,3.0
5847-MXBEO,One year,No,20.3,1,No,0.0
9985-MWVIX,Month-to-month,Fiber optic,70.15,0,Yes,93.0
4583-PARNH,Month-to-month,Fiber optic,91.55,0,No,9.0
1116-FRYVH,Two year,DSL,39.4,0,No,1.0
1421-HCERK,Month-to-month,Fiber optic,105.7,0,No,6.0
9633-XQABV,Month-to-month,Fiber optic,70.25,0,No,64.0
0716-BQNDX,Two year,Fiber optic,93.75,0,No,4.0
1265-XTECC,One year,Fiber optic,96.55,7,Yes,79.0
1183-CANVH,One year,DSL,60.0,2,No,6.0
1972-XMUWV,Two year,DSL,59.8,3,No,7.0
8679-LZBMD,One year,Fiber optic,90.65,0,No,1.0
3407-JMJQQ,Two year,Fiber optic,109.0,0,No,0.0
6252-DFGTK,One year,DSL,68.1,1,No,10.0
1539-LNKHM,Month-to-month,No,20.4,0,No,0.0
8645-KOMJQ,Two year,DSL,81.95,0,No,0.0
0289-IVARM,Month-to-month,DSL,60.55,0,No,1.0
9761-XUJWD,Month-to-month,DSL,65.6,0,No,2.0
4057-FKCZK,Two year,Fiber optic,82.5,0,No,5.0
4291-TPNFG,Two year,DSL,82.3,0,No,0.0
6087-YPWHO,Two year,DSL,68.15,0,No,0.0
3090-QFUVD,Month-to-month,No,20.3,0,No,6.0
2237-ZFSMY,One year,Fiber optic,95.55,2,Yes,92.0
1722-LDZJS,One year,No,20.2,2,No,0.0
1818-ESQMW,Month-to-month,Fiber optic,89.2,0,No,5.0
4871-JTKJF,Month-to-month,Fiber optic,69.65,0,Yes,100.0
1415-YFWLT,Month-to-month,Fiber optic,89.3,0,Yes,88.0
7401-RUBNK,Month-to-month,Fiber optic,74.8,0,No,11.0
0506-YLVKJ,Two year,No,20.2,0,No,1.0
8661-BOYNW,Two year,DSL,84.4,0,No,0.0
6711-VTNRE,Month-to-month,Fiber optic,87.55,1,Yes,88.0
4815-GBTCD,Month-to-month,DSL,25.15,0,No,31.0
2805-AUFQN,Two year,No,19.8,0,No,1.0
0980-PVMRC,Month-to-month,DSL,50.85,0,No,6.0
7233-DRTRF,Month-to-month,Fiber optic,102.4,0,No,0.0
3500-RMZLT,Month-to-month,Fiber optic,96.3,0,Yes,30.0
3873-NFTGI,Month-to-month,DSL,55.5,0,No,25.0
1162-ECVII,Two year,Fiber optic,109.75,0,No,0.0
7048-GXDAY,Month-to-month,Fiber optic,106.4,0,No,3.0
8571-ZCMCX,Two year,DSL,60.0,0,No,1.0
1169-WCVAK,Month-to-month,Fiber optic,88.8,0,No,6.0
4548-SDBKE,Month-to-month,Fiber optic,85.2,0,Yes,84.0
8066-POXGX,Month-to-month,DSL,35.1,0,Yes,79.0
7129-CAKJW,Month-to-month,Fiber optic,80.05,1,No,25.0
8695-ARGXZ,Month-to-month,Fiber optic,75.55,0,No,31.0
3570-YUEKJ,Month-to-month,DSL,49.55,0,No,4.0
4143-OOBWZ,Month-to-month,Fiber optic,81.3,0,Yes,99.0
1555-HAPSU,Two year,No,23.9,0,No,0.0
1697-NVVGY,Month-to-month,DSL,66.4,0,No,7.0
7854-EKTJL,Month-to-month,No,19.6,0,Yes,69.0
8464-EETCQ,Two year,No,18.8,0,No,5.0
2419-FSORS,Two year,Fiber optic,108.4,0,No,0.0
8132-YPVBX,Month-to-month,Fiber optic,85.95,0,No,15.0
9102-IAYHT,Month-to-month,Fiber optic,85.45,0,Yes,43.0
6754-LZUKA,Two year,DSL,80.9,0,No,0.0
3422-LYEPQ,Month-to-month,Fiber optic,71.0,0,Yes,94.0
8099-MZPUJ,Two year,Fiber optic,111.8,1,No,8.0
0787-LHDYT,Month-to-month,No,20.6,0,No,8.0
2642-DTVCO,Month-to-month,Fiber optic,85.05,0,Yes,91.0
0374-IOEGQ,Month-to-month,DSL,44.6,0,No,21.0
4361-JEIVL,Month-to-month,DSL,44.4,0,Yes,51.0
3197-NNYNB,Two year,Fiber optic,105.1,0,No,2.0
3396-DKDEL,Two year,Fiber optic,115.15,0,No,1.0
1752-OZXFY,One year,DSL,59.8,0,No,2.0
9066-QRSDU,One year,No,26.3,0,No,0.0
9112-WSNPU,Month-to-month,Fiber optic,70.55,0,No,17.0
9867-NNXLC,Month-to-month,No,20.05,0,No,0.0
5321-NTRKC,Two year,DSL,79.85,0,No,0.0
1363-TXLSL,Month-to-month,Fiber optic,70.3,0,Yes,83.0
9507-EXLTT,Month-to-month,Fiber optic,79.35,0,Yes,92.0
3161-GETRM,Month-to-month,Fiber optic,90.05,1,No,17.0
0402-OAMEN,Two year,No,24.45,0,No,0.0
6933-VLYFX,One year,DSL,59.95,0,No,0.0
6754-WKSHP,One year,No,25.35,0,No,9.0
9846-GKXAS,Month-to-month,Fiber optic,90.8,1,Yes,96.0
6017-PPLPX,Month-to-month,Fiber optic,70.45,0,Yes,60.0
4976-LNFVV,Month-to-month,DSL,34.3,0,No,3.0
5055-MGMGF,Month-to-month,Fiber optic,105.05,0,No,3.0
4641-FROLU,Two year,No,19.3,0,No,1.0
2862-JVEOY,One year,No,19.15,0,No,2.0
2969-QWUBZ,Month-to-month,DSL,51.4,0,No,15.0
9822-BIIGN,Month-to-month,DSL,71.85,0,No,3.0
2077-MPJQO,Month-to-month,Fiber optic,75.4,0,No,21.0
1534-OULXE,One year,DSL,49.7,0,No,0.0
7136-RVDTZ,One year,DSL,45.25,9,Yes,86.0
2971-SGAFL,Month-to-month,DSL,78.75,0,No,8.0
1480-IVEVR,One year,Fiber optic,81.6,0,No,8.0
2905-KFQUV,Month-to-month,Fiber optic,70.4,0,No,74.0
4581-SSPWD,Month-to-month,Fiber optic,75.8,0,Yes,93.0
3370-HXOPH,Month-to-month,Fiber optic,76.1,0,No,38.0
9391-YZEJW,One year,Fiber optic,94.0,0,No,4.0
9958-MEKUC,Two year,Fiber optic,103.95,0,No,0.0
0281-CNTZX,Two year,No,19.95,0,No,0.0
6927-WTFIV,Month-to-month,Fiber optic,71.3,0,Yes,75.0
4118-CEVPF,One year,Fiber optic,110.8,0,No,1.0
3398-ZOUAA,Month-to-month,Fiber optic,69.1,0,Yes,79.0
9114-VEPUF,One year,Fiber optic,96.1,5,No,36.0
7876-BEUTG,Month-to-month,DSL,48.8,0,No,11.0
2338-BQEZT,Month-to-month,DSL,50.55,0,No,2.0
9873-MNDKV,Month-to-month,DSL,44.65,0,No,17.0
0378-NHQXU,Month-to-month,Fiber optic,88.25,0,Yes,74.0
8241-JUIQO,One year,No,19.45,0,No,1.0
2194-IIQOF,Two year,DSL,89.3,0,No,0.0
4512-ZUIYL,Month-to-month,Fiber optic,70.0,0,Yes,97.0
9631-RXVJM,Two year,No,19.25,0,No,0.0
9584-EXCDZ,Month-to-month,Fiber optic,70.5,0,No,22.0
7969-AULMZ,Month-to-month,Fiber optic,97.35,2,Yes,98.0
5093-FEGLU,Two year,No,19.65,0,No,3.0
2621-UDNLU,Month-to-month,No,20.85,0,No,16.0
7526-IVLYU,Month-to-month,No,19.65,0,No,6.0
2428-HYUNX,Two year,No,19.35,0,No,0.0
9214-EKVXR,Month-to-month,DSL,44.0,0,No,21.0
3410-MHHUM,One year,Fiber optic,94.4,0,No,2.0
0568-ONFPC,Month-to-month,No,25.9,0,Yes,71.0
0733-VUNUW,Month-to-month,DSL,55.65,0,Yes,68.0
4550-EVXNY,Month-to-month,Fiber optic,69.65,0,Yes,93.0
2122-YWVYA,Month-to-month,Fiber optic,75.4,0,No,19.0
2968-SSGAA,Month-to-month,Fiber optic,100.6,0,Yes,92.0
2296-DKZFP,Two year,DSL,71.0,0,No,0.0
4844-JJWUY,Month-to-month,Fiber optic,86.0,1,Yes,97.0
6777-TGHTM,One year,Fiber optic,106.95,5,Yes,100.0
8909-BOLNL,One year,No,21.2,0,No,0.0
6603-YRDCJ,Two year,DSL,61.05,0,No,0.0
3538-WZPHD,Month-to-month,DSL,29.6,0,Yes,80.0
3229-USWAR,One year,DSL,79.95,0,No,0.0
2138-VFAPZ,Two year,No,19.7,0,No,3.0
6131-JLWZM,Month-to-month,No,20.3,0,No,0.0
4785-QRJHC,One year,DSL,59.9,2,Yes,77.0
0269-XFESX,One year,No,24.35,0,No,0.0
1709-EJDOX,Two year,No,19.75,0,No,0.0
4316-XCSLJ,Month-to-month,DSL,50.3,0,No,6.0
8610-WFCJF,Month-to-month,Fiber optic,95.6,4,Yes,97.0
9693-XMUOB,Month-to-month,DSL,50.25,0,No,4.0
0383-CLDDA,Two year,DSL,85.35,0,No,0.0
4905-JEFDW,One year,DSL,41.6,1,Yes,88.0
2709-UQGNP,Month-to-month,DSL,51.65,0,No,3.0
3549-ZTMNH,Two year,No,24.0,0,No,6.0
7881-INRLC,Month-to-month,Fiber optic,100.85,5,Yes,95.0
8033-ATFAS,Month-to-month,DSL,59.85,0,No,6.0
1635-NZATJ,Two year,No,25.45,0,No,0.0
0562-HKHML,Two year,No,23.9,0,No,0.0
8277-RVRSV,One year,No,24.15,0,No,2.0
9943-VSZUV,Month-to-month,Fiber optic,75.7,4,No,14.0
0117-LFRMW,Month-to-month,DSL,40.2,4,Yes,86.0
6172-FECYY,Month-to-month,Fiber optic,84.5,0,Yes,71.0
7054-ENNGU,Month-to-month,DSL,50.85,0,No,3.0
1455-HFBXA,Two year,Fiber optic,91.6,0,No,2.0
9402-CXWPL,One year,Fiber optic,98.9,0,No,7.0
1628-BIZYP,Month-to-month,Fiber optic,85.0,0,No,84.0
1965-AKTSX,Month-to-month,Fiber optic,78.95,0,Yes,94.0
0082-LDZUE,Month-to-month,DSL,44.3,0,No,27.0
4786-UKSNZ,Month-to-month,No,20.2,0,Yes,32.2
5343-SGUBI,One year,Fiber optic,80.2,0,No,1.0
0856-NAOES,Month-to-month,DSL,60.9,0,No,34.0
1976-AZZPJ,Month-to-month,DSL,34.2,0,No,9.0
7248-VZQLC,Month-to-month,Fiber optic,85.2,3,Yes,88.0
6156-UZDLF,One year,Fiber optic,87.15,0,No,1.0
3099-OONVS,Month-to-month,DSL,54.3,0,No,12.0
9500-WBGRP,Two year,No,19.1,0,No,0.0
5183-KLYEM,Two year,Fiber optic,112.75,0,No,0.0
5144-PQCDZ,Month-to-month,No,19.95,0,No,9.0
8514-VZHEB,Two year,No,19.5,0,No,0.0
6625-IUTTT,Two year,DSL,65.55,0,No,0.0
9355-NPPFS,Month-to-month,Fiber optic,78.8,0,No,13.0
0068-FIGTF,One year,DSL,78.2,0,No,3.0
5965-GGPRW,Two year,Fiber optic,105.25,0,No,0.0
8035-PWSEV,Month-to-month,Fiber optic,89.25,0,No,12.0
2236-HILPA,Two year,No,20.65,0,No,0.0
1840-BIUOG,One year,DSL,68.7,1,No,9.0
1356-MKYSK,Month-to-month,DSL,78.65,0,No,24.0
6080-LNESI,Two year,No,24.75,0,No,1.0
1830-IPXVJ,Two year,No,19.75,0,No,0.0
5828-DWPIL,Month-to-month,Fiber optic,89.1,3,No,18.0
8398-TBIYD,Two year,Fiber optic,84.7,0,No,0.0
0011-IGKFF,Month-to-month,Fiber optic,98.0,2,Yes,97.0
4192-GORJT,Month-to-month,Fiber optic,94.45,2,Yes,97.0
6496-SLWHQ,Month-to-month,Fiber optic,105.0,0,Yes,92.0
9912-GVSEQ,Month-to-month,Fiber optic,93.85,2,Yes,98.0
2931-FSOHN,Month-to-month,DSL,59.9,0,No,5.0
9418-RUKPH,Two year,No,19.95,0,No,1.0
5383-MMTWC,Month-to-month,Fiber optic,84.0,0,Yes,92.0
9971-ZWPBF,Month-to-month,Fiber optic,108.9,0,No,1.0
4712-AUQZO,Month-to-month,DSL,33.6,0,No,6.0
9711-FJTBX,One year,Fiber optic,85.85,0,No,0.0
2908-ZTPNF,Month-to-month,DSL,34.85,0,No,16.0
7240-ETPTR,Month-to-month,DSL,48.75,0,Yes,49.0
2202-CUYXZ,Month-to-month,Fiber optic,84.85,0,Yes,96.0
5995-OIGLP,Month-to-month,DSL,56.65,0,Yes,71.0
8421-WZOOW,Month-to-month,Fiber optic,95.3,0,No,2.0
6261-RCVNS,One year,DSL,73.9,4,Yes,89.0
7951-QKZPL,Two year,No,24.5,0,Yes,66.0
1414-YADCW,Two year,Fiber optic,84.6,0,No,2.0
8756-RDDLT,Month-to-month,DSL,44.95,0,No,3.0
2862-PFNIK,Month-to-month,DSL,24.7,0,No,24.0
5816-QVHRX,Month-to-month,Fiber optic,100.3,2,No,27.0
4430-YHXGG,Month-to-month,No,25.45,0,No,9.0
6888-SBYAI,Month-to-month,DSL,50.7,0,No,5.0
7395-XWZOY,Month-to-month,DSL,55.0,0,No,5.0
7169-YWAMK,Two year,DSL,68.4,0,No,0.0
3640-PHQXK,Month-to-month,Fiber optic,89.9,5,Yes,97.0
6877-LGWXO,Month-to-month,Fiber optic,78.55,0,Yes,52.0
6859-RKMZJ,Month-to-month,DSL,55.05,0,No,9.0
2729-VNVAP,Two year,No,19.8,0,No,2.0
2957-JIRMN,One year,Fiber optic,84.45,0,No,39.0
2049-BAFNW,Month-to-month,DSL,35.9,0,No,15.0
3842-QTGDL,Month-to-month,Fiber optic,80.75,0,No,8.0
7163-OCEQI,One year,DSL,78.65,0,No,2.0
9782-LGXMC,Month-to-month,DSL,61.75,0,No,2.0
5975-BAICR,One year,DSL,63.7,0,No,2.0
8019-ENHXU,Month-to-month,Fiber optic,99.45,4,Yes,95.0
5167-GBFRE,Month-to-month,DSL,25.2,0,Yes,66.0
9033-EOXWV,One year,DSL,74.05,0,Yes,71.0
4673-KKSLS,Month-to-month,Fiber optic,87.6,0,No,3.0
4853-OITSN,Month-to-month,Fiber optic,89.15,0,No,33.0
9800-OUIGR,Two year,No,20.0,0,No,0.0
1324-NLTJE,Month-to-month,DSL,55.0,1,Yes,53.0
2324-EFHVG,Two year,Fiber optic,104.4,0,No,1.0
7094-MSZAO,Month-to-month,No,20.05,0,No,3.0
1522-VVDMG,Month-to-month,Fiber optic,89.75,1,Yes,76.0
6907-CQGPN,Month-to-month,DSL,34.3,0,No,7.0
0780-XNZFN,Two year,No,20.65,4,No,2.0
0239-OXEXL,Month-to-month,Fiber optic,84.25,0,No,3.0
2675-IJRGJ,Two year,No,19.65,0,No,21.0
7049-GKVZY,One year,DSL,79.85,0,No,8.0
8577-QSOCG,Two year,No,20.2,0,No,6.0
3721-CNZHX,One year,No,19.8,0,No,0.0
0212-ISBBF,Month-to-month,DSL,50.35,0,No,17.0
9185-TQCVP,Month-to-month,Fiber optic,85.15,0,Yes,74.0
3585-YNADK,One year,DSL,74.6,0,No,0.0
5271-DBYSJ,Month-to-month,Fiber optic,79.15,0,No,17.0
1099-GODLO,Two year,No,20.35,0,No,11.0
6828-HMKWP,Two year,No,21.05,0,No,0.0
5567-WSELE,Month-to-month,Fiber optic,94.6,0,Yes,87.0
1472-TNCWL,Month-to-month,Fiber optic,94.7,0,No,1.0
8063-RJYNF,Month-to-month,Fiber optic,94.25,1,Yes,96.0
0687-ZVTHB,One year,DSL,72.45,5,Yes,84.0
2080-GKCWQ,Month-to-month,Fiber optic,74.95,0,No,13.0
9661-ACXBS,Month-to-month,Fiber optic,105.2,3,Yes,96.0
2193-SFWQW,Two year,Fiber optic,111.95,0,No,0.0
5656-JAMLX,Two year,No,19.85,0,No,0.0
3462-BJQQA,Month-to-month,Fiber optic,89.75,0,No,37.0
0442-TDYUO,Two year,No,20.05,2,No,2.0
6733-LRIZX,Two year,Fiber optic,108.95,0,No,0.0
9503-XJUME,One year,No,19.65,0,No,4.0
4367-NHWMM,Month-to-month,DSL,24.9,0,No,74.0
3727-RJMEO,Month-to-month,Fiber optic,82.85,0,Yes,92.0
3779-OSWCF,Two year,DSL,93.2,0,No,0.0
6736-DHUQI,One year,Fiber optic,84.8,0,No,0.0
3915-ODIYG,One year,DSL,71.75,0,No,2.0
1360-RCYRT,Month-to-month,DSL,30.35,0,No,18.0
2724-FJDYW,One year,DSL,54.85,0,No,0.0
4451-RWASJ,One year,No,19.5,1,No,3.0
6646-VRFOL,Month-to-month,Fiber optic,103.85,6,Yes,99.0
3460-TJBWI,Two year,No,24.2,1,No,6.0
5917-HBSDW,Month-to-month,No,19.35,0,No,1.0
5685-IIXLY,Month-to-month,Fiber optic,83.6,0,Yes,92.0
5671-UUNXD,One year,Fiber optic,100.65,4,No,27.0
0956-ACVZC,One year,Fiber optic,94.1,0,No,2.0
2325-NBPZG,Month-to-month,Fiber optic,74.55,0,No,21.0
4250-ZBWLV,One year,Fiber optic,108.45,6,Yes,93.0
4482-FTFFX,Month-to-month,DSL,56.15,0,No,12.0
8859-DZTGQ,Two year,No,20.35,0,No,0.0
0440-MOGPM,One year,DSL,80.55,0,No,0.0
0020-JDNXP,One year,DSL,61.25,0,No,0.0
3752-CQSJI,Month-to-month,No,20.45,0,No,3.0
5025-GOOKI,Month-to-month,No,18.9,0,No,9.0
4698-KVLLG,Two year,No,19.6,0,No,0.0
5095-AESKG,Month-to-month,Fiber optic,91.5,0,Yes,94.0
2887-JPYLU,Month-to-month,DSL,45.2,0,No,5.0
4770-QAZXN,Month-to-month,No,19.45,0,No,6.0
4896-CPRPF,Two year,No,25.45,0,No,0.0
1871-MOWRM,Month-to-month,Fiber optic,80.85,0,Yes,67.0
9714-EDSUC,Month-to-month,Fiber optic,94.9,0,No,43.0
2027-OAQQC,Month-to-month,DSL,49.05,5,Yes,95.0
0282-NVSJS,Month-to-month,DSL,29.3,0,No,19.0
9090-SGQXL,Month-to-month,Fiber optic,105.3,5,Yes,89.0
6595-YGXIT,Month-to-month,Fiber optic,88.95,2,Yes,96.0
7353-YOWFP,One year,No,20.25,0,No,1.0
9835-ZIITK,One year,Fiber optic,110.85,5,Yes,78.0
8008-ESFLK,One year,Fiber optic,110.5,0,No,4.0
7537-CBQUZ,Month-to-month,Fiber optic,109.4,0,No,1.0
1555-DJEQW,Two year,Fiber optic,114.2,6,Yes,82.0
5649-TJHOV,Month-to-month,DSL,36.5,0,Yes,69.0
0519-XUZJU,Month-to-month,Fiber optic,70.75,0,Yes,89.0
3363-EWLGO,Month-to-month,No,19.95,0,No,3.0
4750-UKWJK,One year,No,19.6,0,No,0.0
6338-AVWCY,Month-to-month,DSL,40.15,2,Yes,89.0
1689-YQBYY,Month-to-month,Fiber optic,76.6,0,No,31.0
4487-ZYJZK,One year,No,19.6,0,No,0.0
2959-FENLU,Month-to-month,Fiber optic,85.3,0,No,19.0
0708-LGSMF,Month-to-month,DSL,65.85,0,No,3.0
9253-QXKBE,Month-to-month,Fiber optic,94.45,2,Yes,99.0
7634-HLQJR,Two year,No,20.05,0,No,0.0
0487-RPVUM,Month-to-month,Fiber optic,99.4,0,No,0.0
4079-ULGFR,Month-to-month,No,20.0,1,No,7.0
2516-XSJKX,Two year,DSL,78.45,0,No,0.0
0057-QBUQH,Two year,No,25.1,0,No,0.0
9445-SZLCH,Month-to-month,Fiber optic,97.35,3,Yes,86.0
6599-SFQVE,Month-to-month,DSL,55.0,0,No,6.0
8331-ZXFOE,One year,DSL,71.1,0,No,0.0
4003-FUSHP,Month-to-month,DSL,61.55,0,No,16.0
0356-ERHVT,Month-to-month,DSL,45.9,0,No,25.0
7325-ENZFI,One year,DSL,40.3,0,No,1.0
4884-ZTHVF,Month-to-month,Fiber optic,87.1,0,No,25.0
3920-HIHMQ,Month-to-month,DSL,49.5,0,No,11.0
3055-OYMSE,Month-to-month,Fiber optic,73.8,0,No,19.0
0613-WUXUM,Two year,No,19.2,0,No,1.0
7568-PODML,Month-to-month,DSL,45.3,0,Yes,94.0
4458-KVRBJ,Two year,No,25.0,0,No,2.0
5349-IECLD,Month-to-month,Fiber optic,94.95,0,Yes,92.0
1397-XKKWR,One year,DSL,35.3,0,No,5.0
3945-GFWQL,Month-to-month,DSL,44.55,0,Yes,75.0
8097-OMULG,One year,DSL,76.75,0,No,0.0
6013-BHCAW,Two year,DSL,81.0,0,No,0.0
0401-WDBXM,Two year,Fiber optic,105.55,0,No,0.0
3387-PLKUI,Month-to-month,No,18.8,0,No,46.0
6096-EGVTU,One year,No,24.9,0,No,1.0
3797-VTIDR,Month-to-month,DSL,23.45,0,Yes,81.0
5081-NWSUP,One year,DSL,64.9,0,No,4.0
2580-ATZSQ,One year,DSL,61.35,0,No,0.0
8085-MSNLK,Two year,Fiber optic,113.95,0,No,0.0
9691-HKOVS,One year,DSL,90.15,0,No,0.0
9881-VCZEP,Month-to-month,DSL,54.1,0,No,6.0
9526-BIHHD,Month-to-month,DSL,29.7,0,Yes,72.0
8757-TFHHJ,Month-to-month,DSL,49.8,0,No,18.0
4523-WXCEF,Month-to-month,Fiber optic,101.1,5,Yes,96.0
1468-DEFNC,Two year,No,24.4,0,No,0.0
5119-KEPFY,Month-to-month,Fiber optic,95.0,0,No,3.0
8364-TRMMK,Month-to-month,DSL,50.65,0,Yes,60.0
0916-KNFAJ,Two year,DSL,69.9,0,No,0.0
8319-QBEHW,One year,DSL,39.95,0,No,6.0
3063-QFSZL,Month-to-month,DSL,55.4,0,Yes,12.0
8775-LHDJH,Month-to-month,Fiber optic,90.6,0,Yes,80.0
9625-QNLUX,Two year,Fiber optic,103.25,0,No,2.0
3097-NQYSN,Month-to-month,Fiber optic,86.85,0,Yes,93.0
4024-CSNBY,Two year,Fiber optic,94.25,0,No,0.0
7110-BDTWG,Two year,DSL,47.05,0,No,1.0
7493-GVFIO,Two year,No,20.55,0,No,0.0
0690-SRQID,Month-to-month,No,19.65,0,No,8.0
9605-WGJVW,Month-to-month,Fiber optic,70.2,0,No,36.0
9114-DPSIA,Two year,DSL,81.0,0,No,0.0
4700-UBQMV,One year,DSL,75.9,0,No,4.0
7711-GQBZC,Two year,No,24.7,5,No,1.0
3565-UNOCC,Month-to-month,Fiber optic,99.05,1,Yes,88.0
4627-MIHJH,Two year,Fiber optic,110.25,0,No,0.0
9795-NREXC,Two year,DSL,85.0,0,No,0.0
8573-CGOCC,Month-to-month,No,19.75,0,No,8.0
7356-AYNJP,One year,No,23.9,0,No,1.0
9249-FXSCK,One year,Fiber optic,111.25,4,Yes,93.0
5493-SDRDQ,Month-to-month,DSL,55.1,1,Yes,87.0
6286-SUUWT,Month-to-month,No,19.95,0,No,31.53
4819-HJPIW,Month-to-month,DSL,25.15,0,No,6.0
8654-DHAOW,Month-to-month,DSL,54.15,0,No,9.0
5438-QMDDL,Month-to-month,DSL,59.8,0,No,6.0
9812-GHVRI,Month-to-month,Fiber optic,83.85,0,No,12.0
5553-AOINX,One year,Fiber optic,104.9,0,No,5.0
1228-ZLNBX,Month-to-month,Fiber optic,75.3,0,No,8.0
4226-KKDON,Month-to-month,DSL,66.65,0,No,8.0
3831-YCPUO,Two year,Fiber optic,109.5,0,No,1.0
7445-WMRBW,One year,DSL,73.85,0,No,0.0
3308-DGHKL,Two year,No,19.3,0,No,2.0
9924-JPRMC,Two year,Fiber optic,118.2,1,No,6.0
0080-EMYVY,One year,DSL,51.45,0,No,12.0
6218-KNUBD,Month-to-month,DSL,59.45,0,No,7.0
7337-CINUD,Two year,No,19.5,0,No,0.0
7609-NRNCA,One year,No,19.55,0,No,0.0
0623-EJQEG,One year,Fiber optic,93.55,0,No,7.0
7153-CHRBV,One year,DSL,59.3,0,No,0.0
0871-URUWO,Month-to-month,Fiber optic,102.25,2,Yes,97.0
9190-MFJLN,Month-to-month,Fiber optic,95.9,1,Yes,95.0
6198-PNNSZ,One year,Fiber optic,109.8,0,No,1.0
3317-VLGQT,Month-to-month,Fiber optic,78.1,0,No,42.0
4132-POCZS,Month-to-month,DSL,39.9,3,No,20.0
5614-DNZCE,Two year,DSL,64.9,0,No,0.0
1095-JUDTC,Month-to-month,Fiber optic,95.05,4,Yes,79.0
3896-RCYYE,Month-to-month,DSL,53.4,3,No,17.0
9638-JIQYA,Month-to-month,DSL,24.9,0,No,72.0
3258-SANFR,Month-to-month,DSL,44.7,0,No,16.0
3726-TBHQT,Two year,Fiber optic,114.0,0,No,0.0
3190-ITQXP,Two year,No,20.25,0,No,0.0
0870-VEMYL,Month-to-month,DSL,53.85,0,Yes,23.0
4833-QTJNO,Month-to-month,Fiber optic,83.85,0,No,3.0
3039-MJSLN,Month-to-month,No,20.2,0,No,3.0
0178-CIIKR,Month-to-month,No,19.95,0,No,2.0
5385-SUIRI,Month-to-month,Fiber optic,104.2,5,Yes,89.0
3982-XWFZQ,Month-to-month,DSL,50.25,0,Yes,62.0
5774-QPLTF,One year,No,20.35,0,No,5.0
2322-VCZHZ,Month-to-month,Fiber optic,90.0,0,No,5.0
5010-IPEAQ,Two year,DSL,54.2,0,No,1.0
4009-ALQFH,Month-to-month,Fiber optic,99.5,2,Yes,100.0
6383-ZTSIW,One year,Fiber optic,99.1,1,No,17.0
8990-YOZLV,Two year,DSL,66.9,0,No,1.0
3069-SSVSN,One year,DSL,25.85,0,No,10.0
5222-IMUKT,Month-to-month,Fiber optic,91.05,0,No,5.0
3627-FCRDW,Month-to-month,Fiber optic,71.0,0,Yes,26.0
7562-GSUHK,Month-to-month,Fiber optic,93.2,1,Yes,84.0
6685-XSHHU,Two year,No,20.95,0,No,0.0
8901-UPRHR,Two year,Fiber optic,109.2,0,No,1.0
4903-UYAVB,Month-to-month,No,19.35,0,Yes,69.0
0118-JPNOY,Month-to-month,Fiber optic,85.8,0,No,26.0
6776-TLWOI,Month-to-month,No,19.85,0,Yes,75.0
3845-FXCYS,Month-to-month,No,19.65,0,No,12.0
5857-XRECV,One year,No,20.5,0,No,7.0
0725-CXOTM,One year,DSL,89.65,0,No,3.0
4343-EJVQB,Month-to-month,Fiber optic,74.35,0,No,13.0
9000-PLFUZ,Two year,DSL,49.45,0,No,0.0
3427-GGZZI,Month-to-month,Fiber optic,89.1,1,No,34.0
7779-ORAEL,Two year,DSL,75.15,0,No,0.0
0644-OQMDK,Month-to-month,Fiber optic,70.65,0,No,23.0
4077-CROMM,Month-to-month,Fiber optic,104.2,3,Yes,96.0
3154-CFSZG,Month-to-month,Fiber optic,90.05,0,No,2.0
2868-MZAGQ,Month-to-month,Fiber optic,79.25,0,Yes,96.0
4847-QNOKA,Month-to-month,DSL,44.9,0,Yes,93.0
2220-IAHLS,Month-to-month,No,19.4,0,No,14.0
1658-XUHBX,Month-to-month,Fiber optic,88.75,1,No,13.0
6379-RXJRQ,Month-to-month,Fiber optic,70.1,0,Yes,91.0
2378-HTWFW,Month-to-month,Fiber optic,91.0,1,No,18.0
8650-RHRKE,Month-to-month,DSL,29.65,0,Yes,87.0
4377-VDHYI,One year,Fiber optic,90.8,0,No,0.0
0475-RIJEP,Month-to-month,Fiber optic,77.85,0,Yes,76.0
1260-TTRXI,Month-to-month,DSL,54.3,0,Yes,34.0
3719-TDVQB,Two year,No,18.95,0,No,3.0
6328-ZPBGN,Month-to-month,Fiber optic,95.15,1,Yes,97.0
0201-MIBOL,Two year,Fiber optic,102.4,3,No,32.0
4937-QPZPO,One year,Fiber optic,99.9,0,No,0.0
2925-VDZHY,Two year,DSL,88.7,0,No,0.0
6981-TDRFT,One year,DSL,54.3,0,No,0.0
3413-CSSTH,Month-to-month,DSL,55.7,0,No,4.0
8033-VCZGH,One year,Fiber optic,103.95,0,No,2.0
4789-KWMXN,One year,Fiber optic,110.85,5,Yes,68.0
0224-NIJLP,Two year,No,20.15,0,No,0.0
7542-CYDDM,Month-to-month,No,20.05,0,No,5.0
4718-WXBGI,Two year,DSL,91.95,0,No,0.0
2867-UIMSS,Month-to-month,Fiber optic,80.5,0,Yes,96.0
8495-PRWFH,Month-to-month,DSL,55.65,0,No,14.0
0439-IFYUN,Month-to-month,Fiber optic,74.7,0,No,19.0
5716-LIBJC,One year,Fiber optic,104.15,0,No,15.0
2868-LLSKM,One year,Fiber optic,83.65,0,No,2.0
8111-RKSPX,Month-to-month,Fiber optic,72.2,0,Yes,88.0
2988-QRAJY,Two year,Fiber optic,110.05,0,No,0.0
1585-MQSSU,Month-to-month,DSL,51.5,0,Yes,68.0
0071-NDAFP,Two year,No,25.5,0,No,1.0
2856-NNASM,Month-to-month,Fiber optic,89.55,4,Yes,93.0
7328-ZJAJO,Two year,No,19.5,0,No,0.0
6458-CYIDZ,Month-to-month,Fiber optic,80.7,0,No,12.0
8559-CIZFV,One year,DSL,77.5,4,Yes,84.0
1090-PYKCI,One year,Fiber optic,105.1,0,No,0.0
3058-WQDRE,Month-to-month,DSL,25.15,0,No,10.0
7547-EKNFS,Month-to-month,Fiber optic,95.25,6,Yes,98.0
2279-AXJJK,Month-to-month,Fiber optic,95.65,3,No,26.0
6769-DYBQN,Month-to-month,Fiber optic,85.0,4,Yes,90.0
0909-SELIE,Two year,DSL,80.8,0,No,0.0
3417-TSCIC,One year,DSL,24.85,0,No,2.0
1042-HFUCW,One year,DSL,54.75,0,No,5.0
4439-JMPMT,Month-to-month,Fiber optic,85.75,0,Yes,78.0
6537-OTKMY,One year,DSL,50.75,0,No,9.0
8999-EXMNO,Two year,No,20.15,0,No,2.0
6725-TPKJO,Two year,No,20.05,0,No,0.0
2446-BEGGB,Month-to-month,Fiber optic,98.25,0,Yes,92.0
7162-WPHPM,Two year,DSL,71.6,0,No,0.0
1599-MMYRQ,One year,Fiber optic,81.45,0,No,1.0
8821-KVZKQ,One year,DSL,58.4,0,No,0.0
1496-GGSUK,Month-to-month,DSL,25.7,0,Yes,89.0
6434-TTGJP,Two year,DSL,53.7,0,No,1.0
0042-JVWOJ,One year,No,19.6,0,No,0.0
0130-SXOUN,Month-to-month,Fiber optic,89.4,0,No,3.0
2575-GFSOE,Month-to-month,Fiber optic,69.0,0,Yes,80.0
2330-PQGDQ,One year,Fiber optic,84.2,0,No,4.0
1452-UZOSF,Two year,Fiber optic,106.1,0,No,0.0
2097-YVPKN,Two year,No,25.75,6,No,12.0
2842-JTCCU,Month-to-month,DSL,46.05,0,Yes,81.0
8597-CTXVJ,One year,DSL,64.95,0,No,0.0
6631-HMANX,Two year,DSL,85.45,0,No,1.0
9962-BFPDU,Month-to-month,No,20.05,0,No,65.0
3296-SILRA,Month-to-month,Fiber optic,76.4,0,Yes,90.0
9681-OXGVC,Month-to-month,Fiber optic,100.5,0,Yes,99.0
6394-HHHZM,Month-to-month,No,20.7,0,No,5.0
5995-LFTLE,Two year,No,25.3,0,No,2.0
5180-UCIIQ,Month-to-month,DSL,40.05,1,Yes,91.0
1932-UEDCX,Month-to-month,Fiber optic,100.6,0,No,3.0
7153-OANIO,Month-to-month,Fiber optic,69.95,0,Yes,95.37
5188-HGMLP,Month-to-month,Fiber optic,74.0,0,No,7.0
0665-XHDJU,Two year,Fiber optic,99.4,0,No,0.0
6521-YYTYI,Month-to-month,Fiber optic,93.3,0,Yes,96.0
8878-HMWBV,Month-to-month,DSL,49.15,0,Yes,96.0
8265-HKSOW,Two year,Fiber optic,107.45,0,No,0.0
3544-FBCAS,Two year,DSL,83.6,0,No,0.0
5331-RGMTT,Month-to-month,Fiber optic,99.05,0,No,1.0
4759-PXTAN,One year,DSL,80.1,2,No,9.0
7054-DMVAS,Two year,DSL,65.3,0,No,0.0
3428-MMGUB,Two year,Fiber optic,89.55,3,No,16.0
6549-BTYPG,Two year,DSL,60.8,0,No,0.0
7823-JSOAG,Month-to-month,Fiber optic,74.5,0,No,33.0
3705-RHRFR,Two year,Fiber optic,99.15,0,No,0.0
9374-YOLBJ,Month-to-month,No,19.25,0,No,23.0
9074-KGVOX,Month-to-month,DSL,39.45,0,No,2.0
6128-DAFVY,Month-to-month,DSL,44.85,0,No,8.0
9933-QRGTX,Two year,Fiber optic,97.2,0,No,4.0
4476-OSWTN,One year,Fiber optic,110.55,0,No,4.0
3751-KTZEL,Month-to-month,DSL,35.05,0,Yes,86.0
1977-STDKI,Month-to-month,Fiber optic,73.0,0,Yes,59.0
5066-GFJMM,Month-to-month,No,19.9,0,No,11.0
2661-GKBTK,Two year,DSL,76.95,0,No,0.0
0458-HEUZG,Two year,DSL,35.4,0,No,4.0
7268-WNTCP,Two year,No,20.45,0,No,0.0
0824-VWDPO,One year,Fiber optic,96.75,0,No,0.0
8409-WQJUX,One year,DSL,54.2,0,No,2.0
2578-JQPHZ,Two year,Fiber optic,100.1,0,No,2.0
3278-FSIXX,Month-to-month,DSL,45.25,0,No,18.0
5813-UECBU,Month-to-month,Fiber optic,83.85,2,Yes,72.0
0328-GRPMV,Month-to-month,Fiber optic,70.1,0,Yes,76.67
9746-UGFAC,One year,No,20.85,0,No,4.0
2946-KIQSP,Month-to-month,DSL,33.45,0,No,3.0
0625-AFOHS,Two year,No,20.2,0,No,0.0
6726-WEXXK,One year,Fiber optic,85.9,0,No,4.0
4636-OLWOE,One year,DSL,61.0,0,No,2.0
4342-HENTK,Month-to-month,Fiber optic,70.65,0,Yes,79.0
4685-ERGHK,One year,Fiber optic,86.9,0,No,8.0
0885-HMGPY,Two year,DSL,69.4,0,No,0.0
5003-OKNNK,One year,No,20.35,0,No,1.0
4195-SMMNX,Month-to-month,No,20.35,0,Yes,6.0
7208-PSIHR,Two year,Fiber optic,104.3,0,No,1.0
4012-ZTHBR,Month-to-month,DSL,44.95,0,No,14.0
0489-WMEMG,One year,DSL,49.45,0,No,12.0
7435-ZNUYY,One year,No,20.6,0,No,0.0
1354-YZFNB,Two year,No,19.55,0,No,0.0
6956-SMUCM,Month-to-month,Fiber optic,99.0,0,Yes,62.0
2985-FMWYF,Month-to-month,Fiber optic,93.5,0,No,6.0
2812-ENYMO,One year,DSL,54.55,0,No,1.0
2717-HVIZY,Month-to-month,No,20.05,0,No,1.0
3223-WZWJM,Month-to-month,Fiber optic,83.95,0,Yes,76.0
3422-GALYP,Month-to-month,Fiber optic,79.45,0,No,27.0
9053-JZFKV,Two year,Fiber optic,116.2,6,Yes,88.0
2530-ENDWQ,Two year,Fiber optic,93.7,7,Yes,84.0
2890-WFBHU,One year,DSL,79.85,0,No,1.0
0327-WFZSY,One year,Fiber optic,100.0,0,No,2.0
7977-HXJKU,Two year,No,19.6,0,No,0.0
6615-ZGEDR,Month-to-month,No,19.7,0,Yes,75.17
7033-CLAMM,Two year,No,20.2,0,No,0.0
4023-RTIQM,One year,DSL,50.4,0,No,2.0
0864-FVJNJ,One year,Fiber optic,113.35,0,No,4.0
7356-IWLFW,Month-to-month,Fiber optic,80.0,0,No,15.0
9541-PWTWO,Two year,DSL,80.95,0,No,1.0
3967-VQOGC,Two year,No,24.9,0,No,0.0
7872-RDDLZ,Month-to-month,DSL,54.9,0,No,7.0
9250-WYPLL,Month-to-month,Fiber optic,75.55,0,Yes,90.0
6308-CQRBU,Two year,Fiber optic,109.25,0,No,1.0
2754-XBHTB,Month-to-month,Fiber optic,77.65,0,Yes,80.0
1597-LHYNC,Month-to-month,Fiber optic,95.0,2,Yes,92.0
0186-CAERR,One year,Fiber optic,116.3,0,No,2.0
3043-SUDUA,Month-to-month,No,19.9,1,No,0.0
5442-BHQNG,Month-to-month,Fiber optic,70.35,0,No,83.0
2169-RRLFW,Two year,No,25.6,0,No,0.0
5872-OEQNH,One year,DSL,44.45,0,No,0.0
3162-KKZXO,One year,Fiber optic,100.15,0,No,10.0
7055-VKGDA,One year,Fiber optic,105.4,6,Yes,94.0
0754-UKWQP,Month-to-month,Fiber optic,95.85,0,Yes,91.0
8873-GLDMH,Month-to-month,Fiber optic,73.85,0,No,18.0
5696-JVVQY,Two year,DSL,70.1,0,No,0.0
8946-BFWSG,Two year,No,25.25,4,No,0.0
7493-TPUWZ,Month-to-month,Fiber optic,79.15,0,Yes,85.0
0547-HURJB,Month-to-month,No,21.05,0,No,0.0
8904-OPDCK,Month-to-month,DSL,24.95,0,No,10.0
8845-LWKGE,One year,DSL,64.5,0,No,2.0
1577-HKTFG,Month-to-month,No,19.65,0,Yes,67.0
8752-STIVR,Month-to-month,Fiber optic,79.0,0,Yes,97.0
0691-NIKRI,One year,Fiber optic,105.95,2,No,18.0
5022-JNQEQ,Month-to-month,Fiber optic,75.85,0,No,18.0
4558-FANTW,Month-to-month,Fiber optic,91.85,1,Yes,85.0
3249-VHRIP,Two year,DSL,43.6,0,No,1.0
3736-BLEPA,One year,Fiber optic,91.25,0,No,2.0
4701-LKOZD,Two year,DSL,89.75,0,No,0.0
6603-QWSPR,Two year,Fiber optic,104.4,0,No,1.0
9921-QFQUL,Month-to-month,Fiber optic,90.15,0,No,7.0
1929-ZCBHE,One year,DSL,40.3,0,No,0.0
4378-MYPGO,Two year,Fiber optic,105.25,0,No,0.0
8651-ENBZX,One year,Fiber optic,106.0,7,Yes,93.0
4129-LYCOI,Two year,Fiber optic,104.0,0,No,1.0
7798-JVXYM,Month-to-month,DSL,69.65,0,No,10.0
8647-SDTWQ,Month-to-month,Fiber optic,74.3,0,No,18.0
2696-ECXKC,One year,Fiber optic,100.9,0,No,1.0
2081-KJSQF,Month-to-month,No,20.25,0,No,21.08
7623-TRNQN,Month-to-month,DSL,49.9,0,Yes,78.0
3323-CPBWR,Month-to-month,Fiber optic,96.9,0,No,15.0
9330-IJWIO,Month-to-month,Fiber optic,100.35,1,Yes,99.0
3384-CTMSF,Month-to-month,Fiber optic,104.1,3,No,37.0
0902-RFHOF,One year,No,20.1,0,No,0.0
9286-DOJGF,Month-to-month,Fiber optic,74.95,0,Yes,43.0
6048-QBXKL,Month-to-month,DSL,56.55,0,No,21.0
9661-MHUMO,Month-to-month,DSL,49.25,0,Yes,85.0
7718-RXDGG,Month-to-month,Fiber optic,68.6,0,No,15.0
1025-FALIX,Month-to-month,Fiber optic,69.05,0,No,13.0
3451-VAWLI,Two year,No,19.7,0,No,0.0
3407-QGWLG,Month-to-month,No,20.05,0,No,16.0
1842-EZJMK,Month-to-month,Fiber optic,103.7,3,Yes,82.0
2347-WKKAE,Month-to-month,Fiber optic,94.4,0,No,4.0
8735-DCXNF,Month-to-month,DSL,54.95,0,No,11.0
3214-IYUUQ,One year,Fiber optic,93.7,0,No,2.0
1936-UAFEH,Two year,Fiber optic,110.25,0,No,1.0
3587-PMCOY,One year,Fiber optic,98.9,0,No,9.0
8079-XRJRS,One year,Fiber optic,89.75,6,Yes,78.0
1027-LKKQQ,Two year,DSL,80.45,0,No,0.0
7148-XZPHA,Month-to-month,Fiber optic,79.4,0,No,14.0
8073-IJDCM,Month-to-month,No,20.3,0,Yes,75.07
5309-TAIKL,Month-to-month,DSL,62.8,0,No,11.0
6856-RAURS,Month-to-month,Fiber optic,74.9,0,No,18.0
8778-LMWTJ,Month-to-month,Fiber optic,74.85,0,No,20.0
9717-IOAAF,Two year,No,25.85,0,No,6.0
8884-ADFVN,Month-to-month,Fiber optic,101.95,1,Yes,100.0
2845-KDHVX,Two year,DSL,68.3,0,No,0.0
0848-SOMKO,Two year,DSL,48.4,0,No,0.0
2720-WGKHP,Month-to-month,Fiber optic,94.0,2,Yes,100.0
6734-FQAJX,Two year,Fiber optic,105.05,0,No,1.0
2869-ADAWR,Month-to-month,Fiber optic,89.3,4,Yes,90.0
1535-VTJOQ,Two year,No,25.15,0,No,6.0
6368-TZZDT,Two year,No,19.5,0,No,0.0
0943-ZQPXH,Month-to-month,Fiber optic,92.95,0,No,1.0
1293-BSEUN,Two year,No,20.7,0,No,0.0
9894-EZEWG,Month-to-month,Fiber optic,74.3,0,Yes,94.0
1302-TPUBN,Two year,No,19.35,0,No,5.0
7851-FLGGQ,Month-to-month,DSL,44.65,0,Yes,82.0
0637-UBJRP,Month-to-month,Fiber optic,84.05,2,Yes,93.0
0940-OUQEC,Month-to-month,Fiber optic,80.7,0,Yes,89.0
2378-VTKDH,Month-to-month,Fiber optic,104.35,0,No,1.0
0927-CNGRH,Month-to-month,No,19.55,0,No,27.0
8608-OZTLB,One year,DSL,74.05,0,No,3.0
2335-GSODA,Two year,DSL,40.1,0,No,0.0
1952-DVVSW,One year,No,20.1,0,No,0.0
0702-PGIBZ,Month-to-month,Fiber optic,101.7,0,Yes,88.0
6656-GULJQ,Two year,DSL,83.55,0,No,0.0
9853-JFZDU,Month-to-month,DSL,56.85,2,No,17.0
1963-VAUKV,Month-to-month,No,20.4,0,Yes,17.5
3777-XROBG,Two year,No,19.55,0,No,0.0
6994-FGRHH,One year,Fiber optic,106.15,0,No,2.0
4000-VGMQP,One year,DSL,78.95,0,No,0.0
3999-WRNGR,Month-to-month,DSL,49.75,0,No,2.0
3466-RITXD,Month-to-month,Fiber optic,92.4,0,No,14.0
2680-XKKNJ,One year,DSL,58.2,0,No,4.0
3058-HJCUY,One year,Fiber optic,102.6,4,Yes,93.0
2974-GGUXS,Month-to-month,Fiber optic,91.95,0,No,5.0
7994-XIRTR,One year,DSL,65.25,0,No,0.0
3259-FDWOY,Two year,Fiber optic,106.0,7,Yes,87.0
2101-RANCD,Month-to-month,Fiber optic,73.1,0,No,16.0
7921-BEPCI,Two year,DSL,59.75,0,No,0.0
0807-ZABDG,Month-to-month,DSL,55.1,0,Yes,70.0
8510-TMWYB,Two year,DSL,59.8,0,No,0.0
3258-ZKPAI,Two year,Fiber optic,116.6,0,No,0.0
1428-IEDPR,Two year,Fiber optic,109.3,0,No,4.0
5298-GSTLM,One year,Fiber optic,101.4,5,No,35.0
4450-YOOHP,Month-to-month,DSL,50.65,0,No,3.0
6728-CZFEI,One year,DSL,56.15,0,No,8.0
5748-RNCJT,Two year,Fiber optic,106.5,8,Yes,91.0
3653-NCRDJ,One year,No,19.2,0,No,0.0
6121-TNHBO,One year,DSL,83.0,0,No,1.0
5119-NZPTV,Month-to-month,Fiber optic,70.1,0,No,64.0
6519-ZHPXP,Two year,Fiber optic,108.3,0,No,0.0
7739-LAXOG,Month-to-month,Fiber optic,91.05,3,Yes,83.0
3472-QPRCH,Two year,No,25.25,0,No,0.0
8224-UAXBZ,One year,DSL,45.35,0,No,0.0
9610-WCESF,Two year,DSL,43.9,0,No,0.0
9776-CLUJA,Month-to-month,Fiber optic,77.5,0,Yes,72.0
2486-WYVVE,One year,DSL,79.3,0,No,0.0
3865-ZYKAD,Month-to-month,Fiber optic,84.9,0,No,2.0
1422-DGUBX,One year,Fiber optic,79.25,2,No,18.0
2999-AANRQ,Two year,DSL,71.05,0,No,3.0
8668-KNZTI,One year,DSL,53.75,0,No,2.0
0480-KYJVA,Two year,No,24.25,0,No,0.0
6034-ZRYCV,Two year,DSL,54.2,7,Yes,87.0
9746-YKGXB,One year,DSL,44.25,0,No,0.0
3926-YZVVX,One year,DSL,50.05,0,No,1.0
6000-UKLWI,Two year,No,20.15,0,No,0.0
2079-FBMZK,Month-to-month,Fiber optic,69.25,0,Yes,71.0
6332-FBZRI,One year,DSL,69.35,0,No,0.0
2096-XOTMO,Month-to-month,No,19.35,0,No,5.0
3266-FTKHB,Two year,No,19.15,0,No,2.0
8221-EQDGL,Month-to-month,DSL,61.0,0,No,1.0
2346-LOCWC,Two year,No,20.5,0,No,0.0
6608-QQLVK,Month-to-month,DSL,50.5,0,Yes,95.0
0298-XACET,Two year,DSL,50.2,2,No,7.0
7560-QJAVJ,Two year,DSL,79.6,0,No,0.0
2995-YWTCD,Two year,No,24.9,0,No,2.0
3551-HUAZH,Month-to-month,Fiber optic,74.4,0,Yes,96.0
9137-UIYPG,Month-to-month,Fiber optic,106.9,0,No,0.0
2809-ZMYOQ,Month-to-month,Fiber optic,101.35,0,No,1.0
5084-OOVCJ,Month-to-month,DSL,55.35,0,No,7.0
0254-WWRKD,One year,DSL,50.55,0,No,1.0
7727-SHVZV,Month-to-month,No,19.5,0,No,13.0
6302-JGYRJ,One year,DSL,79.45,4,Yes,86.0
5339-PXDVH,Month-to-month,Fiber optic,90.65,0,No,19.0
2205-LPVGL,One year,Fiber optic,89.85,0,No,0.0
8782-NUUOL,One year,DSL,79.0,0,No,1.0
3685-YLCMQ,One year,Fiber optic,104.65,5,Yes,97.0
7601-WFVZV,Month-to-month,No,19.55,0,No,17.0
4609-KNNWG,Two year,No,19.9,0,No,0.0
4868-AADLV,One year,Fiber optic,116.25,0,No,1.0
9529-OFXHY,Month-to-month,Fiber optic,87.75,0,No,10.0
8634-MPHTR,Month-to-month,Fiber optic,100.05,2,Yes,93.0
2669-QVCRG,Month-to-month,Fiber optic,81.3,0,No,6.0
2478-EEWWM,Month-to-month,DSL,44.3,2,No,18.0
9174-IHETN,Two year,Fiber optic,70.35,0,No,7.0
2233-TXSIU,One year,DSL,44.45,0,No,0.0
9644-UMGQA,Month-to-month,DSL,49.15,0,No,12.0
3256-EZDBI,Month-to-month,DSL,29.45,0,No,18.0
8761-NSOBC,Month-to-month,Fiber optic,100.55,3,Yes,88.0
0419-YAAPX,Month-to-month,Fiber optic,85.3,0,No,10.0
8413-VONUO,Month-to-month,Fiber optic,95.65,0,Yes,48.0
0872-CASZJ,One year,DSL,69.1,0,No,0.0
4726-DLWQN,Month-to-month,DSL,70.35,0,No,3.0
8164-OCKUJ,Two year,No,20.6,4,No,1.0
3094-JOJAI,Month-to-month,Fiber optic,74.15,0,No,7.0
9494-MRNYX,Month-to-month,Fiber optic,75.05,0,No,15.0
2599-CZABP,One year,DSL,44.6,0,No,6.0
7945-PRBVF,Two year,No,21.45,0,No,1.0
4544-RXFMG,One year,DSL,43.45,0,No,5.0
0859-YGKFW,One year,No,20.05,0,No,3.0
1150-FTQGN,One year,Fiber optic,94.15,0,No,0.0
9223-UCPVT,Month-to-month,Fiber optic,94.4,0,Yes,94.0
7196-LIWRH,Two year,No,19.55,0,No,2.0
5448-VWNAM,Month-to-month,DSL,75.9,0,No,4.0
1177-XZBJL,One year,DSL,64.15,0,No,0.0
3518-FSTWG,Two year,Fiber optic,109.55,0,No,0.0
9330-VOFSZ,Two year,Fiber optic,110.8,0,No,1.0
4351-QLCSU,Month-to-month,DSL,55.0,0,Yes,79.0
0939-EREMR,Month-to-month,DSL,53.45,0,No,9.0
9389-ACWBI,Month-to-month,Fiber optic,69.95,0,No,17.0
5419-JPRRN,Month-to-month,Fiber optic,101.45,1,Yes,100.0
3644-QXEHN,Month-to-month,Fiber optic,97.0,0,No,7.0
2911-IJORQ,One year,DSL,90.6,0,No,1.0
5921-NGYRH,Month-to-month,Fiber optic,73.55,0,No,24.0
2100-BDNSN,Month-to-month,DSL,67.95,0,Yes,24.0
5998-DZLYR,Two year,Fiber optic,94.35,0,No,1.0
0488-GSLFR,Month-to-month,Fiber optic,69.5,0,Yes,100.0
9318-NKNFC,Month-to-month,No,18.85,0,Yes,86.0
3985-HOYPM,One year,No,19.4,0,No,0.0
9728-FTTVZ,Month-to-month,Fiber optic,69.2,0,Yes,99.0
9548-LERKT,Two year,No,19.75,0,No,0.0
6576-FBXOJ,One year,DSL,54.6,0,No,9.0
4310-KEDTB,Month-to-month,DSL,29.8,0,No,5.0
7254-IQWOZ,Month-to-month,Fiber optic,69.65,0,Yes,99.0
2474-BRUCM,Month-to-month,Fiber optic,101.85,2,Yes,82.0
4062-HBMOS,Month-to-month,Fiber optic,103.05,0,No,4.0
0742-NXBGR,Month-to-month,Fiber optic,82.3,0,Yes,84.0
2676-ISHSF,Month-to-month,No,20.3,0,No,7.12
9236-NDUCW,Two year,DSL,35.1,0,No,0.0
4753-PADAS,One year,Fiber optic,105.7,0,No,0.0
6103-QCKFX,Month-to-month,DSL,56.25,0,No,1.0
7781-EWARA,One year,DSL,60.35,0,No,0.0
6110-OHIHY,Month-to-month,Fiber optic,79.25,0,Yes,93.0
7018-FPXHH,Two year,DSL,59.8,0,No,3.0
5889-LFOLL,Month-to-month,Fiber optic,84.6,0,Yes,84.0
5708-EVONK,Month-to-month,Fiber optic,93.4,5,Yes,86.0
8708-XPXHZ,Month-to-month,Fiber optic,94.2,5,Yes,92.0
0616-ATFGB,Month-to-month,DSL,25.05,0,Yes,91.0
0572-ZJKLT,Two year,Fiber optic,99.65,0,No,1.0
5135-RDDQL,Two year,DSL,50.65,0,No,0.0
1353-LJWEM,Month-to-month,DSL,60.9,0,No,13.0
1794-SWWKL,Month-to-month,DSL,59.65,0,No,6.0
6166-YIPFO,Two year,DSL,64.7,0,No,0.0
7016-BPGEU,Month-to-month,DSL,25.1,0,Yes,74.0
6876-ADESB,Month-to-month,DSL,48.95,0,Yes,87.0
9332-GYWLO,Month-to-month,DSL,54.85,0,No,25.0
1963-SVUCV,Month-to-month,DSL,45.3,0,Yes,99.0
4184-VODJZ,One year,Fiber optic,91.35,0,No,1.0
0220-EBGCE,Month-to-month,Fiber optic,85.85,0,Yes,79.0
1092-WPIVQ,Two year,No,25.1,0,No,0.0
7233-IOQNP,Month-to-month,DSL,34.0,0,No,15.0
2834-JKOOW,One year,DSL,45.9,0,No,1.0
2754-VDLTR,Month-to-month,Fiber optic,95.2,0,Yes,85.0
2400-FEQME,Two year,No,20.5,0,No,0.0
3190-XFANI,One year,Fiber optic,100.6,5,Yes,92.0
7551-DACSP,Month-to-month,DSL,55.3,0,Yes,48.0
4957-SREEC,Two year,No,20.35,2,No,0.0
7235-NXZCP,Month-to-month,Fiber optic,74.85,0,Yes,55.0
0230-UBYPQ,One year,DSL,36.1,0,No,4.0
4923-ADWXJ,Month-to-month,DSL,65.8,0,No,3.0
1763-KUAAW,One year,No,20.35,0,No,2.0
1104-TNLZA,Month-to-month,Fiber optic,105.8,0,No,1.0
5195-KPUNQ,One year,Fiber optic,96.75,0,No,4.0
0520-FDVVT,One year,Fiber optic,102.35,4,Yes,91.0
3439-GVUSX,Month-to-month,DSL,24.4,0,No,15.0
1444-VVSGW,One year,Fiber optic,115.65,7,Yes,90.0
5712-PTIWW,Month-to-month,Fiber optic,79.85,0,Yes,90.0
5949-HGVJL,Month-to-month,DSL,73.05,0,No,4.0
5203-XEHAX,One year,DSL,64.35,0,No,1.0
1635-HDGFT,Two year,No,20.5,0,No,1.0
3315-TOTBP,Month-to-month,Fiber optic,76.0,0,Yes,40.0
8050-XGRVL,One year,DSL,54.75,0,No,1.0
6661-HBGWL,Month-to-month,Fiber optic,104.75,4,Yes,99.0
1518-VOWAV,Month-to-month,DSL,74.65,0,Yes,63.0
9828-QHFBK,Month-to-month,DSL,51.15,0,No,13.0
3908-MKIMJ,Two year,DSL,41.95,0,No,1.0
5012-YSPJJ,Month-to-month,DSL,54.35,0,No,3.0
5909-ECHUI,Month-to-month,DSL,56.25,0,Yes,71.0
1309-BXVOQ,Month-to-month,Fiber optic,106.1,2,Yes,96.0
6728-VOIFY,One year,Fiber optic,96.0,0,No,1.0
9317-WZPGV,Month-to-month,Fiber optic,79.75,0,Yes,91.0
4891-NLUBA,Two year,DSL,61.45,5,No,6.0
2856-HYAPG,Month-to-month,Fiber optic,68.65,0,Yes,97.0
8969-PRHFK,One year,No,19.65,0,No,0.0
0661-KQHNK,One year,No,19.0,0,No,2.0
8709-KRDVL,Month-to-month,Fiber optic,100.0,0,No,2.0
4488-PSYCG,Month-to-month,No,20.25,0,Yes,64.0
1427-VERSM,Month-to-month,Fiber optic,98.7,0,No,4.0
9801-NOSHQ,One year,No,19.8,0,No,1.0
6339-YPSAH,Month-to-month,Fiber optic,73.8,0,No,48.0
3621-CEOVK,Month-to-month,Fiber optic,100.2,1,Yes,97.0
6906-ANDWJ,Month-to-month,Fiber optic,74.9,0,Yes,84.0
2159-TURXX,Month-to-month,No,20.05,0,No,12.0
1548-FEHVL,Month-to-month,Fiber optic,106.2,0,No,2.0
3795-CAWEX,Two year,Fiber optic,116.55,0,No,0.0
6215-NQCPY,Month-to-month,Fiber optic,99.7,0,No,15.0
5647-URDKA,Two year,No,19.7,0,No,4.0
2229-DPMBI,Two year,No,19.5,0,No,0.0
9626-WEQRM,Month-to-month,DSL,29.15,0,No,10.0
2188-SXWVT,One year,DSL,55.0,0,No,0.0
6258-PVZWJ,Two year,DSL,90.8,0,No,0.0
1094-BKOSX,One year,DSL,51.0,2,No,15.0
6969-MVBAI,Month-to-month,Fiber optic,90.1,0,No,29.0
2978-XXSOG,Month-to-month,DSL,59.05,0,No,5.0
2342-CKIAO,Month-to-month,No,20.3,0,No,7.25
6953-PBDIN,Two year,DSL,72.95,3,No,7.0
3898-BSJYF,One year,DSL,73.55,0,No,11.0
3938-YFPXD,Two year,DSL,84.3,0,No,0.0
7696-AMHOD,One year,DSL,78.0,0,No,1.0
2453-SAFNS,One year,DSL,72.1,0,No,3.0
9558-IHEZX,Two year,Fiber optic,106.75,0,No,0.0
9617-UDPEU,One year,No,19.25,0,No,1.0
6340-DACFT,Two year,No,20.55,0,No,0.0
4955-VCWBI,One year,No,20.0,0,No,0.0
6813-GZQCG,Two year,No,24.65,0,No,0.0
7426-GSWPO,Month-to-month,Fiber optic,103.5,0,No,1.0
3389-KTRXV,Two year,No,23.85,0,No,5.0
3118-UHVVQ,Two year,No,25.8,0,No,0.0
1031-IIDEO,Month-to-month,Fiber optic,70.85,0,Yes,94.0
5832-XKAES,Month-to-month,Fiber optic,69.8,0,Yes,78.0
3205-MXZRA,One year,DSL,59.45,0,No,4.0
4701-AHWMW,Month-to-month,DSL,54.55,6,Yes,78.0
8317-BVKSO,Month-to-month,No,20.05,0,No,2.0
5702-KVQRD,Two year,DSL,82.55,0,No,0.0
0083-PIVIK,One year,DSL,81.25,0,No,1.0
9210-IAHGH,Month-to-month,DSL,70.75,0,Yes,74.0
6169-PGNCD,Two year,DSL,74.3,0,No,0.0
0023-XUOPT,Month-to-month,Fiber optic,94.1,1,Yes,94.0
4592-IWTJI,Month-to-month,DSL,29.7,0,Yes,76.0
4909-JOUPP,Two year,Fiber optic,109.7,0,No,1.0
4657-FWVFY,Month-to-month,Fiber optic,96.35,0,No,4.0
2257-BOVXD,Month-to-month,DSL,66.6,0,No,8.0
7729-JTEEC,Month-to-month,DSL,44.5,0,No,23.0
7632-MNYOY,One year,Fiber optic,110.9,6,Yes,93.0
6518-LGAOV,Month-to-month,Fiber optic,105.0,3,Yes,83.0
7242-QZLXF,Month-to-month,DSL,25.3,0,Yes,83.0
4576-CSAJH,One year,DSL,55.15,0,Yes,7.0
1000-AJSLD,Month-to-month,No,20.1,0,Yes,74.0
9696-RMYBA,Month-to-month,Fiber optic,80.1,0,No,25.0
8690-UPCZI,One year,DSL,69.05,0,No,1.0
1062-LHZOD,Month-to-month,Fiber optic,69.9,0,Yes,92.29
9770-LXDBK,Month-to-month,No,20.4,0,No,12.0
4086-WITJG,Two year,No,19.7,0,No,0.0
8344-WFMFH,Month-to-month,DSL,50.1,0,No,9.0
9600-NAXZN,Month-to-month,Fiber optic,101.4,4,Yes,99.0
8822-KNBHV,One year,DSL,83.45,0,No,0.0
8404-FYDIB,Month-to-month,Fiber optic,86.65,0,No,20.0
2791-SFVEW,Month-to-month,No,20.15,0,No,7.0
6457-USBER,Month-to-month,Fiber optic,80.8,0,Yes,91.0
6762-NSODU,Two year,No,19.4,2,No,4.0
4662-EKDPQ,Month-to-month,DSL,62.05,0,Yes,74.0
9248-OJYKK,Month-to-month,Fiber optic,76.45,0,Yes,99.0
9888-ZCUMM,Two year,DSL,60.05,0,No,1.0
3398-FSHON,Month-to-month,Fiber optic,91.3,1,Yes,100.0
3319-DWOEP,Month-to-month,Fiber optic,95.75,1,Yes,98.0
1074-WVEVG,One year,No,20.35,4,No,2.0
9979-RGMZT,One year,Fiber optic,94.05,0,No,14.0
6437-UDQJM,Two year,DSL,84.1,0,No,0.0
1226-IENZN,Month-to-month,Fiber optic,78.75,0,No,63.0
2108-GLPQB,Month-to-month,DSL,55.55,0,No,1.0
9259-PACGQ,Month-to-month,DSL,62.65,3,Yes,80.0
4415-IJZTP,Month-to-month,Fiber optic,74.5,0,Yes,89.0
1465-VINDH,Month-to-month,Fiber optic,102.1,0,Yes,31.0
5474-LAMUQ,One year,No,20.1,0,No,0.0
3468-DRVQJ,One year,DSL,70.3,0,No,1.0
1122-YJBCS,One year,DSL,53.65,0,No,1.0
4990-ALDGW,Two year,No,20.75,0,No,0.0
4816-OKWNX,One year,Fiber optic,103.4,0,No,4.0
3315-IKYZQ,One year,DSL,50.8,0,No,1.0
2810-FTLEM,Month-to-month,DSL,50.15,0,Yes,35.0
4747-LCAQL,Month-to-month,DSL,79.0,0,No,3.0
3411-WLRSQ,Month-to-month,Fiber optic,74.6,0,No,29.0
0898-XCGTF,One year,Fiber optic,96.5,4,No,30.0
8006-PYCSW,Month-to-month,No,20.1,0,No,0.0
8249-THVEC,One year,No,19.4,0,No,0.0
8722-PRFDV,Two year,DSL,77.55,0,No,4.0
2164-SOQXL,Month-to-month,No,20.05,0,No,2.0
4020-KIUDI,Month-to-month,No,19.85,0,No,8.0
5850-BDWCY,Month-to-month,No,20.2,0,No,11.0
2038-YSEZE,Month-to-month,DSL,67.45,0,No,0.0
0827-ITJPH,Two year,No,18.55,0,No,0.0
8799-OXZMD,Month-to-month,DSL,29.75,0,No,11.0
1925-TIBLE,Month-to-month,Fiber optic,86.5,0,Yes,94.0
1705-GUHPV,Two year,No,24.2,0,No,0.0
4779-ZGICK,Two year,No,23.55,0,No,0.0
0048-PIHNL,One year,No,20.45,0,No,13.0
0818-OCPZO,Month-to-month,Fiber optic,81.45,0,Yes,79.0
3967-KXAPS,Two year,DSL,92.3,0,No,0.0
1447-GIQMR,Month-to-month,Fiber optic,69.15,0,Yes,100.0
3704-IEAXF,Two year,DSL,53.65,0,No,0.0
6810-VCAEX,One year,DSL,39.65,0,No,0.0
0674-EYYZV,Month-to-month,DSL,54.65,0,No,23.0
4480-MBMLB,One year,Fiber optic,104.8,0,No,2.0
1395-OFUWC,Month-to-month,DSL,29.3,0,No,5.0
0822-QGCXA,Month-to-month,DSL,83.85,1,No,14.0
0872-NXJYS,Month-to-month,Fiber optic,79.55,0,Yes,82.0
2832-KJCRD,Month-to-month,Fiber optic,103.65,1,No,28.0
3588-WSTTJ,Month-to-month,Fiber optic,99.05,0,No,5.0
4075-WKNIU,Two year,DSL,73.35,0,No,21.0
5090-EMGTC,Two year,Fiber optic,100.05,0,No,0.0
2346-CZYIL,Two year,No,20.35,1,No,0.0
3798-EPWRR,Month-to-month,DSL,43.95,0,No,16.0
6258-NGCNG,Month-to-month,No,23.5,0,No,3.0
4186-ZBUEW,One year,DSL,70.7,0,No,8.0
5274-XHAKY,Month-to-month,Fiber optic,94.3,0,No,1.0
1442-BQPVU,Month-to-month,DSL,29.15,0,No,7.0
3978-YNKDD,Two year,No,20.85,0,No,0.0
4940-KHCWD,Two year,DSL,37.7,3,No,8.0
9412-ARGBX,Two year,Fiber optic,95.5,5,Yes,80.0
1389-CXMLU,Month-to-month,Fiber optic,91.05,0,Yes,87.0
9589-ABEPT,Two year,Fiber optic,92.45,0,No,1.0
9388-ZEYVT,One year,DSL,44.15,0,No,1.0
0305-SQECB,One year,DSL,36.05,0,No,2.0
7605-SNLQG,Month-to-month,DSL,50.25,0,No,11.0
4670-TABXH,Two year,Fiber optic,109.75,0,No,1.0
5561-NWEVX,Month-to-month,Fiber optic,79.2,0,Yes,85.0
0064-SUDOG,Two year,No,20.3,0,No,0.0
8561-NMTBD,One year,Fiber optic,112.35,0,No,0.0
5161-XEUVX,Two year,Fiber optic,94.3,0,No,5.0
8292-FRFZQ,One year,DSL,41.15,0,No,0.0
8591-NXRCV,Month-to-month,DSL,74.65,0,No,0.0
7895-VONWT,Month-to-month,DSL,48.25,0,No,5.0
4526-RMTLL,Two year,DSL,76.15,0,No,3.0
6253-GNHWH,Two year,DSL,71.1,0,No,0.0
4566-NECEV,Month-to-month,Fiber optic,96.55,0,No,15.0
8080-POTJR,One year,DSL,79.3,1,No,13.0
6906-MPARY,One year,Fiber optic,89.6,0,No,0.0
3662-FXJFO,Two year,No,20.5,0,No,3.0
8107-RZLNV,Two year,Fiber optic,106.3,0,No,2.0
0516-OOHAR,One year,Fiber optic,100.35,0,No,0.0
2027-CWDNU,Month-to-month,Fiber optic,85.6,0,No,10.0
2737-WFVYW,Month-to-month,DSL,45.25,0,Yes,92.0
9912-OMZDS,One year,Fiber optic,106.15,0,No,3.0
3733-ZEECP,Month-to-month,DSL,51.1,0,No,10.0
7878-RTCZG,Month-to-month,No,19.9,0,No,40.88
2452-MRMZF,Two year,No,25.7,0,No,0.0
2272-QAGFO,Month-to-month,Fiber optic,74.3,0,Yes,94.0
7103-IPXPJ,One year,Fiber optic,99.4,0,No,2.0
4342-HFXWS,One year,DSL,69.7,0,No,1.0
3545-CNWRG,Month-to-month,Fiber optic,98.35,0,No,4.0
1785-BPHTP,Month-to-month,Fiber optic,85.45,1,No,33.0
4989-LIXVT,Month-to-month,Fiber optic,95.9,0,No,0.0
7315-WYOAW,Month-to-month,Fiber optic,100.75,0,No,15.0
1173-XZPYF,Month-to-month,Fiber optic,89.2,0,No,19.0
9850-OWRHQ,Month-to-month,Fiber optic,74.1,0,Yes,94.0
3768-NLUBH,Month-to-month,Fiber optic,100.6,4,Yes,93.0
8676-TRMJS,Month-to-month,Fiber optic,75.0,0,Yes,76.0
2509-TFPJU,Two year,No,25.75,0,No,0.0
9530-GRMJG,Two year,DSL,84.1,0,No,0.0
6898-RBTLU,Two year,DSL,79.3,0,No,0.0
5481-NTDOH,One year,Fiber optic,107.05,0,No,3.0
2068-WWXQZ,Two year,No,20.05,0,No,0.0
7359-SSBJK,Two year,DSL,70.2,5,Yes,79.0
2061-VVFST,Month-to-month,No,19.5,0,No,5.0
0685-MLYYM,Month-to-month,Fiber optic,70.75,0,Yes,89.0
0749-IRGQE,Month-to-month,DSL,45.3,0,No,13.0
2380-DAMQP,Two year,Fiber optic,115.15,0,No,1.0
2256-YLYLP,Two year,DSL,72.95,0,No,0.0
1272-ILHFG,One year,No,19.65,0,No,0.0
0164-XAIRP,Two year,No,19.55,0,No,1.0
5666-CYCYZ,Month-to-month,Fiber optic,89.55,0,No,17.0
4011-ARPHK,Month-to-month,DSL,50.35,0,No,9.0
8182-PNAGI,Month-to-month,DSL,50.25,0,Yes,73.0
6365-HITVU,Two year,DSL,87.25,0,No,0.0
7558-IMLMT,Two year,No,20.8,3,No,0.0
9488-FYQAU,Two year,Fiber optic,109.25,0,No,1.0
3590-TCXTB,Month-to-month,No,20.35,0,No,0.5
6994-KERXL,Month-to-month,DSL,55.9,0,No,19.0
7957-RYHQD,Month-to-month,Fiber optic,79.2,5,Yes,90.0
2180-DXNEG,Month-to-month,Fiber optic,96.0,1,Yes,99.0
1960-UOTYM,Two year,DSL,79.2,0,No,0.0
2740-JFBOK,Month-to-month,No,24.0,0,No,4.0
6500-JVEGC,One year,Fiber optic,101.35,0,No,2.0
5515-AKOAJ,Month-to-month,Fiber optic,100.1,5,Yes,90.0
8976-OQHGT,Month-to-month,DSL,56.5,0,Yes,72.0
5245-VDBUR,One year,DSL,35.45,0,No,0.0
6230-BSUXY,Month-to-month,Fiber optic,85.0,0,Yes,96.0
8469-SNFFH,One year,DSL,79.4,0,No,0.0
2144-ESWKO,One year,DSL,35.2,0,No,0.0
1241-FPMOF,Two year,No,19.65,0,No,0.0
9928-BZVLZ,Two year,DSL,49.85,0,No,2.0
4114-QMKVN,One year,DSL,68.75,1,No,5.0
2775-SEFEE,Two year,DSL,61.9,0,No,5.0
9003-CPATH,Month-to-month,Fiber optic,79.9,0,No,12.0
1754-GKYPY,Month-to-month,Fiber optic,89.75,0,No,6.0
5294-CDGWY,One year,DSL,59.3,5,Yes,83.0
7956-XQWGU,Month-to-month,No,19.4,0,No,0.0
1591-MQJTP,One year,Fiber optic,93.65,0,No,2.0
5295-PCJOO,Month-to-month,DSL,49.4,0,Yes,69.0
2369-FEVNO,Month-to-month,No,19.9,0,No,4.0
9863-JZAIC,Month-to-month,DSL,55.0,0,Yes,62.0
7471-MQPOS,One year,DSL,72.9,0,No,1.0
7660-HDPJV,Month-to-month,Fiber optic,69.2,0,Yes,99.0
5115-SQAAU,Two year,No,25.6,0,No,0.0
9845-QOMAD,One year,No,19.75,0,No,0.0
7672-VFMXZ,Month-to-month,DSL,55.7,0,No,5.0
9739-JLPQJ,Two year,Fiber optic,117.5,0,No,2.0
9916-AYHTC,Two year,No,19.85,0,No,0.0
3855-ONCAR,Month-to-month,Fiber optic,78.9,0,No,20.0
1488-SYSFC,Month-to-month,No,20.65,0,No,6.0
7931-PXHFC,One year,DSL,62.3,4,Yes,88.0
3990-QYKBE,Month-to-month,Fiber optic,92.5,5,Yes,95.0
0970-QXPXW,Month-to-month,No,19.65,0,No,11.0
3259-KNMRR,Two year,DSL,79.75,0,No,0.0
6120-RJKLU,Two year,DSL,79.95,0,No,1.0
9572-WUKSB,Month-to-month,DSL,29.9,0,No,23.0
5893-KCLGT,Two year,No,19.75,0,No,1.0
0076-LVEPS,Month-to-month,DSL,45.0,0,No,13.0
3640-JQGJG,Month-to-month,DSL,44.8,0,No,5.0
4919-MOAVT,Month-to-month,Fiber optic,69.65,0,Yes,82.0
1596-OQSPS,Month-to-month,DSL,51.1,0,No,2.0
9867-XOBQA,Two year,DSL,53.15,0,No,0.0
9546-KDTRB,Month-to-month,No,24.7,0,No,7.0
3090-HAWSU,Two year,Fiber optic,111.6,5,Yes,84.0
9820-RMCQV,Month-to-month,DSL,48.55,0,Yes,73.0
3174-RKMOW,Month-to-month,Fiber optic,109.95,0,No,4.0
1760-CAZHT,Month-to-month,No,20.8,0,No,0.0
7839-QRKXN,Month-to-month,No,20.2,0,Yes,86.08
8441-SHIPE,Two year,No,25.6,0,No,0.0
5204-QZXPU,Month-to-month,DSL,39.65,2,Yes,97.0
4597-ELFTS,One year,No,24.9,0,Yes,60.0
1320-GVNHT,Two year,Fiber optic,108.4,5,No,12.0
1047-RNXZV,Two year,No,19.55,0,No,0.0
3541-ZNUHK,Month-to-month,Fiber optic,85.1,0,No,4.0
8450-JOVAH,Month-to-month,DSL,56.7,0,Yes,30.0
8725-JEDFD,Month-to-month,Fiber optic,69.05,0,No,13.0
7562-UXTPG,Month-to-month,Fiber optic,70.15,0,No,14.0
8071-SBTRN,Two year,Fiber optic,111.15,1,No,18.0
1113-IUJYX,One year,Fiber optic,105.95,1,Yes,85.0
6668-CNMFP,One year,Fiber optic,89.35,0,No,7.0
5626-MGTUK,Month-to-month,Fiber optic,89.1,0,No,1.0
5681-LLOEI,One year,Fiber optic,91.25,0,No,0.0
8212-DJRCH,Month-to-month,Fiber optic,90.35,0,No,25.0
4323-OHFOW,One year,Fiber optic,105.55,0,No,2.0
4933-BSAIP,Two year,No,19.1,0,No,0.0
2030-BTZRO,Two year,No,20.4,0,No,0.0
1116-DXXDF,Two year,Fiber optic,100.45,0,No,0.0
9274-CNFMO,Month-to-month,Fiber optic,74.95,0,Yes,56.0
7758-XKCBS,Month-to-month,DSL,29.7,0,Yes,29.0
8992-JQYUN,Month-to-month,DSL,50.35,1,Yes,96.0
6563-VNPMN,Month-to-month,Fiber optic,85.7,0,No,8.0
0617-AQNWT,Two year,DSL,47.85,5,Yes,36.0
2267-WTPYD,Month-to-month,Fiber optic,94.0,0,No,2.0
0270-THENM,Two year,DSL,69.85,0,No,0.0
2446-PLQVO,Month-to-month,Fiber optic,70.3,0,Yes,82.0
4707-MAXGU,Two year,No,25.85,0,No,0.0
2710-WYVXG,Two year,DSL,71.1,0,No,5.0
3005-NFMTA,Month-to-month,Fiber optic,98.8,4,Yes,84.0
6300-BWMJX,Month-to-month,Fiber optic,93.35,0,No,2.0
8784-CGILN,Month-to-month,Fiber optic,99.85,0,Yes,72.0
5389-FFVKB,Month-to-month,Fiber optic,80.3,0,Yes,79.0
7009-LGECI,Month-to-month,DSL,50.55,0,No,8.0
8444-WRIDW,Month-to-month,Fiber optic,80.45,0,Yes,67.0
5022-KVDQT,Month-to-month,Fiber optic,81.3,0,No,18.0
7976-CICYS,Month-to-month,No,20.7,0,No,2.0
1036-GUDCL,Month-to-month,DSL,79.05,0,No,2.0
2005-DWQZJ,Two year,No,19.05,0,No,0.0
8148-WOCMK,Two year,No,19.6,0,No,2.0
7815-PDTHL,Two year,No,20.2,0,No,0.0
9451-LPGOO,Month-to-month,Fiber optic,86.8,0,Yes,97.0
9173-IVZVP,Two year,No,20.9,0,No,0.0
9129-UXERG,Month-to-month,Fiber optic,103.6,0,No,28.0
3635-JBPSG,Two year,DSL,38.8,0,No,3.0
7964-ZRKKG,One year,Fiber optic,88.4,0,No,0.0
5868-YWPDW,Month-to-month,Fiber optic,84.2,0,Yes,87.0
6229-LSCKB,Month-to-month,Fiber optic,79.7,0,No,33.0
2025-JKFWI,Month-to-month,Fiber optic,99.0,0,Yes,72.0
4078-SAYYN,Month-to-month,Fiber optic,100.75,1,Yes,100.0
1724-IQWNM,Month-to-month,No,19.3,0,No,17.0
8217-QYOHV,Month-to-month,DSL,55.75,0,No,10.0
5546-QUERU,One year,No,19.95,0,No,0.0
9940-HPQPG,Month-to-month,Fiber optic,91.75,0,Yes,80.0
6897-UUBNU,Month-to-month,Fiber optic,89.65,0,No,9.0
6127-IYJOZ,Month-to-month,DSL,45.85,0,No,33.0
6618-RYATB,Month-to-month,Fiber optic,79.55,0,Yes,89.0
8930-XOTDP,Month-to-month,DSL,55.95,0,No,28.0
5916-QEWPT,Month-to-month,DSL,69.0,0,No,56.0
5060-TQUQN,Month-to-month,Fiber optic,83.55,0,No,32.0
0531-XBKMM,Two year,DSL,65.7,0,No,0.0
8465-SBRXP,Two year,Fiber optic,94.9,0,No,4.0
2408-PSJVE,Month-to-month,DSL,61.9,0,No,4.0
9079-YEXQJ,Month-to-month,Fiber optic,111.1,5,Yes,81.0
9700-ZCLOT,Month-to-month,No,20.0,0,No,2.0
8738-JOKAR,One year,DSL,67.7,0,No,0.0
4534-WGCIR,Two year,No,25.15,0,No,0.0
1930-WNXSB,Month-to-month,Fiber optic,92.85,0,No,1.0
2685-SREOM,Month-to-month,Fiber optic,89.1,2,Yes,96.0
3508-CFVZL,Two year,Fiber optic,111.3,0,No,2.0
0402-CQAJN,Month-to-month,Fiber optic,101.9,2,Yes,94.0
6692-UDPJC,Month-to-month,Fiber optic,91.65,0,Yes,46.0
1273-MTETI,Month-to-month,Fiber optic,88.85,0,Yes,90.0
0657-DOGUM,One year,DSL,60.6,0,No,2.0
5480-HPRRX,Month-to-month,DSL,25.3,0,Yes,88.0
8792-AOROI,Two year,DSL,65.5,0,No,2.0
0295-PPHDO,Month-to-month,Fiber optic,95.45,0,Yes,100.0
5146-YYFRZ,Two year,No,19.95,0,No,0.0
1195-OIYEJ,Month-to-month,Fiber optic,91.1,2,Yes,99.0
5906-CVLHP,One year,DSL,54.15,0,Yes,64.0
3452-SRFEG,Month-to-month,Fiber optic,74.6,0,No,5.0
4070-OKWVH,Month-to-month,Fiber optic,94.6,0,No,3.0
5297-MDOIR,One year,Fiber optic,81.15,0,No,0.0
6369-MCAKO,Two year,DSL,89.05,0,No,0.0
4926-UMJZD,Month-to-month,DSL,49.2,0,No,3.0
6848-HJTXY,Two year,No,19.45,0,No,0.0
6341-AEVKX,One year,Fiber optic,104.3,1,No,5.0
4501-EQDRN,Month-to-month,Fiber optic,69.7,0,Yes,98.0
2990-HWIML,Month-to-month,Fiber optic,89.5,0,Yes,85.0
0682-USIXD,Month-to-month,Fiber optic,86.05,0,No,13.0
6976-BWGLQ,Two year,No,25.2,0,No,0.0
7078-NVFAM,Month-to-month,DSL,35.15,0,No,6.0
8065-QBYTO,One year,Fiber optic,99.65,0,No,0.0
2133-TSRRM,Month-to-month,Fiber optic,105.35,0,No,4.0
7384-GHBPI,Month-to-month,DSL,35.15,0,Yes,86.0
7603-USHJS,Month-to-month,Fiber optic,73.75,0,Yes,85.0
7234-FECYN,Month-to-month,Fiber optic,101.35,0,Yes,96.0
2511-ALLCS,Two year,No,24.3,0,No,1.0
3191-CSNMG,Month-to-month,Fiber optic,80.7,0,No,19.0
7952-OBOYL,Month-to-month,Fiber optic,89.85,0,No,27.0
7470-DYNOE,One year,DSL,61.1,0,No,1.0
7853-OETYL,Month-to-month,DSL,29.05,0,No,12.0
1545-ACTAS,One year,Fiber optic,99.7,0,No,0.0
5876-HZVZM,Month-to-month,DSL,55.9,0,Yes,61.0
1400-MMYXY,Month-to-month,Fiber optic,105.9,1,Yes,98.0
5126-RCXYW,Two year,DSL,46.0,0,No,1.0
3085-QUOZK,Month-to-month,DSL,43.95,0,Yes,64.0
2363-BJLSL,Month-to-month,DSL,80.4,0,No,5.0
1956-YIFGE,One year,Fiber optic,100.05,0,No,0.0
3926-CUQZX,Month-to-month,DSL,45.1,0,Yes,79.0
7921-LMDFQ,One year,Fiber optic,94.0,0,No,0.0
2925-MXLSX,One year,DSL,68.95,0,No,0.0
5820-PTRYM,One year,DSL,68.45,0,No,2.0
9609-BENEA,One year,DSL,69.0,0,No,4.0
6211-WHMYA,Month-to-month,DSL,43.85,0,No,8.0
4459-BBGHE,Month-to-month,DSL,44.5,0,No,7.0
9945-PSVIP,Two year,No,18.7,0,No,4.0
1041-RXHRA,Month-to-month,Fiber optic,70.25,0,Yes,70.0
1750-CSKKM,Month-to-month,DSL,55.35,0,Yes,78.0
9108-EJFJP,Month-to-month,DSL,53.55,0,No,18.0
0530-IJVDB,Two year,Fiber optic,114.6,4,No,28.0
0508-SQWPL,Two year,No,20.1,3,No,0.0
2215-ZAFGX,Month-to-month,Fiber optic,85.5,0,No,38.0
8213-TAZPM,One year,Fiber optic,108.75,0,No,0.0
7142-HVGBG,Month-to-month,Fiber optic,103.0,4,Yes,97.0
1304-SEGFY,Two year,Fiber optic,97.85,0,No,0.0
7242-EDTYC,Two year,No,19.55,0,No,6.0
2904-GGUAZ,Two year,Fiber optic,84.05,0,No,0.0
8267-ZNYVZ,One year,Fiber optic,103.75,3,Yes,93.0
5136-GFPMB,Month-to-month,Fiber optic,89.4,0,No,13.0
2595-KIWPV,Two year,No,19.7,0,No,0.0
5243-SAOTC,Month-to-month,Fiber optic,79.85,0,No,10.0
9398-MMQTO,Month-to-month,Fiber optic,74.45,0,No,18.0
7619-PLRLP,One year,DSL,74.1,0,No,2.0
6457-GIRWB,Month-to-month,Fiber optic,69.35,0,Yes,100.0
6508-NJYRO,One year,No,18.8,0,No,1.0
1450-SKCVI,Month-to-month,Fiber optic,73.85,0,Yes,75.0
4710-NKCAW,Month-to-month,DSL,64.4,0,No,29.0
5306-BVTKJ,One year,DSL,55.8,0,No,2.0
0357-NVCRI,Month-to-month,No,20.05,2,No,0.0
5570-PTWEH,Month-to-month,Fiber optic,75.15,0,Yes,93.0
2371-KFUOG,One year,Fiber optic,99.15,0,No,1.0
0463-ZSDNT,Month-to-month,DSL,56.75,0,No,7.0
6502-MJQAE,Month-to-month,Fiber optic,69.6,0,Yes,100.0
6257-DTAYD,Two year,Fiber optic,104.15,0,No,0.0
4616-ULAOA,Two year,Fiber optic,110.8,0,No,0.0
7693-LCKZL,Month-to-month,Fiber optic,80.15,0,Yes,91.0
7746-AWNQW,Month-to-month,DSL,35.75,0,No,0.0
5996-EBTKM,Two year,DSL,69.9,1,No,3.0
2758-RNWXS,One year,Fiber optic,89.2,0,No,3.0
2314-TNDJQ,Two year,DSL,55.65,2,No,6.0
2405-LBMUW,One year,DSL,50.7,0,No,0.0
3454-JFUBC,Two year,No,20.0,0,No,0.0
0032-PGELS,Month-to-month,DSL,30.5,0,Yes,78.0
9039-ZVJDC,Month-to-month,No,19.1,0,No,8.0
6797-LNAQX,Two year,Fiber optic,98.3,6,Yes,83.0
9013-AQORL,Month-to-month,DSL,45.55,0,No,4.0
2898-MRKPI,One year,Fiber optic,101.05,0,No,0.0
2750-BJLSB,One year,Fiber optic,103.7,4,No,27.0
3648-GZPHF,One year,DSL,36.25,0,No,1.0
2075-RMJIK,Month-to-month,DSL,49.4,0,No,16.0
9588-YRFHY,Two year,No,19.9,0,No,0.0
6394-MFYNG,Month-to-month,Fiber optic,107.4,5,Yes,96.0
1564-NTYXF,Month-to-month,Fiber optic,82.0,0,Yes,93.0
9364-YKUVW,Month-to-month,No,19.8,0,No,6.0
5392-AKEMH,Month-to-month,DSL,45.05,0,No,56.0
2451-YMUXS,Two year,DSL,64.55,0,No,0.0
3914-FDRHP,Month-to-month,Fiber optic,86.25,0,No,20.0
3078-ZKNTS,Two year,No,19.75,0,No,4.0
1024-KPRBB,One year,Fiber optic,89.1,0,No,7.0
4690-PKDQG,Month-to-month,Fiber optic,95.55,2,No,32.0
8155-IBNHG,Month-to-month,Fiber optic,75.4,0,Yes,71.0
0886-QGENL,Month-to-month,Fiber optic,101.25,2,Yes,93.0
9547-ITEFG,Month-to-month,Fiber optic,102.6,0,No,22.0
1264-FUHCX,One year,DSL,56.3,0,No,4.0
7789-CRUVC,Month-to-month,Fiber optic,94.2,0,No,1.0
6598-KELSS,One year,DSL,43.05,0,No,0.0
8739-WWKDU,Month-to-month,Fiber optic,89.5,2,Yes,98.0
8685-WHQPW,Month-to-month,Fiber optic,74.4,0,Yes,81.0
4745-LSPLO,Month-to-month,No,20.5,0,Yes,72.0
8083-YTZES,Month-to-month,Fiber optic,74.35,0,Yes,81.0
7240-FQLHE,Month-to-month,Fiber optic,99.75,1,Yes,69.0
6664-FPDAC,One year,Fiber optic,111.95,6,Yes,86.0
9972-VAFJJ,One year,Fiber optic,94.0,0,No,0.0
0422-UXFAP,One year,Fiber optic,98.85,0,No,0.0
1904-WAJAA,Two year,DSL,64.35,0,No,2.0
5130-YPIRV,Two year,DSL,72.0,0,No,0.0
2843-CQMEG,Month-to-month,DSL,49.7,0,No,2.0
6439-PKTRR,Two year,DSL,80.7,0,No,0.0
5351-QESIO,Month-to-month,DSL,24.2,0,No,7.0
0786-VSSUD,Month-to-month,DSL,39.0,1,Yes,95.0
5568-DMXZS,Month-to-month,DSL,65.45,0,No,6.0
8468-FZTOE,Two year,DSL,74.35,7,No,10.0
6633-SYEUS,Month-to-month,Fiber optic,83.2,0,No,14.0
6447-GORXK,Month-to-month,DSL,25.0,0,No,9.0
6967-PEJLL,One year,DSL,40.2,0,No,0.0
3976-BWUCK,Month-to-month,Fiber optic,94.1,4,Yes,84.0
5981-ZVXOT,One year,Fiber optic,108.35,0,No,5.0
1684-FLBGS,Month-to-month,DSL,69.5,0,No,6.0
1389-WNUIB,One year,DSL,76.0,0,No,1.0
0376-OIWME,Month-to-month,Fiber optic,93.6,0,No,3.0
3585-ISXZP,Month-to-month,Fiber optic,95.65,0,Yes,92.0
0218-QNVAS,One year,Fiber optic,100.55,0,No,1.0
6583-QGCSI,Month-to-month,Fiber optic,88.05,5,Yes,92.0
0804-YGEQV,One year,No,24.45,0,No,0.0
7164-BPTUT,Two year,DSL,89.55,0,No,0.0
4174-LPGTI,One year,DSL,66.5,4,Yes,78.0
2523-EWWZL,Month-to-month,Fiber optic,76.1,0,No,10.0
0928-XUTSN,Month-to-month,Fiber optic,80.5,0,No,18.0
2108-XWMPY,Month-to-month,DSL,35.45,1,Yes,89.0
0052-YNYOT,One year,No,20.55,0,No,2.0
6304-IJFSQ,Month-to-month,DSL,49.9,0,Yes,74.0
9586-JGQKH,Two year,Fiber optic,105.4,0,No,0.0
4501-VCPFK,Month-to-month,DSL,35.75,0,No,3.0
6075-SLNIL,Month-to-month,Fiber optic,95.1,0,No,1.0
9347-AERRL,One year,No,19.3,0,No,0.0
0093-XWZFY,Month-to-month,Fiber optic,104.5,5,Yes,99.0
2274-XUATA,Two year,DSL,63.1,3,No,1.0
1980-KXVPM,Month-to-month,Fiber optic,75.05,0,Yes,91.0
7703-ZEKEF,Month-to-month,Fiber optic,81.0,0,Yes,75.0
0723-DRCLG,Month-to-month,Fiber optic,74.45,0,Yes,86.0
5482-NUPNA,Month-to-month,DSL,60.4,0,Yes,76.0
6691-CCIHA,Two year,DSL,84.95,0,No,0.0
1685-BQULA,Month-to-month,Fiber optic,93.4,0,No,4.0
9053-EJUNL,Month-to-month,Fiber optic,89.2,0,No,6.0
0666-UXTJO,Month-to-month,Fiber optic,85.2,0,No,9.0
1471-GIQKQ,Month-to-month,DSL,49.95,0,No,7.0
4807-IZYOZ,Two year,No,20.65,0,No,1.0
1122-JWTJW,Month-to-month,Fiber optic,70.65,0,Yes,91.0
9710-NJERN,Two year,No,20.15,0,No,0.0
9837-FWLCH,Month-to-month,No,19.2,0,No,16.0
1699-HPSBG,One year,DSL,59.8,0,Yes,73.0
7203-OYKCT,One year,Fiber optic,104.95,0,No,1.0
1035-IPQPU,Month-to-month,Fiber optic,103.5,0,No,1.0
7398-LXGYX,Month-to-month,Fiber optic,84.8,0,No,5.0
2823-LKABH,Month-to-month,Fiber optic,95.05,0,No,19.0
8775-CEBBJ,Month-to-month,DSL,44.2,0,Yes,70.0
0550-DCXLH,Month-to-month,DSL,73.35,0,No,13.0
9281-CEDRU,Two year,DSL,64.1,0,No,0.0
2235-DWLJU,Month-to-month,DSL,44.4,0,No,26.0
0871-OPBXW,Month-to-month,No,20.05,0,No,3.0
3605-JISKB,One year,DSL,60.0,0,No,2.0
6894-LFHLY,Month-to-month,Fiber optic,75.75,0,Yes,99.0
9767-FFLEM,Month-to-month,Fiber optic,69.5,0,No,7.0
0639-TSIQW,Month-to-month,Fiber optic,102.95,7,Yes,72.0
8456-QDAVC,Month-to-month,Fiber optic,78.7,0,No,12.0
7750-EYXWZ,One year,DSL,60.65,0,No,5.0
2569-WGERO,Two year,No,21.15,0,No,0.0
6840-RESVB,One year,DSL,84.8,0,No,0.0
2234-XADUH,One year,Fiber optic,103.2,5,No,25.0
4801-JZAZL,Month-to-month,DSL,29.6,0,No,10.0
8361-LTMKD,Month-to-month,Fiber optic,74.4,0,Yes,86.0
3186-AJIEK,Two year,Fiber optic,105.65,0,No,1.0
